id_snisb;nome;municipio;orgao_fiscalizador;empreendedor;curso_dagua;codigo_trecho_curso_dagua;relacao_com_cuiaba;categoria_risco;dano_potencial_associado;classe_cnrh;altura_m;capacidade_hm3;uso_principal;fase_de_vida;possui_plano_de_seguranca;possui_pae;data_ultima_inspecao;latitude;longitude
20601;UHE Manso - Dique 2;Chapada dos Guimarães;Agência Nacional de Energia Elétrica - ANEEL;PRODUTORES ENERGETICOS DE MANSO S/A - PROMAN;Córrego Grande;89678;montante;Baixo;Alto;A;12.0;7337.0;Hidroelétrica;Operação;Sim;Sim;;-14.857199999999978;-55.786400000000015
20602;UHE Manso - Dique 3;Chapada dos Guimarães;Agência Nacional de Energia Elétrica - ANEEL;PRODUTORES ENERGETICOS DE MANSO S/A - PROMAN;Córrego Grande;89678;montante;Baixo;Alto;A;16.0;7337.0;Hidroelétrica;Operação;Sim;Sim;;-14.857199999999978;-55.77420000000001
20603;UHE Manso - Dique 4;Chapada dos Guimarães;Agência Nacional de Energia Elétrica - ANEEL;PRODUTORES ENERGETICOS DE MANSO S/A - PROMAN;Córrego Grande;89678;montante;Baixo;Alto;A;4.0;7337.0;Hidroelétrica;Operação;Sim;Sim;;-14.851099999999974;-55.755600000000015
20604;UHE Manso - Dique 5;Chapada dos Guimarães;Agência Nacional de Energia Elétrica - ANEEL;PRODUTORES ENERGETICOS DE MANSO S/A - PROMAN;Córrego Grande;89678;montante;Baixo;Alto;A;9.0;7337.0;Hidroelétrica;Operação;Sim;Sim;;-14.847800000000007;-55.74860000000001
20605;UHE Manso - Dique 6;Chapada dos Guimarães;Agência Nacional de Energia Elétrica - ANEEL;PRODUTORES ENERGETICOS DE MANSO S/A - PROMAN;Córrego Grande;89678;montante;Baixo;Alto;A;8.0;7337.0;Hidroelétrica;Operação;Sim;Sim;;-14.841700000000003;-55.74079999999998
20606;UHE Manso - Dique 7;Chapada dos Guimarães;Agência Nacional de Energia Elétrica - ANEEL;PRODUTORES ENERGETICOS DE MANSO S/A - PROMAN;Córrego Grande;89678;montante;Baixo;Alto;A;8.0;7337.0;Hidroelétrica;Operação;Sim;Sim;;-14.840300000000013;-55.73750000000001
27954;Lago Recreativo Cuiabá;Cuiabá;MT - Secretaria de Estado do Meio Ambiente - SEMA;GBF NEGÓCIOS IMOBILIÁRIOS LTDA;Córrego do Ouro;89657544;montante;Não Classificado;Alto;;20.0;6.66;Recreação;Construção;Não;;;-15.457111111000017;-56.106583333
5490;Fazenda Dona Leila - RESERVATÓRIO 1;Rosário Oeste;MT - Secretaria de Estado do Meio Ambiente - SEMA;VIDEPLAST INDUSTRIA DE EMBALAGEM - LTDA;Ribeirão Grande;896592;montante;Não Classificado;Baixo;;5.75;3.825;Aquicultura;Operação;Não;;;-15.106944444000021;-56.50916666699999
35396;Fazenda São José;Rosário Oeste;MT - Secretaria de Estado do Meio Ambiente - SEMA;GILBERTO EGLAIR POSSAMAI;Córrego Jacarezinho;896638;montante;Médio;Médio;C;10.91;3.441;Recreação;Operação;Não;;;-14.681111111000007;-55.815944444000024
340;Piscicultura São Rafael;Nossa Senhora do Livramento;MT - Secretaria de Estado do Meio Ambiente - SEMA;SILMAR DE SOUZA GONÇALVEZ;Rio Jangada;89658;montante;Não Classificado;Baixo;;6.47;3.038;Aquicultura;Operação;Não;;;-15.590222222000023;-56.78241666700001
34857;Barragem I Jangada Agropastoril;Jangada;MT - Secretaria de Estado do Meio Ambiente - SEMA;Jangada Agropastoril Ltda.;Rio Jangada;89658;montante;Médio;Médio;C;7.29;2.08;Irrigação;Operação;Não;;;-15.236055555999997;-56.57469444399999
8010;Faz. Dona Leila - Reservatório 13;Rosário Oeste;MT - Secretaria de Estado do Meio Ambiente - SEMA;VIDEPLAST INDUSTRIA DE EMBALAGEM - LTDA;Ribeirão Grande;896592;montante;Não se Aplica;Baixo;;4.85;2.021;Aquicultura;Operação;Não;;;-15.096000000000004;-56.48399999999998
586;BR BOSCO;Nossa Senhora do Livramento;Agência Nacional de Mineração - ANM;MAX JOEL RUSSI;Córrego Tarumã;8965742;montante;Médio;Médio;C;20.61;1.985;Contenção de rejeitos de mineração;Operação;Sim;Sim;2020-10-21;-15.65635583300002;-56.33784083299997
27624;Barragem_Valdenir2;Nossa Senhora do Livramento;Agência Nacional de Mineração - ANM;CLAUDIO HENRIQUE TEODORO DE ALMEIDA;Córrego Tarumã;8965742;montante;Médio;Baixo;D;8.0;1.8;Contenção de rejeitos de mineração;Operação;Não;;;-15.621347221999997;-56.276791667
5573;BR SANTA 01;Nossa Senhora do Livramento;Agência Nacional de Mineração - ANM;SANTA FELICIDADE MINERACAO SPE LTDA;Córrego Tarumã;8965742;montante;Médio;Médio;C;18.0;1.525;Contenção de rejeitos de mineração;Desativada;Sim;Sim;2024-10-30;-15.659775000000025;-56.35403611100003
26146;Barragem TB;Cuiabá;Agência Nacional de Mineração - ANM;COOPERATIVA DE EXTRACAO MINERAL DE NOSSA SENHORA DO LIVRAMENTO;Ribeirão da Ponte ou Olipa;8965752;montante;Baixo;Baixo;E;;1.507;Contenção de rejeitos de mineração;Construção;Não;;;-15.510619443999985;-56.04776944399998
20049;Fazenda Murici Sesmaria Molhado;Nossa Senhora do Livramento;MT - Secretaria de Estado do Meio Ambiente - SEMA;MARIO ARDENES DIAS RIBEIRO;Rio Jangada;89658992;montante;Não Classificado;Baixo;;9.0;1.4;Aquicultura;Operação;Não;;;-15.658916667000028;-56.81541666700002
5603;Barragem de Rejeitos Bom Futuro;Nossa Senhora do Livramento;Agência Nacional de Mineração - ANM;A C S MINERACAO;Rio Pari;896574;montante;Alto;Médio;B;15.0;1.318;Contenção de rejeitos de mineração;Operação;Sim;Sim;2024-10-31;-15.65927777799999;-56.28508333299999
20617;PCH Casca III - Casca III;Chapada dos Guimarães;Agência Nacional de Energia Elétrica - ANEEL;APIACAS ENERGIA S.A.;Rio da Casca;89694;montante;Baixo;Baixo;E;38.0;1.24;Hidroelétrica;Operação;Sim;Não;;-15.357500000000016;-55.453599999999994
8009;Faz. Dona Leila - Reservatório 12;Rosário Oeste;MT - Secretaria de Estado do Meio Ambiente - SEMA;VIDEPLAST INDUSTRIA DE EMBALAGEM - LTDA;Ribeirão Grande;896592;montante;Não se Aplica;Baixo;;4.52;1.155;Aquicultura;Operação;Não;;;-15.102199999999982;-56.48700000000002
5560;Barragem de Rejeito Estrela;Nossa Senhora do Livramento;Agência Nacional de Mineração - ANM;HEUREKA MINERACAO LTDA;Córrego Pirapora;8965744;montante;Alto;Alto;A;18.0;1.025;Contenção de rejeitos de mineração;Operação;Sim;Sim;2022-12-19;-15.650278333000017;-56.387022221999985
27937;BRAVO 1;Várzea Grande;Agência Nacional de Mineração - ANM;NAGELLA CHRISSIE BRAVO SERRA;Ribeirão Espinheiro;896578;montante;Baixo;Médio;C;23.0;0.941;Contenção de rejeitos de mineração;Operação;Sim;Sim;2024-11-26;-15.466513888999998;-56.460895832999995
31954;SS RANCH;Cuiabá;MT - Secretaria de Estado do Meio Ambiente - SEMA;GILMAR NOGUEIRA SCHEFFER;Córrego do Ouro;89657544;montante;Não se Aplica;Médio;;10.5;0.933;Regularização de vazão;Projeto;Sim;Sim;2024-07-06;-15.456694443999993;-56.126583332999985
21940;BR PIRÂMIDE;Nossa Senhora do Livramento;Agência Nacional de Mineração - ANM;SANTA FELICIDADE MINERACAO SPE LTDA;Córrego Tarumã;8965742;montante;Médio;Médio;C;15.0;0.898;Contenção de rejeitos de mineração;Operação;Sim;Sim;2021-12-06;-15.661886111000001;-56.34405277799999
20048;Fazenda Murici Sesmaria Molhado;Nossa Senhora do Livramento;MT - Secretaria de Estado do Meio Ambiente - SEMA;MARIO ARDENES DIAS RIBEIRO;Rio Jangada;89658992;montante;Não Classificado;Baixo;;8.0;0.893;Recreação;Operação;Não;;;-15.663694443999987;-56.810444443999984
34856;Barragem GMX;Nossa Senhora do Livramento;Agência Nacional de Mineração - ANM;MAX JOEL RUSSI;Córrego Tarumã;8965742;montante;Baixo;Baixo;E;;0.891;Contenção de rejeitos de mineração;Construção;Não;;;-15.661883332999992;-56.33473055600001
588;BR SANTA FELICIDADE;Nossa Senhora do Livramento;Agência Nacional de Mineração - ANM;SANTA FELICIDADE MINERACAO SPE LTDA;Córrego Tarumã;8965742;montante;Médio;Médio;C;21.0;0.814;Contenção de rejeitos de mineração;Operação;Sim;Sim;2020-10-21;-15.663845832999982;-56.352613889
5559;Barragem de Rejeito Estrela 03;Nossa Senhora do Livramento;Agência Nacional de Mineração - ANM;HEUREKA MINERACAO LTDA;Córrego Pirapora;8965744;montante;Alto;Alto;A;10.0;0.695;Contenção de rejeitos de mineração;Desativada;Sim;Sim;2022-12-19;-15.654638889000012;-56.38876388900002
26538;Sitio Pirapora;Nossa Senhora do Livramento;MT - Secretaria de Estado do Meio Ambiente - SEMA;BENEDITO NORBERTO DE BARROS;Rio Pari;896574;montante;Alto;Baixo;C;8.0;0.683;Aquicultura;Operação;Não;;;-15.652361111000005;-56.483222221999995
36689;Barragem I - Fazenda Pouso da Garça;Cuiabá;MT - Secretaria de Estado do Meio Ambiente - SEMA;;Ribeirão Dois Córregos;89657542;montante;Médio;Baixo;D;7.1;0.501;Paisagismo;Operação;Não;;;-15.467388889000006;-56.16988888899999
7994;Faz. Cabeça Branca - Barragem 01;Nossa Senhora do Livramento;MT - Secretaria de Estado do Meio Ambiente - SEMA;ERALDO COIADO;Rio Jangada;89658;montante;Não se Aplica;Baixo;;10.0;0.458;Aquicultura;Operação;Não;;;-15.586999999999989;-56.809000000000026
26131;BARRAGEM JVR;Cuiabá;Agência Nacional de Mineração - ANM;JOAO ROBERTO CARDOSO;Ribeirão da Ponte ou Olipa;8965752;montante;Médio;Alto;A;20.75;0.407;Contenção de rejeitos de mineração;Operação;Sim;Sim;2021-09-06;-15.534016667000003;-56.05063611100002
35637;BA-01;Nossa Senhora do Livramento;MT - Secretaria de Estado do Meio Ambiente - SEMA;SANTA FELICIDADE MINERACAO SPE LTDA;Córrego Tarumã;8965742;montante;Médio;Baixo;D;6.8;0.385;Industrial;;Não;;;-15.659722222000028;-56.35444444400002
8008;Estância Recreio;Nossa Senhora do Livramento;MT - Secretaria de Estado do Meio Ambiente - SEMA;VANIA ROBERTA DE OLIVEIRA SANCHES E OUTRA;Rio Pari;896574;montante;Não se Aplica;Baixo;;7.0;0.367;Aquicultura;Operação;Não;;;-15.648861110999974;-56.49727777800001
5563;Santa Maria;Nossa Senhora do Livramento;Agência Nacional de Mineração - ANM;JOSE MARIA OTAVIO MARTINS DUARTE;Córrego Pirapora;8965744;montante;Alto;Médio;B;18.0;0.35;Contenção de rejeitos de mineração;Operação;Sim;Sim;2019-12-26;-15.647963888999982;-56.381338889000006
22009;BR SANTA FELICIDADE 02;Nossa Senhora do Livramento;Agência Nacional de Mineração - ANM;SANTA FELICIDADE MINERACAO SPE LTDA;Córrego Tarumã;8965742;montante;Baixo;Baixo;E;19.0;0.331;Contenção de rejeitos de mineração;Operação;Sim;Sim;2026-05-19;-15.664294444000006;-56.35454722200001
20754;Fazenda 3 irmãos;Cuiabá;MT - Secretaria de Estado do Meio Ambiente - SEMA;Dorismar Rodrigues dos Santos;Ribeirão Dois Córregos;89657542;montante;Não se Aplica;Baixo;;4.5;0.316;Aquicultura;Operação;Não;;;-15.360666666999975;-56.10419444399997
7992;Fazenda Cabeça Branca - Barragem 03;Nossa Senhora do Livramento;MT - Secretaria de Estado do Meio Ambiente - SEMA;ERALDO COIADO;Córrego Taquara;8965896;montante;Não se Aplica;Baixo;;8.0;0.306;Aquicultura;Operação;Não;;;-15.579999999999984;-56.81900000000002
26171;MULTI 1;Nossa Senhora do Livramento;Agência Nacional de Mineração - ANM;Ricardo Padilla de Bordon Neves;Córrego Tarumã;8965742;montante;Baixo;Baixo;E;5.0;0.283;Contenção de rejeitos de mineração;Desativada;Não;;;-15.639036110999996;-56.340294443999994
5562;Barragem de Rejeito Estrela 02;Nossa Senhora do Livramento;Agência Nacional de Mineração - ANM;HEUREKA MINERACAO LTDA;Córrego Pirapora;8965744;montante;Alto;Alto;A;9.0;0.283;Contenção de rejeitos de mineração;Desativada;Sim;Sim;2022-12-19;-15.654633332999992;-56.385850000000005
35150;Fazenda Curió - Barramento I;Rosário Oeste;MT - Secretaria de Estado do Meio Ambiente - SEMA;VALDIR DAROIT;Ribeirão Grande;896592;montante;Médio;Médio;C;5.04;0.28;Paisagismo;Operação;Não;;;-15.096416667000028;-56.54847222199999
5339;ESTÂNCIA RANCHO DOURADO;Várzea Grande;MT - Secretaria de Estado do Meio Ambiente - SEMA;IGOR CESAR DAVOGLIO;Ribeirão Esmeril;8965756;montante;Não Classificado;Não Classificado;;4.6;0.223;Aquicultura;Operação;Não;;;-15.490833333000012;-56.291666667000015
35119;BARRAGEM ROSA CRISTINA I;Várzea Grande;MT - Secretaria de Estado do Meio Ambiente - SEMA;IGOR CESAR DAVOGLIO;Ribeirão Esmeril;8965756;montante;Médio;Médio;C;5.5;0.19;Aquicultura;;Não;;;-15.488249999999994;-56.292944444
32445;Mangaba e Aterrado;Cuiabá;MT - Secretaria de Estado do Meio Ambiente - SEMA;MANGABA URBANISMO LTDA;Rio Bandeira;8965754;montante;Não Classificado;Baixo;;7.4;0.159;Regularização de vazão;Projeto;Não;;;-15.424888888999988;-56.037583332999986
35477;Barramento III - Fazenda São José I;Rosário Oeste;MT - Secretaria de Estado do Meio Ambiente - SEMA;GILBERTO EGLAIR POSSAMAI;Ribeirão Marzagão;89664;montante;Médio;Baixo;D;3.49;0.157;Aquicultura;Operação;Não;;;-14.642444443999977;-55.805666667000025
20196;Afluente do Pitomba;Várzea Grande;MT - Secretaria de Estado do Meio Ambiente - SEMA;INBESP – IND. E BENEF. DE SUBPROD. DE ORIGEM ANIMAL LTDA;Rio Pari;896574;montante;Não Classificado;Baixo;;12.5;0.157;Industrial;Operação;Não;;;-15.634805556000003;-56.22258333299999
29888;BARRAGEM FAZENDA PANFLORA;Rosário Oeste;MT - Secretaria de Estado do Meio Ambiente - SEMA;PANFLORA AGROFLORESTAL LTDA;Ribeirão Grande;896592;montante;Não Classificado;Não Classificado;;3.8;0.141;Dessedentação Animal;Operação;Não;;;-15.084666667000022;-56.559944443999996
35115;Barragem XIX;Nossa Senhora do Livramento;MT - Secretaria de Estado do Meio Ambiente - SEMA;SILMAR DE SOUZA GONÇALVEZ;Ribeirão dos Peixes;8965898;montante;Médio;Baixo;D;6.84;0.13;Aquicultura;Operação;Não;;;-15.604888888999994;-56.795500000000004
34731;Barragem 2  Principal;Cuiabá;MT - Secretaria de Estado do Meio Ambiente - SEMA;Cidade Jardim Incorporações de Empreendimentos Imobiliários Ltda.;Rio Bandeira;8965754;montante;Médio;Baixo;D;4.0;0.12;Paisagismo;Operação;Não;;;-15.46408333300002;-56.060916667000015
8006;VALE DOURADO;Rosário Oeste;Agência Nacional de Mineração - ANM;Marcir Norberto Weber;Ribeirão da Cutia;8965956;montante;Médio;Baixo;D;8.0;0.117;Contenção de rejeitos de mineração;Operação;Não;;;-14.84354166700001;-56.562963889
36690;Barragem II - Fazenda Pouso da Garça;Cuiabá;MT - Secretaria de Estado do Meio Ambiente - SEMA;BOLIVAR PUFAL JUNIOR;Ribeirão Dois Córregos;89657542;montante;Médio;Baixo;D;4.14;0.109;Paisagismo;Operação;Não;;;-15.461555556000008;-56.16877777799999
36691;Barragem III - Fazenda Pouso da Garça;Cuiabá;MT - Secretaria de Estado do Meio Ambiente - SEMA;BOLIVAR PUFAL JUNIOR;Ribeirão Dois Córregos;89657542;montante;Médio;Baixo;D;5.42;0.105;Paisagismo;Operação;Não;;;-15.459805555999992;-56.169666667
32261;Represa da Estrada;Cuiabá;MT - Secretaria de Estado do Meio Ambiente - SEMA;Dorismar Rodrigues dos Santos;Ribeirão Dois Córregos;89657542;montante;Médio;Médio;C;5.1;0.1;Aquicultura;Operação;Não;;;-15.358749999999986;-56.10994444400001
20047;Fazenda Murici Sesmaria Molhado;Nossa Senhora do Livramento;MT - Secretaria de Estado do Meio Ambiente - SEMA;MARIO ARDENES DIAS RIBEIRO;Rio Jangada;89658992;montante;Não Classificado;Baixo;;4.0;0.091;Aquicultura;Operação;Não;;;-15.661277777999999;-56.81552777799999
34733;BARRAGEM 2 SUPERIOR;Cuiabá;MT - Secretaria de Estado do Meio Ambiente - SEMA;Cidade Jardim Incorporações de Empreendimentos Imobiliários Ltda.;Rio Bandeira;8965754;montante;Não Classificado;Baixo;;3.53;0.086;Paisagismo;;Não;;;-15.461444443999994;-56.056833332999986
7993;Faz. Cabeça Branca - Barragem 02;Nossa Senhora do Livramento;MT - Secretaria de Estado do Meio Ambiente - SEMA;ERALDO COIADO;Córrego Taquara;8965896;montante;Não se Aplica;Baixo;;6.0;0.086;Aquicultura;Operação;Não;;;-15.58499999999998;-56.817999999999984
35136;Barramento 4;Cuiabá;MT - Secretaria de Estado do Meio Ambiente - SEMA;São Benedito Urbanismo LTDA;Rio Bandeira;8965754;montante;Baixo;Baixo;E;6.0;0.082;Paisagismo;Operação;Não;;;-15.488972221999973;-56.16788888899998
35180;Barramento 7;Cuiabá;MT - Secretaria de Estado do Meio Ambiente - SEMA;São Benedito Urbanismo LTDA;Ribeirão Dois Córregos;89657542;montante;Médio;Baixo;D;6.0;0.074;Paisagismo;Operação;Não;;;-15.495166666999978;-56.17786111100003
36516;Barramento 3;Cuiabá;MT - Secretaria de Estado do Meio Ambiente - SEMA;São Benedito Urbanismo LTDA;Rio Bandeira;8965754;montante;Não Classificado;Baixo;;5.0;0.072;Paisagismo;Projeto;Não;;;-15.487500000000011;-56.16655555599999
27626;Barragem - Valdenir;Nossa Senhora do Livramento;Agência Nacional de Mineração - ANM;CLAUDIO HENRIQUE TEODORO DE ALMEIDA;Córrego Tarumã;8965742;montante;Médio;Baixo;D;14.68;0.072;Contenção de rejeitos de mineração;Operação;Não;;;-15.621726943999988;-56.275935833000005
7990;Faz. Cabeça Branca - Barragem 05;Nossa Senhora do Livramento;MT - Secretaria de Estado do Meio Ambiente - SEMA;ERALDO COIADO;Córrego Taquara;8965896;montante;Não se Aplica;Baixo;;2.3;0.067;Aquicultura;Operação;Não;;;-15.576000000000022;-56.81900000000002
35116;Barragem XVIII;Nossa Senhora do Livramento;MT - Secretaria de Estado do Meio Ambiente - SEMA;SILMAR DE SOUZA GONÇALVEZ;Ribeirão dos Peixes;8965898;montante;Médio;Baixo;D;5.7;0.061;Aquicultura;Operação;Não;;;-15.605999999999995;-56.791805555999986
32421;Barragem 03 – Fazenda 3 Irmãos;Cuiabá;MT - Secretaria de Estado do Meio Ambiente - SEMA;Dorismar Rodrigues dos Santos;Ribeirão Dois Córregos;89657542;montante;Médio;Médio;C;6.59;0.05;Aquicultura;Operação;Não;;;-15.36069444399999;-56.104166667000015
35231;Fazenda Jangada Agropastoril - Barragem a montante;Jangada;MT - Secretaria de Estado do Meio Ambiente - SEMA;Jangada Agropastoril Ltda.;Rio Jangada;89658;montante;Baixo;Baixo;E;5.65;0.05;Recreação;Operação;Não;;;-15.256111110999996;-56.516055556000026
20177;Faz. Carvalho;Nobres;MT - Secretaria de Estado do Meio Ambiente - SEMA;ANTONIO SILVA DE CARVALHO;Rio das Pacas;896634;montante;Não Classificado;Baixo;;5.0;0.05;Aquicultura;Operação;Não;;;-14.616833332999988;-55.92416666700001
21935;córrego Sapateiro;Várzea Grande;MT - Secretaria de Estado do Meio Ambiente - SEMA;INBESP – IND. E BENEF. DE SUBPROD. DE ORIGEM ANIMAL LTDA;Rio Pari;896574;montante;Não Classificado;Baixo;;7.0;0.048;Industrial;Operação;Não;;;-15.623777777999976;-56.21580555600002
35102;Barragem XVII;Nossa Senhora do Livramento;MT - Secretaria de Estado do Meio Ambiente - SEMA;SILMAR DE SOUZA GONÇALVEZ;Rio Jangada;89658;montante;Médio;Baixo;D;4.9;0.047;Aquicultura;Operação;Não;;;-15.589777777999984;-56.781361111000024
35108;Barragem VI (montante);Nossa Senhora do Livramento;MT - Secretaria de Estado do Meio Ambiente - SEMA;SILMAR DE SOUZA GONÇALVEZ;Córrego Fura Mato;8965882;montante;Médio;Baixo;D;3.2;0.046;Aquicultura;Operação;Não;;;-15.620166666999978;-56.77116666699999
4931;PCH Casca II - B01 - CASCA I;Chapada dos Guimarães;Agência Nacional de Energia Elétrica - ANEEL;APIACAS ENERGIA S.A.;Rio da Casca;89694;montante;Baixo;Baixo;E;6.0;0.043;Hidroelétrica;Operação;Não;;;-15.364199999999983;-55.43470000000002
20618;PCH Casca II - B02 - Ponte Alta;Chapada dos Guimarães;Agência Nacional de Energia Elétrica - ANEEL;APIACAS ENERGIA S.A.;Rio da Casca;89694;montante;Baixo;Baixo;E;3.0;0.043;Hidroelétrica;Operação;Não;;;-15.364199999999983;-55.43470000000002
35181;Barramento 6;Cuiabá;MT - Secretaria de Estado do Meio Ambiente - SEMA;São Benedito Urbanismo LTDA;Ribeirão Dois Córregos;89657542;montante;Médio;Baixo;D;4.0;0.038;Paisagismo;Operação;Não;;;-15.492583333000027;-56.176888889
20138;Fazenda Santa Luzia;Várzea Grande;MT - Secretaria de Estado do Meio Ambiente - SEMA;RENATO CUSTÓDIO PINTO;Ribeirão Esmeril;8965756;montante;Não Classificado;Baixo;;6.0;0.037;Aquicultura;Operação;Não;;;-15.53022222200002;-56.28472222200003
20141;Chapéu do Sol;Várzea Grande;MT - Secretaria de Estado do Meio Ambiente - SEMA;JUAREZ DUCTIEVICZ;Rio Pari;896574;montante;Não Classificado;Baixo;;8.0;0.035;Aquicultura;Operação;Não;;;-15.602666666999994;-56.18541666700003
37396;Solimões Indústria e Comércio de Óleos e Proteínas Ltda ? Barragem I;Nossa Senhora do Livramento;MT - Secretaria de Estado do Meio Ambiente - SEMA;Solimões Indústria e Comércio de Óleos e Proteínas Ltda;Rio Pari;896574;montante;Médio;Baixo;D;4.27;0.034;Dessedentação Animal;Operação;Não;;;-15.623416667000015;-56.21583333299998
35147;Fazenda Curió - Barramento 3;Rosário Oeste;MT - Secretaria de Estado do Meio Ambiente - SEMA;VALDIR DAROIT;Ribeirão Grande;896592;montante;Médio;Baixo;D;3.41;0.029;Paisagismo;Operação;Não;;;-15.09997222200002;-56.529027778
35000;Barragem 01 - Fazenda 3 Irmãos;Cuiabá;MT - Secretaria de Estado do Meio Ambiente - SEMA;Dorismar Rodrigues dos Santos;Ribeirão Dois Córregos;89657542;montante;Médio;Baixo;D;5.1;0.028;Aquicultura;Operação;Não;;;-15.358749999999986;-56.10994444400001
7989;Faz. Cabeça Branca - Barragem 06;Nossa Senhora do Livramento;MT - Secretaria de Estado do Meio Ambiente - SEMA;ERALDO COIADO;Córrego Taquara;8965896;montante;Não se Aplica;Baixo;;2.3;0.025;Aquicultura;Operação;Não;;;-15.576999999999998;-56.821000000000026
35229;Fazenda Jangada Agropastoril II - Barragem Principal;Jangada;MT - Secretaria de Estado do Meio Ambiente - SEMA;Jangada Agropastoril Ltda.;Rio Jangada;89658;montante;Médio;Baixo;D;4.72;0.02;Recreação;Operação;Não;;;-15.257138888999975;-56.513944444
36517;Barramento 2 (Montante);Cuiabá;MT - Secretaria de Estado do Meio Ambiente - SEMA;São Benedito Urbanismo LTDA;Rio Bandeira;8965754;montante;Não se Aplica;Baixo;;3.0;0.018;Paisagismo;Projeto;Não;;;-15.483666667000023;-56.166305556
7991;Faz. Cabeça Branca - Barragem 04;Nossa Senhora do Livramento;MT - Secretaria de Estado do Meio Ambiente - SEMA;ERALDO COIADO;Córrego Taquara;8965896;montante;Não se Aplica;Baixo;;2.3;0.018;Aquicultura;Operação;Não;;;-15.576999999999998;-56.81900000000002
33960;Barramento 1 - Mangaba Urbanismo LTDA;Cuiabá;MT - Secretaria de Estado do Meio Ambiente - SEMA;MANGABA URBANISMO LTDA;Rio Bandeira;8965754;montante;Não Classificado;Baixo;;4.0;0.017;Paisagismo;Projeto;Não;;;-15.424444444000017;-56.04694444400002
35107;Barragem VII (montante);Nossa Senhora do Livramento;MT - Secretaria de Estado do Meio Ambiente - SEMA;SILMAR DE SOUZA GONÇALVEZ;Córrego Fura Mato;8965882;montante;Médio;Baixo;D;2.55;0.016;Aquicultura;Operação;Não;;;-15.62033333300002;-56.77030555599998
34732;BARRAGEM 1;Cuiabá;MT - Secretaria de Estado do Meio Ambiente - SEMA;Cidade Jardim Incorporações de Empreendimentos Imobiliários Ltda.;Rio Bandeira;8965754;montante;Médio;Baixo;D;3.0;0.014;Paisagismo;Operação;Não;;;-15.461916667000025;-56.05241666699999
33355;Barramento 2 - Mangaba Urbanismo LTDA;Cuiabá;MT - Secretaria de Estado do Meio Ambiente - SEMA;MANGABA URBANISMO LTDA;Rio Bandeira;8965754;montante;Não Classificado;Baixo;;7.96;0.014;Paisagismo;Projeto;Não;;;-15.423277778;-56.04525000000001
35182;Barramento 5;Cuiabá;MT - Secretaria de Estado do Meio Ambiente - SEMA;São Benedito Urbanismo LTDA;Ribeirão Dois Córregos;89657542;montante;Médio;Baixo;D;4.0;0.012;Paisagismo;Operação;Não;;;-15.490611111000021;-56.17602777799999
35106;Barragem VIII (principal);Nossa Senhora do Livramento;MT - Secretaria de Estado do Meio Ambiente - SEMA;SILMAR DE SOUZA GONÇALVEZ;Córrego Fura Mato;8965882;montante;Médio;Baixo;D;1.9;0.012;Aquicultura;Operação;Não;;;-15.620138888999975;-56.76941666699997
32398;Barragem 02 – Fazenda 3 Irmãos;Cuiabá;MT - Secretaria de Estado do Meio Ambiente - SEMA;Dorismar Rodrigues dos Santos;Ribeirão Dois Córregos;89657542;montante;Médio;Baixo;D;3.55;0.01;Aquicultura;Operação;Não;;;-15.354388889000006;-56.10316666699998
31620;Loteamento Brisas do Campo;Cuiabá;MT - Secretaria de Estado do Meio Ambiente - SEMA;GMP 75 EMPREENDIMENTOS IMOBILIARIOS LTDA;Rio Bandeira;8965754;montante;Não Classificado;Baixo;;3.0;0.008;Recreação;Projeto;Não;;;-15.49475000000001;-56.11513888899998
26156;Barragem JL;Nossa Senhora do Livramento;Agência Nacional de Mineração - ANM;Marcus Vítor Nunes Lindote;Córrego Tarumã;8965742;montante;Baixo;Baixo;E;3.0;0.008;Contenção de rejeitos de mineração;Operação;Não;;;-15.676077777999978;-56.36579444400002
31578;Barragem Taguá;Cuiabá;MT - Secretaria de Estado do Meio Ambiente - SEMA;TAGUÁ AGROPECUÁRIA LTDA;Rio Bandeira;8965754;montante;Médio;Baixo;D;3.0;0.007;Dessedentação Animal;Operação;Não;;;-15.421777777999978;-56.074027778000016
36539;Barramento Pé de Pequi I;Chapada dos Guimarães;MT - Secretaria de Estado do Meio Ambiente - SEMA;Ivan Tadeu Bezerra;Ribeirão Mutum;89676;montante;Médio;Baixo;D;5.12;0.004;Abastecimento humano;Operação;Não;;;-15.047694444000001;-55.954361111000026
34734;BARRAGEM 3;Cuiabá;MT - Secretaria de Estado do Meio Ambiente - SEMA;Cidade Jardim Incorporações de Empreendimentos Imobiliários Ltda.;Rio Bandeira;8965754;montante;Médio;Baixo;D;3.0;0.004;Paisagismo;Operação;Não;;;-15.464583333000007;-56.06419444400001
27940;Estância 2R - Retiro Vista Alegre;Rosário Oeste;MT - Secretaria de Estado do Meio Ambiente - SEMA;Rodrigo Ferreira da Silva;Ribeirão do Engenho;8965932;montante;Baixo;Baixo;E;3.0;0.003;Dessedentação Animal;Operação;Não;;;-15.031999999999982;-56.32011111100002
35027;Barramento ? Fazenda Jardim;Cuiabá;MT - Secretaria de Estado do Meio Ambiente - SEMA;Jamir Fernando Jardim Prates;Rio Coxipó-açu;896576;montante;Médio;Baixo;D;1.6;0.001;Irrigação;Operação;Não;;;-15.102527778000024;-55.99791666700003
26534;Fazenda KM;Cuiabá;MT - Secretaria de Estado do Meio Ambiente - SEMA;Khalil Mikhail Malouf;SEM NOME;8965768;montante;Alto;Baixo;C;3.0;0.001;Abastecimento humano;Operação;Não;;;-15.214833333000001;-55.91300000000001
29384;BR SANTA FELICIDADE 04;Nossa Senhora do Livramento;Agência Nacional de Mineração - ANM;FILADELFO DOS REIS DIAS;Córrego Tarumã;8965742;montante;Baixo;Baixo;E;25.0;;Contenção de rejeitos de mineração;Construção;Não;;;-15.669688888999985;-56.35072777800002
21949;BARRAGEM ÁGUA BRANCA;Rosário Oeste;Agência Nacional de Mineração - ANM;RIDALECIO DE SOUZA;Córrego Chiqueirinho;8965944;montante;Baixo;Baixo;E;0.0;0.0;Contenção de rejeitos de mineração;Construção;Não;;;-14.87913888899999;-56.57302777799998
26265;BRAVO II;Várzea Grande;Agência Nacional de Mineração - ANM;ROBINSON DA SILVA BRAVO;Ribeirão Espinheiro;896578;montante;Baixo;Baixo;E;0.0;0.0;Contenção de rejeitos de mineração;Construção;Não;;;-15.465573611000025;-56.45760666699999
31525;BRAVO IV;Várzea Grande;Agência Nacional de Mineração - ANM;Fellipe Gabriel Firmino Bravo;Ribeirão Espinheiro;896578;montante;Baixo;Baixo;E;17.0;0.0;Contenção de rejeitos de mineração;Construção;Não;;;-15.456388611000023;-56.45557638899999
