cr;data_atualizacao;dominio_uniao;epsg;etnia_nome;faixa_fronteira;fase_ti;gid;modalidade_ti;municipio_nome;reestudo_ti;superficie_perimetro_ha;terrai_codigo;terrai_nome;uf_sigla;undadm_codigo;undadm_nome;undadm_sigla
COORDENACAO REGIONAL NOROESTE DO MATO GROSSO;04/04/2025;t;4674;Apiaká,Kaiabi;Não;Regularizada;22;Tradicionalmente ocupada;Juara;;109245.3822;2301;Apiaka/Kayabi;MT;30202002032;COORDENACAO REGIONAL NOROESTE DO MATO GROSSO;CR-NOMT
COORDENACAO REGIONAL NOROESTE DO MATO GROSSO;25/06/2026;t;4674;Arara do Acre;Não;Regularizada;32;Tradicionalmente ocupada;Aripuanã,Colniza;;114842.4748;3301;Arara do Rio Branco;MT;30202002032;COORDENACAO REGIONAL NOROESTE DO MATO GROSSO;CR-NOMT
COORDENACAO REGIONAL RIBEIRAO CASCALHEIRA;26/06/2020;t;4674;Xavante;Não;Regularizada;38;Tradicionalmente ocupada;Água Boa;;218515;3901;Areões;MT;30202002046;COORDENACAO REGIONAL RIBEIRAO CASCALHEIRA;CR-RC
COORDENACAO REGIONAL NOROESTE DO MATO GROSSO;26/06/2026;t;4674;Cinta Larga;Não;Regularizada;39;Tradicionalmente ocupada;Aripuanã,Juína;;750649.265;4201;Aripuanã;MT;30202002032;COORDENACAO REGIONAL NOROESTE DO MATO GROSSO;CR-NOMT
COORDENACAO REGIONAL DE CUIABA;19/03/2015;t;4674;Guató ;Sim;Homologada;49;Tradicionalmente ocupada;Barão de Melgaço,Poconé;;19216.9606;5101;Baía dos Guató;MT;30202002025;COORDENACAO REGIONAL DE CUIABA;CR-CGB
COORDENACAO REGIONAL DE CUIABA;30/06/2026;t;4674;Bakairí;Não;Regularizada;50;Tradicionalmente ocupada;Planalto da Serra,Paranatinga;;61405.4605;5201;Bakairi;MT;30202002025;COORDENACAO REGIONAL DE CUIABA;CR-CGB
COORDENACAO REGIONAL XINGU;;t;4674;Wauja;Não;Regularizada;59;Tradicionalmente ocupada;Gaúcha do Norte;;5158.9817;6001;Batovi;MT;30202002060;COORDENACAO REGIONAL XINGU;CR-XIN
COORDENACAO REGIONAL NORTE DO MATO GROSSO;24/07/2023;t;4674;Kayapó;Não;Regularizada;93;Tradicionalmente ocupada;São José do Xingu,Santa Cruz do Xingu,Peixoto de Azevedo;;634915.2256;9201;Capoto/Jarina;MT;30202002039;COORDENACAO REGIONAL NORTE DO MATO GROSSO;CR-NMT
COORDENACAO REGIONAL XAVANTE;;t;4674;Xavante;Não;Regularizada;101;Tradicionalmente ocupada;Campinápolis;;12741.8456;10001;Chão Preto;MT;30202002053;COORDENACAO REGIONAL XAVANTE;CR-XAV
COORDENACAO REGIONAL NOROESTE DO MATO GROSSO;10/02/2025;t;4674;Enawenê-Nawê;Sim;Regularizada;112;Tradicionalmente ocupada;Comodoro,Sapezal,Juína;;742088.6783;11201;Enawenê-Nawê;MT;30202002032;COORDENACAO REGIONAL NOROESTE DO MATO GROSSO;CR-NOMT
COORDENACAO REGIONAL NOROESTE DO MATO GROSSO;;t;4674;Rikbaktsa;Não;Regularizada;114;Tradicionalmente ocupada;Brasnorte;;79934.801;11401;Erikpatsá;MT;30202002032;COORDENACAO REGIONAL NOROESTE DO MATO GROSSO;CR-NOMT
COORDENACAO REGIONAL NOROESTE DO MATO GROSSO;22/06/2026;t;4674;Rikbaktsa;Não;Regularizada;115;Tradicionalmente ocupada;Cotriguaçu;;168938.468;11501;Escondido;MT;30202002032;COORDENACAO REGIONAL NOROESTE DO MATO GROSSO;CR-NOMT
COORDENACAO REGIONAL DE CUIABA;;t;4674;Paresí;Não;Homologada;117;Tradicionalmente ocupada;Diamantino;;2170;11801;Estação Parecis;MT;30202002025;COORDENACAO REGIONAL DE CUIABA;CR-CGB
COORDENACAO REGIONAL DE CUIABA;;t;4674;Paresí;Não;Regularizada;118;Tradicionalmente ocupada;Tangará da Serra;;2031.9414;11901;Estivadinho;MT;30202002025;COORDENACAO REGIONAL DE CUIABA;CR-CGB
COORDENACAO REGIONAL DE CUIABA;10/03/2021;t;4674;Paresí;Não;Regularizada;127;Tradicionalmente ocupada;Barra do Bugres,Tangará da Serra;;9858.9291;12801;Figueiras;MT;30202002025;COORDENACAO REGIONAL DE CUIABA;CR-CGB
COORDENACAO REGIONAL NOROESTE DO MATO GROSSO;12/06/2020;t;4674;Irántxe;Não;Regularizada;168;Tradicionalmente ocupada;Brasnorte;;45555.95;17301;Irantxe;MT;30202002032;COORDENACAO REGIONAL NOROESTE DO MATO GROSSO;CR-NOMT
COORDENACAO REGIONAL NOROESTE DO MATO GROSSO;27/03/2025;t;4674;Irántxe;Não;Homologada;169;Tradicionalmente ocupada;Brasnorte;Reestudo;250539.8293;17302;Manoki;MT;30202002032;COORDENACAO REGIONAL NOROESTE DO MATO GROSSO;CR-NOMT
COORDENACAO REGIONAL NOROESTE DO MATO GROSSO;20/04/2023;t;4674;Rikbaktsa;Não;Regularizada;182;Tradicionalmente ocupada;Juara;;152509.88;18601;Japuira;MT;30202002032;COORDENACAO REGIONAL NOROESTE DO MATO GROSSO;CR-NOMT
COORDENACAO REGIONAL DE CUIABA;26/10/2022;t;4674;Boróro ;Não;Regularizada;188;Tradicionalmente ocupada;Poxoréo;;4706;19101;Jarudore;MT;30202002025;COORDENACAO REGIONAL DE CUIABA;CR-CGB
COORDENACAO REGIONAL DE CUIABA;02/07/2026;t;4674;Paresí;Sim;Regularizada;192;Tradicionalmente ocupada;Conquista D´Oeste;;70537.5203;19501;Juininha;MT;30202002025;COORDENACAO REGIONAL DE CUIABA;CR-CGB
COORDENACAO REGIONAL ARAGUAIA TOCANTINS;19/05/2023;t;4674;Karajá;Não;Regularizada;207;Tradicionalmente ocupada;Cocalinho;;893.2687;21101;Karajá de Aruanã II;MT;30202001962;COORDENACAO REGIONAL ARAGUAIA TOCANTINS;CR-ATO
COORDENACAO REGIONAL NORTE DO MATO GROSSO;23/06/2026;t;4674;Kaiabi;Não;Regularizada;226;Tradicionalmente ocupada;Apiacás,Jacareacanga;Reestudo;1053257.6811;22902;Kayabi;MT,PA;30202002039;COORDENACAO REGIONAL NORTE DO MATO GROSSO;CR-NMT
COORDENACAO REGIONAL DE CUIABA;;t;4674;Negarotê;Sim;Regularizada;248;Tradicionalmente ocupada;Comodoro;;1845.058;25001;Lagoa dos Brincos;MT;30202002025;COORDENACAO REGIONAL DE CUIABA;CR-CGB
COORDENACAO REGIONAL RIBEIRAO CASCALHEIRA;04/05/2022;t;4674;Xavante;Não;Regularizada;265;Tradicionalmente ocupada;São Félix do Araguaia,Bom Jesus do Araguaia,Alto Boa Vista;;165241.2291;26901;Maraiwatsede;MT;30202002046;COORDENACAO REGIONAL RIBEIRAO CASCALHEIRA;CR-RC
COORDENACAO REGIONAL XAVANTE;09/07/2026;t;4674;Xavante;Não;Regularizada;268;Tradicionalmente ocupada;Paranatinga;;98500;27201;Marechal Rondon;MT;30202002053;COORDENACAO REGIONAL XAVANTE;CR-XAV
COORDENACAO REGIONAL DE CUIABA;26/01/2021;t;4674;Kayapó;Não;Regularizada;281;Tradicionalmente ocupada;Matupá,Peixoto de Azevedo,Altamira,São Félix do Xingu;;4914254.8206;28701;Menkragnoti;PA,MT;30202002025;COORDENACAO REGIONAL DE CUIABA;CR-CGB
COORDENACAO REGIONAL NOROESTE DO MATO GROSSO;10/10/2022;t;4674;Mynky;Não;Regularizada;282;Tradicionalmente ocupada;Brasnorte;;47094.8647;28801;Menkü;MT;30202002032;COORDENACAO REGIONAL NOROESTE DO MATO GROSSO;CR-NOMT
COORDENACAO REGIONAL DE CUIABA;22/05/2018;t;4674;Boróro ;Não;Regularizada;284;Tradicionalmente ocupada;Barra do Garças,General Carneiro;;82301.1363;29001;Merure;MT;30202002025;COORDENACAO REGIONAL DE CUIABA;CR-CGB
COORDENACAO REGIONAL DE CUIABA;13/07/2026;t;4674;Nambikwára;Sim;Regularizada;295;Tradicionalmente ocupada;Comodoro;;1011961.4852;30201;Nambikwara;MT;30202002025;COORDENACAO REGIONAL DE CUIABA;CR-CGB
COORDENACAO REGIONAL NORTE DO MATO GROSSO;16/12/2022;t;4674;Panará;Não;Regularizada;315;Tradicionalmente ocupada;Guarantã do Norte,Matupá,Altamira;;499740.005;32201;Panará;PA,MT;30202002039;COORDENACAO REGIONAL NORTE DO MATO GROSSO;CR-NMT
COORDENACAO REGIONAL XAVANTE;07/07/2026;t;4674;Xavante;Não;Regularizada;320;Tradicionalmente ocupada;Nova Xavantina,Campinápolis,Água Boa;;224447.3367;32701;Parabubure;MT;30202002053;COORDENACAO REGIONAL XAVANTE;CR-XAV
COORDENACAO REGIONAL DE CUIABA;02/07/2026;t;4674;Paresí;Sim;Regularizada;327;Tradicionalmente ocupada;Tangará da Serra;;563586.5345;33401;Paresi;MT;30202002025;COORDENACAO REGIONAL DE CUIABA;CR-CGB
COORDENACAO REGIONAL DE CACOAL;31/03/2026;t;4674;Cinta Larga;Sim;Regularizada;329;Tradicionalmente ocupada;Juína,Vilhena;;1603245.9806;33601;Parque do Aripuanã;MT,RO;30202001934;COORDENACAO REGIONAL DE CACOAL;CR-CAC
COORDENACAO REGIONAL XINGU;24/04/2025;t;4674;Wauja, Trumái, Yawalapití, Mehináku, Aweti, Yudjá, Kisêdjê, Ikpeng, Matipú, Kuikuro, Nahukuá, Tapayuna, Kaiabi, Kamayrurá, Kalapalo;Não;Regularizada;331;Tradicionalmente ocupada;Feliz Natal,Gaúcha do Norte,Querência,Canarana,São Félix do Araguaia,Nova Ubiratã,Marcelândia,Paranatinga,São Félix do Xingu;;2642003.9374;33801;Parque do Xingu;MT,PA;30202002060;COORDENACAO REGIONAL XINGU;CR-XIN
COORDENACAO REGIONAL DE CUIABA;08/05/2023;f;4674;Nambikwára;Sim;Delimitada;333;Tradicionalmente ocupada;Conquista D´Oeste,Vila Bela da Santíssima Trindade,Nova Lacerda;;8400;34101;Paukalirajausu;MT;30202002025;COORDENACAO REGIONAL DE CUIABA;CR-CGB
COORDENACAO REGIONAL DE CUIABA;26/07/2019;t;4674;Nambikwára;Sim;Regularizada;340;Tradicionalmente ocupada;Nova Lacerda;;9886.8211;34801;Pequizal;MT;30202002025;COORDENACAO REGIONAL DE CUIABA;CR-CGB
COORDENACAO REGIONAL DE CUIABA;22/06/2026;t;4674;Boróro ;Não;Regularizada;341;Tradicionalmente ocupada;Barão de Melgaço;;10740.4115;34901;Perigara;MT;30202002025;COORDENACAO REGIONAL DE CUIABA;CR-CGB
COORDENACAO REGIONAL RIBEIRAO CASCALHEIRA;18/03/2024;t;4674;Xavante;Não;Regularizada;345;Tradicionalmente ocupada;Canarana,Ribeirão Cascalheira;;328966.444;35301;Pimentel Barbosa;MT;30202002046;COORDENACAO REGIONAL RIBEIRAO CASCALHEIRA;CR-RC
COORDENACAO REGIONAL DE CUIABA;19/03/2020;t;4674;Nambikwára;Sim;Regularizada;354;Tradicionalmente ocupada;Comodoro;;28212.2716;36101;Pirineus de Souza;MT;30202002025;COORDENACAO REGIONAL DE CUIABA;CR-CGB
COORDENACAO REGIONAL DE CUIABA;17/04/2026;f;4674;Paresí;Não;Declarada;358;Tradicionalmente ocupada;Nova Maringá,Diamantino,Campo Novo do Parecis;;17000;36501;Ponte de Pedra;MT;30202002025;COORDENACAO REGIONAL DE CUIABA;CR-CGB
COORDENACAO REGIONAL DE CUIABA;09/04/2026;t;4674;Paresí;Não;Regularizada;387;Tradicionalmente ocupada;Tangará da Serra;;19749.4741;39301;Rio Formoso;MT;30202002025;COORDENACAO REGIONAL DE CUIABA;CR-CGB
COORDENACAO REGIONAL DE CACOAL;27/02/2025;t;4674;Cinta Larga;Não;Regularizada;401;Tradicionalmente ocupada;Rondolândia,Pimenta Bueno,Espigão D´Oeste;;230826.3008;40701;Roosevelt;RO,MT;30202001934;COORDENACAO REGIONAL DE CACOAL;CR-CAC
COORDENACAO REGIONAL XAVANTE;10/12/2019;t;4674;Xavante,Boróro ;Não;Regularizada;405;Tradicionalmente ocupada;Poxoréo,Novo São Joaquim,General Carneiro;;100280.3969;41101;Sangradouro/Volta Grande;MT;30202002053;COORDENACAO REGIONAL XAVANTE;CR-XAV
COORDENACAO REGIONAL DE CUIABA;08/07/2026;t;4674;Bakairí;Não;Regularizada;407;Tradicionalmente ocupada;Nobres;;35470.7543;41301;Santana;MT;30202002025;COORDENACAO REGIONAL DE CUIABA;CR-CGB
COORDENACAO REGIONAL DE CUIABA;08/05/2023;t;4674;Nambikwára;Sim;Regularizada;414;Tradicionalmente ocupada;Vila Bela da Santíssima Trindade,Nova Lacerda;;67419.5158;42101;Sararé;MT;30202002025;COORDENACAO REGIONAL DE CUIABA;CR-CGB
COORDENACAO REGIONAL NOROESTE DO MATO GROSSO;27/07/2026;t;4674;Cinta Larga;Não;Regularizada;419;Tradicionalmente ocupada;Juína;;147836.1461;42601;Serra Morena;MT;30202002032;COORDENACAO REGIONAL NOROESTE DO MATO GROSSO;CR-NOMT
COORDENACAO REGIONAL DE CACOAL;19/08/2016;t;4674;Suruí de Rondônia;Não;Regularizada;423;Tradicionalmente ocupada;Rondolândia,Espigão D´Oeste,Cacoal;;248146.9286;43001;Sete de Setembro;RO,MT;30202001934;COORDENACAO REGIONAL DE CACOAL;CR-CAC
COORDENACAO REGIONAL DE CUIABA;18/02/2022;t;4674;Boróro ;Não;Regularizada;430;Tradicionalmente ocupada;Rondonópolis;;9785;43701;Tadarimana;MT;30202002025;COORDENACAO REGIONAL DE CUIABA;CR-CGB
COORDENACAO REGIONAL DE CUIABA;29/07/2024;t;4674;Wasusu;Sim;Regularizada;431;Tradicionalmente ocupada;Nova Lacerda;;5362.3344;43801;Taihantesu;MT;30202002025;COORDENACAO REGIONAL DE CUIABA;CR-CGB
COORDENACAO REGIONAL ARAGUAIA TOCANTINS;;t;4674;Tapirapé,Karajá;Não;Regularizada;433;Tradicionalmente ocupada;Luciara,Santa Terezinha;;66166.305;44001;Tapirapé/Karajá;MT;30202001962;COORDENACAO REGIONAL ARAGUAIA TOCANTINS;CR-ATO
COORDENACAO REGIONAL NORTE DO MATO GROSSO;03/09/2025;t;4674;Terena;Não;Regularizada;443;Reserva Indígena;Matupá;;30588.8088;44901;Terena Gleba Iriri;MT;30202002039;COORDENACAO REGIONAL NORTE DO MATO GROSSO;CR-NMT
COORDENACAO REGIONAL DE CUIABA;19/05/2025;t;4674;Boróro ;Não;Regularizada;444;Tradicionalmente ocupada;Santo Antônio do Leverger;;30060;45001;Tereza Cristina;MT;30202002025;COORDENACAO REGIONAL DE CUIABA;CR-CGB
COORDENACAO REGIONAL DE CUIABA;29/06/2026;t;4674;Halotesu;Não;Regularizada;449;Tradicionalmente ocupada;Sapezal;;130575.1964;45501;Tirecatinga;MT;30202002025;COORDENACAO REGIONAL DE CUIABA;CR-CGB
COORDENACAO REGIONAL XAVANTE;07/07/2026;t;4674;Xavante;Não;Regularizada;473;Tradicionalmente ocupada;Santo Antônio do Leste;;52234.4773;47801;Ubawawe;MT;30202002053;COORDENACAO REGIONAL XAVANTE;CR-XAV
COORDENACAO REGIONAL DE CUIABA;18/08/2021;t;4674;Paresí;Sim;Homologada;474;Tradicionalmente ocupada;Campos de Júlio e Nova Lacerda;;21680;47901;Uirapuru;MT;30202002025;COORDENACAO REGIONAL DE CUIABA;CR-CGB
COORDENACAO REGIONAL DE CUIABA;16/05/2018;t;4674;Umutina;Não;Regularizada;475;Tradicionalmente ocupada;Barra do Bugres;;28120;48001;Umutina;MT;30202002025;COORDENACAO REGIONAL DE CUIABA;CR-CGB
COORDENACAO REGIONAL ARAGUAIA TOCANTINS;04/03/2026;t;4674;Tapirapé;Não;Regularizada;479;Tradicionalmente ocupada;Confresa e Luciara e Porto Alegre do Norte;;167533.3271;48301;Urubu Branco;MT;30202001962;COORDENACAO REGIONAL ARAGUAIA TOCANTINS;CR-ATO
COORDENACAO REGIONAL DE CUIABA;06/07/2026;t;4674;Paresí;Não;Regularizada;481;Tradicionalmente ocupada;Campo Novo do Parecis e Sapezal;;412304.1958;48501;Utiariti;MT;30202002025;COORDENACAO REGIONAL DE CUIABA;CR-CGB
COORDENACAO REGIONAL DE CUIABA;03/07/2020;t;4674;Nambikwára;Sim;Regularizada;482;Tradicionalmente ocupada;Comodoro e Nova Lacerda;;242593;48601;Vale do Guaporé;MT;30202002025;COORDENACAO REGIONAL DE CUIABA;CR-CGB
COORDENACAO REGIONAL XINGU;;t;4674;Kisêdjê;Não;Regularizada;494;Tradicionalmente ocupada;Querência;;150329.1865;49801;Wawi;MT;30202002060;COORDENACAO REGIONAL XINGU;CR-XIN
COORDENACAO REGIONAL DE JI PARANA;30/01/2025;t;4674;Zoró;Não;Regularizada;508;Tradicionalmente ocupada;Aripuanã;;355789.5492;51101;Zoró;MT;30202001948;COORDENACAO REGIONAL DE JI PARANA;CR-JPR
COORDENACAO REGIONAL NOROESTE DO MATO GROSSO;02/09/2025;f;4674;Kaiabi;Não;Declarada;516;Tradicionalmente ocupada;Nova Canaã do Norte,Juara,Tabaporã;;117050;52401;Batelão;MT;30202002032;COORDENACAO REGIONAL NOROESTE DO MATO GROSSO;CR-NOMT
COORDENACAO REGIONAL XINGU;11/09/2017;t;4674;Naravute;Não;Regularizada;532;Tradicionalmente ocupada;Gaúcha do Norte,Canarana;;27878.5029;55201;Pequizal do Naruvôtu;MT;30202002060;COORDENACAO REGIONAL XINGU;CR-XIN
COORDENACAO REGIONAL XAVANTE;13/07/2026;t;4674;Xavante;Não;Regularizada;539;Tradicionalmente ocupada;Barra do Garças;;188478.26;58101;São Marcos - MT;MT;30202002053;COORDENACAO REGIONAL XAVANTE;CR-XAV
COORDENACAO REGIONAL ARAGUAIA TOCANTINS;20/06/2022;t;4674;Karajá;Não;Regularizada;541;Tradicionalmente ocupada;Luciara,São Félix do Araguaia;;5704.8096;58301;São Domingos - MT;MT;30202001962;COORDENACAO REGIONAL ARAGUAIA TOCANTINS;CR-ATO
COORDENACAO REGIONAL ARAGUAIA TOCANTINS;07/02/2025;t;4674;Karajá;Não;Regularizada;545;Tradicionalmente ocupada;Luciara,São Félix do Araguaia;;32304.7226;58701;Cacique Fontoura;MT;30202001962;COORDENACAO REGIONAL ARAGUAIA TOCANTINS;CR-ATO
COORDENACAO REGIONAL DE CUIABA;22/03/2020;f;4674;Chiquitáno;Sim;Declarada;548;Tradicionalmente ocupada;Porto Esperidião,Pontes e Lacerda,Vila Bela da Santíssima Trindade;;43057;59001;Portal do Encantado;MT;30202002025;COORDENACAO REGIONAL DE CUIABA;CR-CGB
COORDENACAO REGIONAL DE JI PARANA;05/06/2024;f;4674;Isolados;Não;Declarada;556;Tradicionalmente ocupada;Colniza;;411844;61401;Kawahiva do Rio Pardo;MT;30202001948;COORDENACAO REGIONAL DE JI PARANA;CR-JPR
COORDENACAO REGIONAL NORTE DO MATO GROSSO;01/08/2023;f;4674;Kayapó;Não;Delimitada;568;Tradicionalmente ocupada;Santa Cruz do Xingu e São Félix do Xingu e Vila Rica;;362243;64501;Kapôt Nhinore;MT, PA;30202002039;COORDENACAO REGIONAL NORTE DO MATO GROSSO;CR-NMT
COORDENACAO REGIONAL ARAGUAIA TOCANTINS;10/12/2018;t;4674;Krenák;Não;Regularizada;577;Reserva Indígena;Luciara,Canabrava do Norte;;5973.721;65801;Krenrehé;MT;30202001962;COORDENACAO REGIONAL ARAGUAIA TOCANTINS;CR-ATO
COORDENACAO REGIONAL DE JI PARANA;;f;4674;Isolados;Não;Em Estudo;582;Interditada;Colniza,Rondolândia;;242500;66901;Piripkura ( restrição de uso );MT;30202001948;COORDENACAO REGIONAL DE JI PARANA;CR-JPR
COORDENACAO REGIONAL NORTE DO MATO GROSSO;24/04/2025;f;4674;Isolados,Apiaká;Não;Declarada;590;Tradicionalmente ocupada;Apiacás;;982324;68301;Apiaká do Pontal e Isolados;MT;30202002039;COORDENACAO REGIONAL NORTE DO MATO GROSSO;CR-NMT
COORDENACAO REGIONAL XAVANTE;18/09/2024;f;4674;Xavante;Não;Delimitada;618;Tradicionalmente ocupada;Cocalinho;;145881;73601;Wedezé;MT;30202002053;COORDENACAO REGIONAL XAVANTE;CR-XAV
COORDENACAO REGIONAL ARAGUAIA TOCANTINS;30/04/2026;t;4674;Kanela;Não;Encaminhada RI;661;Reserva Indígena;Luciara e São Félix do Araguaia;;136026.77;73857;Kanela do Araguaia;MT;30202001962;COORDENACAO REGIONAL ARAGUAIA TOCANTINS;CR-ATO
