cod_aldeia;cod_municipio;cod_ti;coord_lat;coord_long;data_cadastro;flag_ativo;nome_aldeia;nome_cr;nommunic;nomuf;undadm_codigo
44;5101902;28801;-12.1775;-58.4004555556;;A;Japuíra -Menku;COORDENACAO REGIONAL NOROESTE DO MATO GROSSO;Brasnorte;Mato Grosso;30202002032
45;5105101;2301;-10.916944444444;-57.533611111111;;A;Tatuí;COORDENACAO REGIONAL NOROESTE DO MATO GROSSO;Juara;Mato Grosso;30202002032
46;5105101;2301;-10.900555555556;-57.500833333333;;A;Figueira;COORDENACAO REGIONAL NOROESTE DO MATO GROSSO;Juara;Mato Grosso;30202002032
47;5105101;2301;-10.9;-57.4675;;A;Mairob;COORDENACAO REGIONAL NOROESTE DO MATO GROSSO;Juara;Mato Grosso;30202002032
48;5105101;2301;-10.9;-57.534444444444;;A;Beira Rio;COORDENACAO REGIONAL NOROESTE DO MATO GROSSO;Juara;Mato Grosso;30202002032
49;5105101;2301;-10.884166666667;-57.534166666667;;A;Renovada;COORDENACAO REGIONAL NOROESTE DO MATO GROSSO;Juara;Mato Grosso;30202002032
50;5105101;2301;-10.883611111111;-57.55;;A;Curva;COORDENACAO REGIONAL NOROESTE DO MATO GROSSO;Juara;Mato Grosso;30202002032
51;5105101;2301;-10.883333333333;-57.550277777778;;A;Nova Munduruku;COORDENACAO REGIONAL NOROESTE DO MATO GROSSO;Juara;Mato Grosso;30202002032
52;5105101;2301;-11.116666666667;-57.266666666667;;A;Vale Verde;COORDENACAO REGIONAL NOROESTE DO MATO GROSSO;Juara;Mato Grosso;30202002032
53;5105101;2301;-11.084444444444;-57.266666666667;;A;Flor da Terra;COORDENACAO REGIONAL NOROESTE DO MATO GROSSO;Juara;Mato Grosso;30202002032
54;5105101;2301;-11.083333333333;-57.266666666667;;A;Kawaipe;COORDENACAO REGIONAL NOROESTE DO MATO GROSSO;Juara;Mato Grosso;30202002032
55;5105101;2301;-10.95;-57.283611111111;;A;Ytu Cachoeira;COORDENACAO REGIONAL NOROESTE DO MATO GROSSO;Juara;Mato Grosso;30202002032
56;5101902;17301;-12.916944444444;-58.033333333333;;A;Paredão;COORDENACAO REGIONAL NOROESTE DO MATO GROSSO;Brasnorte;Mato Grosso;30202002032
57;5101902;17301;-12.901388888889;-58.000555555556;;A;Recanto do Alípio;COORDENACAO REGIONAL NOROESTE DO MATO GROSSO;Brasnorte;Mato Grosso;30202002032
58;5101902;17301;-12.900277777778;-57.984444444444;;A;Perdiz;COORDENACAO REGIONAL NOROESTE DO MATO GROSSO;Brasnorte;Mato Grosso;30202002032
59;5101902;17301;-12.800833333333;-57.933333333333;;A;Cravari;COORDENACAO REGIONAL NOROESTE DO MATO GROSSO;Brasnorte;Mato Grosso;30202002032
60;5101902;17301;-12.800277777778;-57.901388888889;;A;13 de Maio;COORDENACAO REGIONAL NOROESTE DO MATO GROSSO;Brasnorte;Mato Grosso;30202002032
61;5101902;17301;-12.801388888889;-57.933888888889;;A;12 de Outubro;COORDENACAO REGIONAL NOROESTE DO MATO GROSSO;Brasnorte;Mato Grosso;30202002032
62;5101902;17301;-12.8175;-58.0175;;A;Asa Branca;COORDENACAO REGIONAL NOROESTE DO MATO GROSSO;Brasnorte;Mato Grosso;30202002032
63;5105150;33601;-11.300555555556;-59.216944444444;;A;Serra Dourada;COORDENACAO REGIONAL NOROESTE DO MATO GROSSO;Juína;Mato Grosso;30202002032
64;5105150;33601;-11.484444444444;-59.250277777778;;A;Vinte e um;COORDENACAO REGIONAL NOROESTE DO MATO GROSSO;Juína;Mato Grosso;30202002032
65;5105150;33601;-11.5;-59.384444444444;;A;Pedrão;COORDENACAO REGIONAL NOROESTE DO MATO GROSSO;Juína;Mato Grosso;30202002032
66;5105150;33601;-11.483888888889;-59.417777777778;;A;Rio Amarelinho;COORDENACAO REGIONAL NOROESTE DO MATO GROSSO;Juína;Mato Grosso;30202002032
67;5105150;33601;-11.516944444444;-59.5;;A;Algodão;COORDENACAO REGIONAL NOROESTE DO MATO GROSSO;Juína;Mato Grosso;30202002032
68;5105150;33601;-11.484444444444;-59.551388888889;;A;Rio Capivara;COORDENACAO REGIONAL NOROESTE DO MATO GROSSO;Juína;Mato Grosso;30202002032
69;5105101;18601;-10.883888888889;-58.333888888889;;A;Pé de Mutum;COORDENACAO REGIONAL NOROESTE DO MATO GROSSO;Juara;Mato Grosso;30202002032
70;5105101;18601;-10.917777777778;-58.333888888889;;A;Jatobá;COORDENACAO REGIONAL NOROESTE DO MATO GROSSO;Juara;Mato Grosso;30202002032
71;5105101;18601;-10.951111111111;-58.317777777778;;A;Divisa Marcolino;COORDENACAO REGIONAL NOROESTE DO MATO GROSSO;Juara;Mato Grosso;30202002032
72;5105101;18601;-10.783611111111;-58.317222222222;;A;Cerejeira;COORDENACAO REGIONAL NOROESTE DO MATO GROSSO;Juara;Mato Grosso;30202002032
73;5105101;18601;-10.700277777778;-58.366666666667;;A;Japuíra;COORDENACAO REGIONAL NOROESTE DO MATO GROSSO;Juara;Mato Grosso;30202002032
74;5105101;18601;-10.468055555556;-58.267777777778;;A;São Vicente;COORDENACAO REGIONAL NOROESTE DO MATO GROSSO;Juara;Mato Grosso;30202002032
75;5105101;18601;-10.600277777778;-58.100833333333;;A;Castanhal;COORDENACAO REGIONAL NOROESTE DO MATO GROSSO;Juara;Mato Grosso;30202002032
76;5101407;4201;-10.042222222222;-59.88;;A;Paralelo 10;COORDENACAO REGIONAL NOROESTE DO MATO GROSSO;Aripuanã;Mato Grosso;30202002032
77;5101407;4201;-10.425833333333;-59.991666666667;;A;Cachoeirinha;COORDENACAO REGIONAL NOROESTE DO MATO GROSSO;Aripuanã;Mato Grosso;30202002032
78;5101407;4201;-10.504444444444;-59.886111111111;;A;Taquaral Ipê;COORDENACAO REGIONAL NOROESTE DO MATO GROSSO;Aripuanã;Mato Grosso;30202002032
79;5101407;4201;-10.416388888889;-59.709722222222;;A;Taquaral;COORDENACAO REGIONAL NOROESTE DO MATO GROSSO;Aripuanã;Mato Grosso;30202002032
80;5101407;4201;-10.4425;-59.641388888889;;A;Taquaral Divisa;COORDENACAO REGIONAL NOROESTE DO MATO GROSSO;Aripuanã;Mato Grosso;30202002032
81;5101407;4201;-10.759166666667;-59.793888888889;;A;Areião;COORDENACAO REGIONAL NOROESTE DO MATO GROSSO;Aripuanã;Mato Grosso;30202002032
82;5101407;4201;-10.714722222222;-60.401111111111;;A;Flor do Prado;COORDENACAO REGIONAL NOROESTE DO MATO GROSSO;Aripuanã;Mato Grosso;30202002032
83;5101407;4201;-10.688055555556;-60.325277777778;;A;Mineiro;COORDENACAO REGIONAL NOROESTE DO MATO GROSSO;Aripuanã;Mato Grosso;30202002032
84;5101407;4201;-10.222222222222;-59.773611111111;;A;Bananal;COORDENACAO REGIONAL NOROESTE DO MATO GROSSO;Aripuanã;Mato Grosso;30202002032
85;5101407;4201;-10.108611111111;-60.036666666667;;A;Flor da Selva;COORDENACAO REGIONAL NOROESTE DO MATO GROSSO;Aripuanã;Mato Grosso;30202002032
86;5101407;4201;-10.008888888889;-59.8625;;A;Tamari;COORDENACAO REGIONAL NOROESTE DO MATO GROSSO;Aripuanã;Mato Grosso;30202002032
87;5101407;4201;-10.226111111111;-59.778611111111;;A;Rio Preto;COORDENACAO REGIONAL NOROESTE DO MATO GROSSO;Aripuanã;Mato Grosso;30202002032
88;5103379;11501;-9.6666666666667;-58.716944444444;;A;Babaçuzal;COORDENACAO REGIONAL NOROESTE DO MATO GROSSO;Cotriguaçu;Mato Grosso;30202002032
89;5103379;11501;-9.3844444444444;-58.550277777778;;A;Parajuba;COORDENACAO REGIONAL NOROESTE DO MATO GROSSO;Cotriguaçu;Mato Grosso;30202002032
90;5101902;11401;-11.450277777778;-58.301111111111;;A;Divisa;COORDENACAO REGIONAL NOROESTE DO MATO GROSSO;Brasnorte;Mato Grosso;30202002032
91;5101902;11401;-11.433888888889;-58.301388888889;;A;Cabeceirinha;COORDENACAO REGIONAL NOROESTE DO MATO GROSSO;Brasnorte;Mato Grosso;30202002032
92;5101902;11401;-11.417777777778;-58.316944444444;;A;Barranco Vermelho;COORDENACAO REGIONAL NOROESTE DO MATO GROSSO;Brasnorte;Mato Grosso;30202002032
93;5101902;11401;-11.417777777778;-58.301388888889;;A;Palmeral;COORDENACAO REGIONAL NOROESTE DO MATO GROSSO;Brasnorte;Mato Grosso;30202002032
94;5101902;11401;-11.417777777778;-58.300833333333;;A;Boa Esperança;COORDENACAO REGIONAL NOROESTE DO MATO GROSSO;Brasnorte;Mato Grosso;30202002032
95;5101902;11401;-11.3675;-58.333333333333;;A;Cajueiro;COORDENACAO REGIONAL NOROESTE DO MATO GROSSO;Brasnorte;Mato Grosso;30202002032
96;5101902;11401;-11.333888888889;-58.318055555556;;A;Pedregal;COORDENACAO REGIONAL NOROESTE DO MATO GROSSO;Brasnorte;Mato Grosso;30202002032
97;5101902;11401;-11.333611111111;-58.333333333333;;A;Vale do Sol;COORDENACAO REGIONAL NOROESTE DO MATO GROSSO;Brasnorte;Mato Grosso;30202002032
98;5101902;11401;-11.333611111111;-58.318055555556;;A;União;COORDENACAO REGIONAL NOROESTE DO MATO GROSSO;Brasnorte;Mato Grosso;30202002032
99;5101902;11401;-11.317777777778;-58.3175;;A;Primavera;COORDENACAO REGIONAL NOROESTE DO MATO GROSSO;Brasnorte;Mato Grosso;30202002032
100;5101902;11401;-11.316666666667;-58.318055555556;;A;Curva;COORDENACAO REGIONAL NOROESTE DO MATO GROSSO;Brasnorte;Mato Grosso;30202002032
101;5101902;11401;-11.301388888889;-58.333333333333;;A;Curvinha;COORDENACAO REGIONAL NOROESTE DO MATO GROSSO;Brasnorte;Mato Grosso;30202002032
102;5101902;11401;-11.300833333333;-58.333611111111;;A;Segunda;COORDENACAO REGIONAL NOROESTE DO MATO GROSSO;Brasnorte;Mato Grosso;30202002032
103;5101902;11401;-11.267777777778;-58.316666666667;;A;Beira Rio;COORDENACAO REGIONAL NOROESTE DO MATO GROSSO;Brasnorte;Mato Grosso;30202002032
104;5101902;11401;-11.2147222222;-58.3644444444;;A;Areia Branca;COORDENACAO REGIONAL NOROESTE DO MATO GROSSO;Brasnorte;Mato Grosso;30202002032
105;5101902;11401;-11.1938888889;-58.3630555556;;A;Bacaval;COORDENACAO REGIONAL NOROESTE DO MATO GROSSO;Brasnorte;Mato Grosso;30202002032
106;5101902;11401;-11.151111111111;-58.333333333333;;A;Nova;COORDENACAO REGIONAL NOROESTE DO MATO GROSSO;Brasnorte;Mato Grosso;30202002032
107;5101902;11401;-11.150555555556;-58.317777777778;;A;Velha;COORDENACAO REGIONAL NOROESTE DO MATO GROSSO;Brasnorte;Mato Grosso;30202002032
108;5101902;11401;-11.1386111111;-58.3416666667;;A;Pedra Bonita;COORDENACAO REGIONAL NOROESTE DO MATO GROSSO;Brasnorte;Mato Grosso;30202002032
109;5101902;11401;-11.1205555556;-58.3497222222;;A;Seringal I;COORDENACAO REGIONAL NOROESTE DO MATO GROSSO;Brasnorte;Mato Grosso;30202002032
110;5101902;11401;-11.1275;-58.3494444444;;A;Seringal II;COORDENACAO REGIONAL NOROESTE DO MATO GROSSO;Brasnorte;Mato Grosso;30202002032
111;5101902;11401;-11.1094444444;-58.3441666667;;A;Santa Rita;COORDENACAO REGIONAL NOROESTE DO MATO GROSSO;Brasnorte;Mato Grosso;30202002032
112;5101902;11401;-11.783333333333;-58.251944444444;;A;Escolinha;COORDENACAO REGIONAL NOROESTE DO MATO GROSSO;Brasnorte;Mato Grosso;30202002032
113;5101902;11401;-11.666944444444;-58.251111111111;;A;Posto Novo;COORDENACAO REGIONAL NOROESTE DO MATO GROSSO;Brasnorte;Mato Grosso;30202002032
114;5105150;42601;-11.234722222222;-59.251944444444;;A;Rio Seco;COORDENACAO REGIONAL NOROESTE DO MATO GROSSO;Juína;Mato Grosso;30202002032
115;5105150;42601;-11.233333333333;-59.3;;A;Serra Morena;COORDENACAO REGIONAL NOROESTE DO MATO GROSSO;Juína;Mato Grosso;30202002032
116;5105150;42601;-11.185555555556;-59.234444444444;;A;Yamasá Ei;COORDENACAO REGIONAL NOROESTE DO MATO GROSSO;Juína;Mato Grosso;30202002032
117;5105150;42601;-11.134444444444;-59.218333333333;;A;Água Fria;COORDENACAO REGIONAL NOROESTE DO MATO GROSSO;Juína;Mato Grosso;30202002032
118;5105150;42601;-11.233611111111;-59.368611111111;;A;Rio Verde;COORDENACAO REGIONAL NOROESTE DO MATO GROSSO;Juína;Mato Grosso;30202002032
119;5105150;42601;-11.016666666667;-59.233888888889;;A;Furquim;COORDENACAO REGIONAL NOROESTE DO MATO GROSSO;Juína;Mato Grosso;30202002032
120;5105150;42601;-10.883611111111;-59.233611111111;;A;Pacovinha;COORDENACAO REGIONAL NOROESTE DO MATO GROSSO;Juína;Mato Grosso;30202002032
126;5101407;3301;-9.9833333333333;-59.6;;A;Ponte Nova;COORDENACAO REGIONAL NOROESTE DO MATO GROSSO;Aripuanã;Mato Grosso;30202002032
127;5101407;3301;-9.9002777777778;-59.6;;A;Volta Grande;COORDENACAO REGIONAL NOROESTE DO MATO GROSSO;Aripuanã;Mato Grosso;30202002032
128;5101407;3301;-9.8841666666667;-59.751111111111;;A;Pista do Leão;COORDENACAO REGIONAL NOROESTE DO MATO GROSSO;Aripuanã;Mato Grosso;30202002032
129;5101407;3301;-9.8;-59.418055555556;;A;Água Boa;COORDENACAO REGIONAL NOROESTE DO MATO GROSSO;Aripuanã;Mato Grosso;30202002032
130;5101407;3301;-9.8011111111111;-59.433611111111;;A;Boa Esperança;COORDENACAO REGIONAL NOROESTE DO MATO GROSSO;Aripuanã;Mato Grosso;30202002032
131;5101407;3301;-9.8680555555556;-59.583333333333;;A;Laguinho;COORDENACAO REGIONAL NOROESTE DO MATO GROSSO;Aripuanã;Mato Grosso;30202002032
132;5101407;3301;-9.9;-59.767777777778;;A;Serrinha;COORDENACAO REGIONAL NOROESTE DO MATO GROSSO;Aripuanã;Mato Grosso;30202002032
133;5101407;3301;-9.8844444444444;-59.766944444444;;A;Araraúna;COORDENACAO REGIONAL NOROESTE DO MATO GROSSO;Aripuanã;Mato Grosso;30202002032
134;5101407;3301;-9.8505555555556;-59.634722222222;;A;Taboca;COORDENACAO REGIONAL NOROESTE DO MATO GROSSO;Aripuanã;Mato Grosso;30202002032
135;5101407;3301;-9.9175;-59.600555555556;;A;Capivara;COORDENACAO REGIONAL NOROESTE DO MATO GROSSO;Aripuanã;Mato Grosso;30202002032
136;5101407;3301;-9.7675;-59.417777777778;;A;Julia Maria;COORDENACAO REGIONAL NOROESTE DO MATO GROSSO;Aripuanã;Mato Grosso;30202002032
137;5101407;3301;-9.9347222222222;-59.600277777778;;A;Boa Esperança II;COORDENACAO REGIONAL NOROESTE DO MATO GROSSO;Aripuanã;Mato Grosso;30202002032
138;5101407;3301;-9.9008333333333;-59.616666666667;;A;Mamãe Vem Aí;COORDENACAO REGIONAL NOROESTE DO MATO GROSSO;Aripuanã;Mato Grosso;30202002032
139;5101407;3301;-9.7680555555556;-59.434722222222;;A;Mundinho;COORDENACAO REGIONAL NOROESTE DO MATO GROSSO;Aripuanã;Mato Grosso;30202002032
507;5107578;51101;-10.40895;-61.0265833333;;A;Pawanewa;COORDENACAO REGIONAL DE JI PARANA;Rondolândia;Mato Grosso;30202001948
508;5107578;51101;-10.4761055556;-60.9410111111;;A;Bubyrej;COORDENACAO REGIONAL DE JI PARANA;Rondolândia;Mato Grosso;30202001948
509;5107578;51101;-10.5181833333;-60.8513611111;;A;Ipê Wirej;COORDENACAO REGIONAL DE JI PARANA;Rondolândia;Mato Grosso;30202001948
510;5107578;51101;-10.5673;-60.8194333333;;A;Panjirawã;COORDENACAO REGIONAL DE JI PARANA;Rondolândia;Mato Grosso;30202001948
511;5107578;51101;-10.73515;-60.7376666667;;A;Abesewap (Paulo Sérgio);COORDENACAO REGIONAL DE JI PARANA;Rondolândia;Mato Grosso;30202001948
512;5107578;51101;-10.86995;-60.7979;;A;Gustavo;COORDENACAO REGIONAL DE JI PARANA;Rondolândia;Mato Grosso;30202001948
513;5107578;51101;-10.8910666667;-60.8108638889;;A;Guwa Puxurej;COORDENACAO REGIONAL DE JI PARANA;Rondolândia;Mato Grosso;30202001948
514;5107578;51101;-10.9135;-60.8491388889;;A;Webay Karej;COORDENACAO REGIONAL DE JI PARANA;Rondolândia;Mato Grosso;30202001948
515;5107578;51101;-10.9589833333;-60.897;;A;Zawã Kej;COORDENACAO REGIONAL DE JI PARANA;Rondolândia;Mato Grosso;30202001948
516;5107578;51101;-10.4839861111;-60.6945444444;;A;Tamali Syn;COORDENACAO REGIONAL DE JI PARANA;Rondolândia;Mato Grosso;30202001948
517;5107578;51101;-10.4059333333;-61.0234833333;;A;Zawa Karej (escola Pólo);COORDENACAO REGIONAL DE JI PARANA;Rondolândia;Mato Grosso;30202001948
546;5107578;51101;-10.8969611111;-60.8696694444;;A;Ikarej;COORDENACAO REGIONAL DE JI PARANA;Rondolândia;Mato Grosso;30202001948
621;5102603;32701;-14.5336111111;-53.0697222222;24/05/2016;A;Bela Vista;COORDENACAO REGIONAL XAVANTE;Campinápolis;Mato Grosso;30202002053
622;5102603;32701;-14.5297222222;-53.0705555556;24/05/2016;A;Buruwê;COORDENACAO REGIONAL XAVANTE;Campinápolis;Mato Grosso;30202002053
624;5102603;32701;-14.4075;-53.0233333333;24/05/2016;A;Cristalina;COORDENACAO REGIONAL XAVANTE;Campinápolis;Mato Grosso;30202002053
625;5102603;32701;-14.4075;-53.0375;24/05/2016;A;Central;COORDENACAO REGIONAL XAVANTE;Campinápolis;Mato Grosso;30202002053
626;5102603;32701;-14.4172222222;-53.1147222222;24/05/2016;A;Daprabadzé;COORDENACAO REGIONAL XAVANTE;Campinápolis;Mato Grosso;30202002053
627;5102603;32701;-14.3822222222;-53.0597222222;24/05/2016;A;Deus é Amor;COORDENACAO REGIONAL XAVANTE;Campinápolis;Mato Grosso;30202002053
628;5102603;32701;-14.4322222222;-53.1283333333;24/05/2016;A;Dzepa;COORDENACAO REGIONAL XAVANTE;Campinápolis;Mato Grosso;30202002053
629;5102603;32701;-14.4922222222;-53.0269444444;24/05/2016;A;Espírito Santo;COORDENACAO REGIONAL XAVANTE;Campinápolis;Mato Grosso;30202002053
630;5102603;32701;-14.4625;-53.1105555556;24/05/2016;A;Hernandares;COORDENACAO REGIONAL XAVANTE;Campinápolis;Mato Grosso;30202002053
631;5102603;32701;-14.5702777778;-53.1091666667;24/05/2016;A;Höiwapredzawi;COORDENACAO REGIONAL XAVANTE;Campinápolis;Mato Grosso;30202002053
632;5102603;32701;-14.4822222222;-53.1158333333;24/05/2016;A;Independência;COORDENACAO REGIONAL XAVANTE;Campinápolis;Mato Grosso;30202002053
633;5102603;32701;-14.5733333333;-53.0675;24/05/2016;A;Ipê;COORDENACAO REGIONAL XAVANTE;Campinápolis;Mato Grosso;30202002053
634;5102603;32701;-14.3291666667;-53.0194444444;24/05/2016;A;Liderança;COORDENACAO REGIONAL XAVANTE;Campinápolis;Mato Grosso;30202002053
635;5102603;32701;-14.4069444444;-53.0772222222;24/05/2016;A;Irepá (Luto Sagrado);COORDENACAO REGIONAL XAVANTE;Campinápolis;Mato Grosso;30202002053
636;5102603;32701;-14.5386111111;-53.1275;24/05/2016;A;Mata Verde;COORDENACAO REGIONAL XAVANTE;Campinápolis;Mato Grosso;30202002053
637;5102603;32701;-14.5738888889;-53.0477777778;24/05/2016;A;Monte Pacoal;COORDENACAO REGIONAL XAVANTE;Campinápolis;Mato Grosso;30202002053
638;5102603;32701;-14.46;-53.1058333333;24/05/2016;A;Moritu;COORDENACAO REGIONAL XAVANTE;Campinápolis;Mato Grosso;30202002053
639;5102603;32701;-14.5177777778;-53.0611111111;24/05/2016;A;Natal;COORDENACAO REGIONAL XAVANTE;Campinápolis;Mato Grosso;30202002053
640;5102603;32701;-14.3983333333;-53.0580555556;03/06/2016;A;Norotsurã;COORDENACAO REGIONAL XAVANTE;Campinápolis;Mato Grosso;30202002053
641;5102603;32701;-14.46;-53.1058333333;03/06/2016;A;Palmeiras;COORDENACAO REGIONAL XAVANTE;Campinápolis;Mato Grosso;30202002053
642;5102603;32701;-14.4755555556;-53.1088888889;03/06/2016;A;Papa Paulo VI;COORDENACAO REGIONAL XAVANTE;Campinápolis;Mato Grosso;30202002053
643;5102603;32701;-14.4825;-53.1133333333;03/06/2016;A;Parabubure;COORDENACAO REGIONAL XAVANTE;Campinápolis;Mato Grosso;30202002053
644;5102603;32701;-14.3819444444;-53.0538888889;03/06/2016;A;Paranowa;COORDENACAO REGIONAL XAVANTE;Campinápolis;Mato Grosso;30202002053
645;5102603;32701;-14.4922222222;-53.0269444444;03/06/2016;A;Parawadzaradzé;COORDENACAO REGIONAL XAVANTE;Campinápolis;Mato Grosso;30202002053
646;5102603;32701;-14.4825;-53.1133333333;03/06/2016;A;Pedra Preta;COORDENACAO REGIONAL XAVANTE;Campinápolis;Mato Grosso;30202002053
767;5102694;65801;-11.0413888889;-51.4852777778;21/10/2016;A;krenrehé;COORDENACAO REGIONAL ARAGUAIA TOCANTINS;Canabrava do Norte;Mato Grosso;30202001962
769;5107776;44001;-10.6266666667;-50.6241666667;21/10/2016;A;MAJITYRI;COORDENACAO REGIONAL ARAGUAIA TOCANTINS;Santa Terezinha;Mato Grosso;30202001962
770;5107776;44001;-10.6413888889;-50.6216666667;21/10/2016;A;HAWALOHA;COORDENACAO REGIONAL ARAGUAIA TOCANTINS;Santa Terezinha;Mato Grosso;30202001962
771;5107776;44001;-10.6538888889;-50.6033333333;21/10/2016;A;ITXALA;COORDENACAO REGIONAL ARAGUAIA TOCANTINS;Santa Terezinha;Mato Grosso;30202001962
772;5103353;48301;-10.6702777778;-51.2027777778;21/10/2016;A;TAPI TAWA;COORDENACAO REGIONAL ARAGUAIA TOCANTINS;Confresa;Mato Grosso;30202001962
773;5103353;48301;-10.6055555556;-51.1805555556;21/10/2016;A;SANTA LAURA;COORDENACAO REGIONAL ARAGUAIA TOCANTINS;Confresa;Mato Grosso;30202001962
774;5105309;58301;-11.245;-50.6633333333;21/10/2016;A;SÃO DOMINGOS;COORDENACAO REGIONAL ARAGUAIA TOCANTINS;Luciara;Mato Grosso;30202001962
1191;5106307;27201;-14.0013888889;-54.0855555556;09/06/2017;A;Batovi;COORDENACAO REGIONAL XAVANTE;Paranatinga;Mato Grosso;30202002053
1192;5106307;27201;-14.085;-54.0502777778;09/06/2017;A;Arimateia;COORDENACAO REGIONAL XAVANTE;Paranatinga;Mato Grosso;30202002053
1193;5106307;27201;-14.0180555556;-53.085;09/06/2017;A;Betânia;COORDENACAO REGIONAL XAVANTE;Paranatinga;Mato Grosso;30202002053
1194;5106307;27201;-14.1672222222;-54.0522222222;09/06/2017;A;Alvorada;COORDENACAO REGIONAL XAVANTE;Paranatinga;Mato Grosso;30202002053
1195;5106307;33401;-14.0858333333;-57.9516666667;09/06/2017;A;Galiléia;COORDENACAO REGIONAL DE CUIABA;Paranatinga;Mato Grosso;30202002025
1196;5106307;27201;-13.8425;-53.9413888889;09/06/2017;A;Novo Progresso;COORDENACAO REGIONAL XAVANTE;Paranatinga;Mato Grosso;30202002053
1197;5106307;27201;-13.7588888889;-53.8833333333;12/06/2017;A;Uirapuru;COORDENACAO REGIONAL XAVANTE;Paranatinga;Mato Grosso;30202002053
1198;5106307;27201;-13.95;-54.05;12/06/2017;A;Apertado;COORDENACAO REGIONAL XAVANTE;Paranatinga;Mato Grosso;30202002053
1199;5106307;27201;-14.0086111111;-54.1083333333;19/06/2017;A;Pontal;COORDENACAO REGIONAL XAVANTE;Paranatinga;Mato Grosso;30202002053
1201;5106281;41101;-15.2349611111;-53.8601277778;22/06/2017;A;Três Estrelas;COORDENACAO REGIONAL XAVANTE;Novo São Joaquim;Mato Grosso;30202002053
1202;5106281;41101;-15.2191666667;-53.8355555556;22/06/2017;A;Nossa Senhora Aparecida;COORDENACAO REGIONAL XAVANTE;Novo São Joaquim;Mato Grosso;30202002053
1203;5106281;41101;-15.2199277778;-53.8800388889;22/06/2017;A;Imaculada Conceição;COORDENACAO REGIONAL XAVANTE;Novo São Joaquim;Mato Grosso;30202002053
1251;5105606;32201;-9.58374722222;-54.1070944444;18/08/2017;A;Sãkãransã;COORDENACAO REGIONAL NORTE DO MATO GROSSO;Matupá;Mato Grosso;30202002039
1253;5105606;28701;-9.64097222222;-53.5991111111;18/08/2017;A;Kororoty;COORDENACAO REGIONAL DE CUIABA;Matupá;Mato Grosso;30202002025
1254;5105606;28701;-8.80083333333;-54.4522222222;18/08/2017;A;kokamkuben;COORDENACAO REGIONAL DE CUIABA;Matupá;Mato Grosso;30202002025
1269;5106422;9201;-10.5282305556;-53.0893333333;21/09/2017;A;BYTIRE;COORDENACAO REGIONAL NORTE DO MATO GROSSO;Peixoto de Azevedo;Mato Grosso;30202002039
1271;5106422;9201;-10.7647111111;-53.1165722222;21/09/2017;A;JATOBÁ;COORDENACAO REGIONAL NORTE DO MATO GROSSO;Peixoto de Azevedo;Mato Grosso;30202002039
1277;5106422;9201;-10.2711277778;-52.998975;21/09/2017;A;KEMPÓ;COORDENACAO REGIONAL NORTE DO MATO GROSSO;Peixoto de Azevedo;Mato Grosso;30202002039
1281;5105606;28701;-9.624143265625417;-53.613238680439274;21/09/2017;A;Koróróti;COORDENACAO REGIONAL DE CUIABA;Matupá;Mato Grosso;30202002025
1285;5106422;9201;-9.76409444444;-53.2446888889;21/09/2017;A;KREMORO;COORDENACAO REGIONAL NORTE DO MATO GROSSO;Peixoto de Azevedo;Mato Grosso;30202002039
1286;5107354;9201;-10.7364083333;-53.0831777778;21/09/2017;A;KRÉTIRE;COORDENACAO REGIONAL NORTE DO MATO GROSSO;São José do Xingu;Mato Grosso;30202002039
1288;5106422;9201;-10.4333361111;-53.0669555556;21/09/2017;A;KROMARE;COORDENACAO REGIONAL NORTE DO MATO GROSSO;Peixoto de Azevedo;Mato Grosso;30202002039
1292;5106422;9201;-10.0619333333;-52.9953361111;21/09/2017;A;METYKTIRE;COORDENACAO REGIONAL NORTE DO MATO GROSSO;Peixoto de Azevedo;Mato Grosso;30202002039
1296;5107354;9201;-10.7790138889;-53.0757027778;21/09/2017;A;PIARAÇU;COORDENACAO REGIONAL NORTE DO MATO GROSSO;São José do Xingu;Mato Grosso;30202002039
1298;5106422;9201;-10.1497138889;-53.0236444444;21/09/2017;A;PIUM;COORDENACAO REGIONAL NORTE DO MATO GROSSO;Peixoto de Azevedo;Mato Grosso;30202002039
1301;5106422;9201;-10.5117527778;-53.0879694444;21/09/2017;A;PYKATÃKWYRY;COORDENACAO REGIONAL NORTE DO MATO GROSSO;Peixoto de Azevedo;Mato Grosso;30202002039
1305;5106422;9201;-10.3352555556;-53.0379694444;21/09/2017;A;SEM IDENTIFICAÇÃO;COORDENACAO REGIONAL NORTE DO MATO GROSSO;Peixoto de Azevedo;Mato Grosso;30202002039
1309;5107065;33801;-12.689275;-52.6112805556;21/09/2017;A;TANGURINHO;COORDENACAO REGIONAL DO XINGU;Querência;Mato Grosso;30202002060
1313;5103908;41102;-15.645675;-53.9047944444;04/10/2017;A;Sangradouro;COORDENACAO REGIONAL XAVANTE;General Carneiro;Mato Grosso;30202002053
1316;5102702;35301;-13.6175;-51.67845;26/10/2017;I;CANOA;COORDENACAO REGIONAL RIBEIRAO CASCALHEIRA;Canarana;Mato Grosso;30202002046
1317;5107180;35301;-13.2894055556;-51.5792944444;26/10/2017;A;WEDERÃ OU SERRINHA;COORDENACAO REGIONAL RIBEIRAO CASCALHEIRA;Ribeirão Cascalheira;Mato Grosso;30202002046
1318;5102702;35301;-13.5084472222;-51.8992638889;26/10/2017;A;REATA;COORDENACAO REGIONAL RIBEIRAO CASCALHEIRA;Canarana;Mato Grosso;30202002046
1319;5102702;35301;-13.4806222222;-51.8979888889;26/10/2017;A;SERERÉ;COORDENACAO REGIONAL RIBEIRAO CASCALHEIRA;Canarana;Mato Grosso;30202002046
1320;5102702;35301;-13.7381166667;-51.9519388889;26/10/2017;A;BELEM;COORDENACAO REGIONAL RIBEIRAO CASCALHEIRA;Canarana;Mato Grosso;30202002046
1321;5107180;35301;-13.3159722222;-51.6820555556;26/10/2017;A;ETERENITIPA;COORDENACAO REGIONAL RIBEIRAO CASCALHEIRA;Ribeirão Cascalheira;Mato Grosso;30202002046
1323;5103858;55201;-12.9598722222;-52.9053472222;29/11/2017;A;Naruvôtu;COORDENACAO REGIONAL DO XINGU;Gaúcha do Norte;Mato Grosso;30202002060
1337;5101407;4201;-10.0023722222;-59.8587111111;10/04/2018;A;Aldeia Pantanal;COORDENACAO REGIONAL NOROESTE DO MATO GROSSO;Aripuanã;Mato Grosso;30202002032
1338;5101407;4201;-10.7147666667;-60.4011333333;10/04/2018;A;Aldeia Flor do Prado;COORDENACAO REGIONAL NOROESTE DO MATO GROSSO;Aripuanã;Mato Grosso;30202002032
1339;5101407;4201;-10.1325;-59.71135;10/04/2018;A;Aldeia Rio Preto;COORDENACAO REGIONAL NOROESTE DO MATO GROSSO;Aripuanã;Mato Grosso;30202002032
1340;5101407;4201;-10.2224444444;-59.7729027778;10/04/2018;A;Aldeia Rio Preto I;COORDENACAO REGIONAL NOROESTE DO MATO GROSSO;Aripuanã;Mato Grosso;30202002032
1410;5107958;39301;-14.6019361111;-58.0224638889;12/04/2018;A;J.M;COORDENACAO REGIONAL DE CUIABA;Tangará da Serra;Mato Grosso;30202002025
1411;5107958;39301;-14.6011361111;-58.0333277778;12/04/2018;A;JATOBÁ;COORDENACAO REGIONAL DE CUIABA;Tangará da Serra;Mato Grosso;30202002025
1412;5107958;39301;-14.5963277778;-58.0414166667;12/04/2018;A;CACHOEIRINHA;COORDENACAO REGIONAL DE CUIABA;Tangará da Serra;Mato Grosso;30202002025
1413;5107958;39301;-14.5953972222;-58.0685972222;12/04/2018;A;FORMOSO;COORDENACAO REGIONAL DE CUIABA;Tangará da Serra;Mato Grosso;30202002025
1414;5107958;39301;-14.4415916667;-58.1520944444;12/04/2018;A;QUEIMADA;COORDENACAO REGIONAL DE CUIABA;Tangará da Serra;Mato Grosso;30202002025
1415;5107958;33401;-14.3487444444;-58.2499555556;12/04/2018;A;RIO VERDE;COORDENACAO REGIONAL DE CUIABA;Tangará da Serra;Mato Grosso;30202002025
1416;5107958;33401;-14.3621916667;-58.282675;12/04/2018;A;AFRICA;COORDENACAO REGIONAL DE CUIABA;Tangará da Serra;Mato Grosso;30202002025
1417;5107958;33401;-14.3831944444;-58.2357666667;12/04/2018;A;KOTITICO;COORDENACAO REGIONAL DE CUIABA;Tangará da Serra;Mato Grosso;30202002025
1418;5107958;33401;-14.3338388889;-58.2321388889;12/04/2018;A;KAMAE;COORDENACAO REGIONAL DE CUIABA;Tangará da Serra;Mato Grosso;30202002025
1419;5107958;33401;-14.3151527778;-58.2234638889;12/04/2018;A;KALANAZA;COORDENACAO REGIONAL DE CUIABA;Tangará da Serra;Mato Grosso;30202002025
1420;5107958;33401;-14.2239555556;-58.1603555556;12/04/2018;A;ZANAKWA;COORDENACAO REGIONAL DE CUIABA;Tangará da Serra;Mato Grosso;30202002025
1421;5107958;33401;-14.00115;-58.0883361111;12/04/2018;A;KATYOLA-WINÃ;COORDENACAO REGIONAL DE CUIABA;Tangará da Serra;Mato Grosso;30202002025
1422;5107958;33401;-14.16835;-58.3647444444;12/04/2018;A;JURUPARA;COORDENACAO REGIONAL DE CUIABA;Tangará da Serra;Mato Grosso;30202002025
1423;5107958;33401;-14.1697694444;-58.4122055556;12/04/2018;A;MANENE;COORDENACAO REGIONAL DE CUIABA;Tangará da Serra;Mato Grosso;30202002025
1424;5107958;33401;-14.2789611111;-58.4955611111;12/04/2018;A;SACRE 1;COORDENACAO REGIONAL DE CUIABA;Tangará da Serra;Mato Grosso;30202002025
1425;5107958;33401;-14.3466666667;-58.5555555556;12/04/2018;A;ACURI;COORDENACAO REGIONAL DE CUIABA;Tangará da Serra;Mato Grosso;30202002025
1426;5107958;33401;-14.3584555556;-58.557975;12/04/2018;A;ZATEMANA;COORDENACAO REGIONAL DE CUIABA;Tangará da Serra;Mato Grosso;30202002025
1427;5107958;33401;-14.4057833333;-58.5786888889;12/04/2018;A;SACRE ZERO;COORDENACAO REGIONAL DE CUIABA;Tangará da Serra;Mato Grosso;30202002025
1428;5107958;33401;-14.4060805556;-58.4874722222;12/04/2018;A;BATIZA;COORDENACAO REGIONAL DE CUIABA;Tangará da Serra;Mato Grosso;30202002025
1430;5107958;33401;-14.4562388889;-58.5418888889;12/04/2018;A;ILHOCE;COORDENACAO REGIONAL DE CUIABA;Tangará da Serra;Mato Grosso;30202002025
1431;5107958;33401;-14.4784833333;-58.689725;13/04/2018;A;CABECEIRA DO SACRE;COORDENACAO REGIONAL DE CUIABA;Tangará da Serra;Mato Grosso;30202002025
1432;5107958;33401;-14.4194555556;-58.7802777778;13/04/2018;A;ITYAUSÉ;COORDENACAO REGIONAL DE CUIABA;Tangará da Serra;Mato Grosso;30202002025
1433;5107958;33401;-14.5278027778;-58.8503388889;13/04/2018;A;PAPOGAIO 1;COORDENACAO REGIONAL DE CUIABA;Tangará da Serra;Mato Grosso;30202002025
1434;5107958;33401;-14.4463083333;-58.8238305556;13/04/2018;A;PAPAGAIO III;COORDENACAO REGIONAL DE CUIABA;Tangará da Serra;Mato Grosso;30202002025
1435;5107958;33401;-14.4666305556;-58.8354888889;13/04/2018;A;NOVO PAPAGAIO;COORDENACAO REGIONAL DE CUIABA;Tangará da Serra;Mato Grosso;30202002025
1436;5107958;33401;-14.5336555556;-58.9451472222;13/04/2018;A;CORREGO SUJO;COORDENACAO REGIONAL DE CUIABA;Tangará da Serra;Mato Grosso;30202002025
1437;5107958;33401;-14.5858944444;-59.0231416667;13/04/2018;A;PARAISO;COORDENACAO REGIONAL DE CUIABA;Tangará da Serra;Mato Grosso;30202002025
1438;5107958;33401;-14.3472583333;-58.7614222222;13/04/2018;A;TAQUARINHA;COORDENACAO REGIONAL DE CUIABA;Tangará da Serra;Mato Grosso;30202002025
1439;5107958;33401;-14.1853444444;-58.6908222222;13/04/2018;A;DUAS CACHOEIRA;COORDENACAO REGIONAL DE CUIABA;Tangará da Serra;Mato Grosso;30202002025
1440;5107958;33401;-14.1614277778;-58.8617777778;13/04/2018;A;CABECEIRA DO BURITI;COORDENACAO REGIONAL DE CUIABA;Tangará da Serra;Mato Grosso;30202002025
1441;5107958;33401;-14.095375;-58.785675;13/04/2018;A;NOVA ESPERANÇA;COORDENACAO REGIONAL DE CUIABA;Tangará da Serra;Mato Grosso;30202002025
1442;5107958;33401;-14.06;-58.7806527778;13/04/2018;A;BURITI;COORDENACAO REGIONAL DE CUIABA;Tangará da Serra;Mato Grosso;30202002025
1443;5107958;11901;-14.584875;-58.6444611111;13/04/2018;A;ESTIVADINHO;COORDENACAO REGIONAL DE CUIABA;Tangará da Serra;Mato Grosso;30202002025
1444;5106752;33401;-14.7183555556;-58.6628222222;13/04/2018;A;FIGUEIRAS;COORDENACAO REGIONAL DE CUIABA;Pontes e Lacerda;Mato Grosso;30202002025
1445;5103361;19501;-14.5475972222;-59.1775416667;13/04/2018;A;JUININHA;COORDENACAO REGIONAL DE CUIABA;Conquista D'Oeste;Mato Grosso;30202002025
1446;5103361;19501;-14.5336277778;-59.0586472222;13/04/2018;A;TRES LAGOAS;COORDENACAO REGIONAL DE CUIABA;Conquista D'Oeste;Mato Grosso;30202002025
1447;5106182;47901;-14.3286777778;-59.3821361111;13/04/2018;A;UIRAPURU;COORDENACAO REGIONAL DE CUIABA;Nova Lacerda;Mato Grosso;30202002025
1448;5107875;45501;-13.3443277778;-58.4574777778;13/04/2018;A;TUYENTSU;COORDENACAO REGIONAL DE CUIABA;Sapezal;Mato Grosso;30202002025
1449;5107875;45501;-13.3400055556;-58.447275;13/04/2018;A;CAITITU;COORDENACAO REGIONAL DE CUIABA;Sapezal;Mato Grosso;30202002025
1450;5107875;45501;-13.2783388889;-58.4594805556;13/04/2018;A;TRES JACU;COORDENACAO REGIONAL DE CUIABA;Sapezal;Mato Grosso;30202002025
1451;5107875;45501;-13.2547583333;-58.4226305556;13/04/2018;A;NOVO HORIZONTE;COORDENACAO REGIONAL DE CUIABA;Sapezal;Mato Grosso;30202002025
1452;5107958;45501;-13.0273916667;-58.2825638889;13/04/2018;A;UTIARITI - DESATIVADO;COORDENACAO REGIONAL DE CUIABA;Tangará da Serra;Mato Grosso;30202002025
1454;5107180;35301;-13.3195555556;-51.677;13/04/2018;A;PIMENTEL BARBOSA;COORDENACAO REGIONAL RIBEIRAO CASCALHEIRA;Ribeirão Cascalheira;Mato Grosso;30202002046
1455;5102637;48501;-13.9075694444;-58.2641083333;13/04/2018;A;SALTO DA MULHER;COORDENACAO REGIONAL DE CUIABA;Campo Novo do Parecis;Mato Grosso;30202002025
1456;5102637;48501;-13.7739555556;-58.2442222222;13/04/2018;A;CHAPADA AZUL;COORDENACAO REGIONAL DE CUIABA;Campo Novo do Parecis;Mato Grosso;30202002025
1457;5102637;48501;-13.5663361111;-58.4058583333;13/04/2018;A;VALE DO PAPAGAIO;COORDENACAO REGIONAL DE CUIABA;Campo Novo do Parecis;Mato Grosso;30202002025
1458;5102637;48501;-13.6422083333;-58.2883333333;13/04/2018;A;BACAVAL;COORDENACAO REGIONAL DE CUIABA;Campo Novo do Parecis;Mato Grosso;30202002025
1459;5102637;48501;-13.6320666667;-58.127775;13/04/2018;A;QUATRO CACHOEIRAS;COORDENACAO REGIONAL DE CUIABA;Campo Novo do Parecis;Mato Grosso;30202002025
1460;5102637;48501;-13.6243611111;-58.0898;13/04/2018;A;SERINGAL;COORDENACAO REGIONAL DE CUIABA;Campo Novo do Parecis;Mato Grosso;30202002025
1461;5102637;48501;-13.6361305556;-58.0978722222;13/04/2018;A;CABECEIRA DO SERINGAL;COORDENACAO REGIONAL DE CUIABA;Campo Novo do Parecis;Mato Grosso;30202002025
1462;5102637;48501;-13.0287861111;-58.1924361111;13/04/2018;A;SACRE II;COORDENACAO REGIONAL DE CUIABA;Campo Novo do Parecis;Mato Grosso;30202002025
1463;5102637;48501;-13.0378083333;-58.1917;13/04/2018;A;BACAIUVAL;COORDENACAO REGIONAL DE CUIABA;Campo Novo do Parecis;Mato Grosso;30202002025
1464;5106174;3901;-14.5011472222;-51.8790694444;13/04/2018;A;Santana;COORDENACAO REGIONAL RIBEIRAO CASCALHEIRA;Nova Nazaré;Mato Grosso;30202002046
1465;5102637;48501;-13.1250277778;-58.1820222222;13/04/2018;A;MORRINHO;COORDENACAO REGIONAL DE CUIABA;Campo Novo do Parecis;Mato Grosso;30202002025
1466;5107875;48501;-13.0292638889;-58.2765638889;13/04/2018;A;UTIARITI II;COORDENACAO REGIONAL DE CUIABA;Sapezal;Mato Grosso;30202002025
1468;5102637;36501;-13.5698805556;-57.3607194444;13/04/2018;A;PONTE DE PEDRA;COORDENACAO REGIONAL DE CUIABA;Campo Novo do Parecis;Mato Grosso;30202002025
1469;5108857;11801;-14.1512611111;-56.9281888889;13/04/2018;A;ESTAÇÃO PARECI;COORDENACAO REGIONAL DE CUIABA;Nova Marilândia;Mato Grosso;30202002025
1570;5107065;49801;-11.8643166667;-52.9016666667;17/04/2018;A;NGOIWERE;COORDENACAO REGIONAL DO XINGU;Querência;Mato Grosso;30202002060
1571;5107065;49801;-11.8645527778;-52.9424361111;17/04/2018;A;ROPTOTXI;COORDENACAO REGIONAL DO XINGU;Querência;Mato Grosso;30202002060
1572;5107065;49801;-11.6063138889;-52.9611027778;17/04/2018;A;HOREHUSIKRO;COORDENACAO REGIONAL DO XINGU;Querência;Mato Grosso;30202002060
1573;5107065;49801;-11.5149361111;-53.035425;17/04/2018;A;NOGOSOKO (Aldeia Velha);COORDENACAO REGIONAL DO XINGU;Querência;Mato Grosso;30202002060
1574;5107065;49801;-11.8792138889;-52.9493583333;17/04/2018;A;RONKÔ (Antigo Wawi);COORDENACAO REGIONAL DO XINGU;Querência;Mato Grosso;30202002060
1575;5103858;33801;-12.1667361111;-53.3351305556;18/04/2018;A;YAWALAPITI;COORDENACAO REGIONAL DO XINGU;Gaúcha do Norte;Mato Grosso;30202002060
1576;5103858;33801;-12.1619638889;-53.2555416667;18/04/2018;A;AIHA /KALAPALO;COORDENACAO REGIONAL DO XINGU;Gaúcha do Norte;Mato Grosso;30202002060
1577;5103858;33801;-12.2502916667;-53.5842222222;18/04/2018;A;WAURÁ;COORDENACAO REGIONAL DO XINGU;Gaúcha do Norte;Mato Grosso;30202002060
1578;5103858;33801;-12.0065277778;-53.3997111111;18/04/2018;A;JACARE ( Antiga Base FAB);COORDENACAO REGIONAL DO XINGU;Gaúcha do Norte;Mato Grosso;30202002060
1579;5103858;33801;-12.3513055556;-53.2090277778;18/04/2018;A;IPATSE/KUIKURO;COORDENACAO REGIONAL DO XINGU;Gaúcha do Norte;Mato Grosso;30202002060
1580;5103858;33801;-12.6031805556;-53.418975;18/04/2018;A;MEHINAKO;COORDENACAO REGIONAL DO XINGU;Gaúcha do Norte;Mato Grosso;30202002060
1581;5103858;33801;-12.3822388889;-53.3917111111;18/04/2018;A;AWETI;COORDENACAO REGIONAL DO XINGU;Gaúcha do Norte;Mato Grosso;30202002060
1582;5103858;33801;-12.1536277778;-53.4324583333;18/04/2018;A;IPAVU;COORDENACAO REGIONAL DO XINGU;Gaúcha do Norte;Mato Grosso;30202002060
1583;5107065;33801;-12.2315083333;-53.1863194444;18/04/2018;A;MATIPU;COORDENACAO REGIONAL DO XINGU;Querência;Mato Grosso;30202002060
1584;5107065;33801;-12.1023638889;-53.2954;18/04/2018;A;NAHUKWÁ;COORDENACAO REGIONAL DO XINGU;Querência;Mato Grosso;30202002060
1590;5107065;33801;-12.5983944444;-52.9226944444;18/04/2018;A;TANGURO;COORDENACAO REGIONAL DO XINGU;Querência;Mato Grosso;30202002060
1591;5103858;33801;-12.2634222222;-53.3542972222;18/04/2018;A;SAIDÃO DA FUMAÇA;COORDENACAO REGIONAL DO XINGU;Gaúcha do Norte;Mato Grosso;30202002060
1592;5103858;33801;-12.5439638889;-53.2398;18/04/2018;A;BURITIZAL;COORDENACAO REGIONAL DO XINGU;Gaúcha do Norte;Mato Grosso;30202002060
1593;5103858;33801;-12.8311638889;-52.8260833333;18/04/2018;A;LAGO AZUL;COORDENACAO REGIONAL DO XINGU;Gaúcha do Norte;Mato Grosso;30202002060
1594;5103858;33801;-12.852775;-53.3864833333;18/04/2018;A;YARAMY;COORDENACAO REGIONAL DO XINGU;Gaúcha do Norte;Mato Grosso;30202002060
1595;5103858;33801;-12.5537555556;-53.10835;18/04/2018;A;LAHATUA;COORDENACAO REGIONAL DO XINGU;Gaúcha do Norte;Mato Grosso;30202002060
1596;5103858;33801;-12.9925694444;-53.4355055556;18/04/2018;A;UTAWUANA;COORDENACAO REGIONAL DO XINGU;Gaúcha do Norte;Mato Grosso;30202002060
1597;5103858;33801;-12.0943083333;-53.452375;18/04/2018;A;GAUCHA;COORDENACAO REGIONAL DO XINGU;Gaúcha do Norte;Mato Grosso;30202002060
1598;5103858;6001;-12.9924722222;-53.9767888889;18/04/2018;A;BATOVI;COORDENACAO REGIONAL DO XINGU;Gaúcha do Norte;Mato Grosso;30202002060
1599;5107065;33801;-12.6781944444;-52.6220833333;18/04/2018;A;CURUMIM;COORDENACAO REGIONAL DO XINGU;Querência;Mato Grosso;30202002060
1601;5103858;33801;-11.7447527778;-53.6115666667;18/04/2018;A;PAVARU;COORDENACAO REGIONAL DO XINGU;Gaúcha do Norte;Mato Grosso;30202002060
1602;5103700;33801;-11.8564444444;-53.5945722222;18/04/2018;A;BOA ESPERANÇA;COORDENACAO REGIONAL DO XINGU;Feliz Natal;Mato Grosso;30202002060
1603;5103700;33801;-11.9325277778;-53.5523194444;18/04/2018;A;MORENA;COORDENACAO REGIONAL DO XINGU;Feliz Natal;Mato Grosso;30202002060
1604;5103700;33801;-12.0850722222;-53.9457555556;18/04/2018;A;STEINEM;COORDENACAO REGIONAL DO XINGU;Feliz Natal;Mato Grosso;30202002060
1605;5103700;33801;-12.0670861111;-53.8570333333;18/04/2018;A;ARUAK;COORDENACAO REGIONAL DO XINGU;Feliz Natal;Mato Grosso;30202002060
1606;5103700;33801;-11.7481222222;-53.6210944444;18/04/2018;A;MOYGU;COORDENACAO REGIONAL DO XINGU;Feliz Natal;Mato Grosso;30202002060
1607;5107065;33801;-11.5145583333;-53.4713833333;18/04/2018;A;ILHA GRANDE;COORDENACAO REGIONAL DO XINGU;Querência;Mato Grosso;30202002060
1608;5103700;33801;-11.5519722222;-53.5311888889;18/04/2018;A;BARRACO ALTO;COORDENACAO REGIONAL DO XINGU;Feliz Natal;Mato Grosso;30202002060
1609;5103700;33801;-11.6336472222;-53.5793722222;18/04/2018;A;TRÊS IRMÃOS;COORDENACAO REGIONAL DO XINGU;Feliz Natal;Mato Grosso;30202002060
1610;5107859;33801;-11.1990777778;-53.2352722222;18/04/2018;A;DIAUARUM;COORDENACAO REGIONAL DO XINGU;São Félix do Araguaia;Mato Grosso;30202002060
1611;5107065;33801;-12.5170027778;-53.0041388889;18/04/2018;A;AFUKURI;COORDENACAO REGIONAL DO XINGU;Querência;Mato Grosso;30202002060
1612;5107859;33801;-11.0473527778;-53.27795;18/04/2018;A;PEQUIZAL;COORDENACAO REGIONAL DO XINGU;São Félix do Araguaia;Mato Grosso;30202002060
1613;5107859;33801;-11.0950416667;-53.2591944444;18/04/2018;A;CAPIVARA;COORDENACAO REGIONAL DO XINGU;São Félix do Araguaia;Mato Grosso;30202002060
1614;5107859;33801;-11.0297083333;-53.2889777778;18/04/2018;A;PAKSAMBA;COORDENACAO REGIONAL DO XINGU;São Félix do Araguaia;Mato Grosso;30202002060
1615;5105580;33801;-10.9485305556;-53.315675;18/04/2018;A;TUBATUBA;COORDENACAO REGIONAL DO XINGU;Marcelândia;Mato Grosso;30202002060
1616;5105580;33801;-10.8578694444;-53.2039333333;18/04/2018;A;CAIÇARA;COORDENACAO REGIONAL DO XINGU;Marcelândia;Mato Grosso;30202002060
1617;5107354;33801;-10.8105777778;-53.1061;18/04/2018;A;BOA VISTA;COORDENACAO REGIONAL DO XINGU;São José do Xingu;Mato Grosso;30202002060
1618;5105580;33801;-11.0447833333;-53.4218083333;18/04/2018;A;AIPORE;COORDENACAO REGIONAL DO XINGU;Marcelândia;Mato Grosso;30202002060
1619;5105580;33801;-11.0493194444;-53.4618361111;18/04/2018;A;JOÃO KAIABI;COORDENACAO REGIONAL DO XINGU;Marcelândia;Mato Grosso;30202002060
1620;5105580;33801;-11.0785277778;-53.528675;18/04/2018;A;MAPADÁ;COORDENACAO REGIONAL DO XINGU;Marcelândia;Mato Grosso;30202002060
1621;5103700;33801;-11.0968861111;-53.5145305556;18/04/2018;A;PARANAITA;COORDENACAO REGIONAL DO XINGU;Feliz Natal;Mato Grosso;30202002060
1622;5103700;33801;-11.1248416667;-53.5964194444;18/04/2018;A;TRÊS PATOS;COORDENACAO REGIONAL DO XINGU;Feliz Natal;Mato Grosso;30202002060
1623;5103700;33801;-11.2546361111;-53.7573194444;18/04/2018;A;SOBRADINHO;COORDENACAO REGIONAL DO XINGU;Feliz Natal;Mato Grosso;30202002060
1624;5103700;33801;-11.2947333333;-53.7808638889;19/04/2018;A;NOVA MARAKÁ;COORDENACAO REGIONAL DO XINGU;Feliz Natal;Mato Grosso;30202002060
1625;5103700;33801;-11.3248166667;-53.7911972222;19/04/2018;A;IGUAÇU;COORDENACAO REGIONAL DO XINGU;Feliz Natal;Mato Grosso;30202002060
1626;5107065;33801;-11.3278444444;-53.2047777778;19/04/2018;A;11 DE SETEMBRO;COORDENACAO REGIONAL DO XINGU;Querência;Mato Grosso;30202002060
1629;5107065;33801;-11.2936138889;-53.2691277778;19/04/2018;A;TRES BURITI;COORDENACAO REGIONAL DO XINGU;Querência;Mato Grosso;30202002060
1630;5107065;33801;-11.3741805556;-53.3524333333;19/04/2018;A;MOITARÁ;COORDENACAO REGIONAL DO XINGU;Querência;Mato Grosso;30202002060
1631;5107065;33801;-11.3814666667;-53.3593027778;19/04/2018;A;SAMAUMA;COORDENACAO REGIONAL DO XINGU;Querência;Mato Grosso;30202002060
1632;5107065;33801;-11.4375888889;-53.3963222222;19/04/2018;A;TUIARARÉ;COORDENACAO REGIONAL DO XINGU;Querência;Mato Grosso;30202002060
1633;5103700;33801;-11.4752916667;-53.5108666667;19/04/2018;A;KWARYJA;COORDENACAO REGIONAL DO XINGU;Feliz Natal;Mato Grosso;30202002060
1634;5107354;33801;-10.8014444444;-52.7611583333;19/04/2018;A;TUIUIÚ;COORDENACAO REGIONAL DO XINGU;São José do Xingu;Mato Grosso;30202002060
1635;5103858;33801;-12.9910972222;-53.4364472222;19/04/2018;A;KURISEVO;COORDENACAO REGIONAL DO XINGU;Gaúcha do Norte;Mato Grosso;30202002060
1637;5107065;33801;-12.6894166667;-52.61185;19/04/2018;A;TANGURINHO;COORDENACAO REGIONAL DO XINGU;Querência;Mato Grosso;30202002060
1640;5105580;33801;-11.1122027778;-53.5984138889;19/04/2018;A;MONITO (Antiga Base de Apoio);COORDENACAO REGIONAL DO XINGU;Marcelândia;Mato Grosso;30202002060
1646;5100359;26901;-11.7906388889;-51.6570277778;23/04/2018;A;Ubdonhou;COORDENACAO REGIONAL RIBEIRAO CASCALHEIRA;Alto Boa Vista;Mato Grosso;30202002046
1647;5100359;26901;-11.7509722222;-51.5322777778;23/04/2018;A;ALDEIA ETEWAWE;COORDENACAO REGIONAL RIBEIRAO CASCALHEIRA;Alto Boa Vista;Mato Grosso;30202002046
1648;5107859;26901;-11.6668611111;-51.6445;23/04/2018;A;ÊTETSIMÃRÃ;COORDENACAO REGIONAL RIBEIRAO CASCALHEIRA;São Félix do Araguaia;Mato Grosso;30202002046
1649;5100359;26901;-11.7600277778;-51.8157777778;23/04/2018;A;MADZABDZÉ;COORDENACAO REGIONAL RIBEIRAO CASCALHEIRA;Alto Boa Vista;Mato Grosso;30202002046
1688;5103858;33801;-12.2003416667;-53.3785055556;27/04/2018;A;LEONARDO;COORDENACAO REGIONAL DO XINGU;Gaúcha do Norte;Mato Grosso;30202002060
1697;5107800;45001;-16.5944166667;-55.2136111111;30/04/2018;A;GOMES CARNEIRO;COORDENACAO REGIONAL DE CUIABA;Santo Antônio de Leverger;Mato Grosso;30202002025
1698;5107800;45001;-16.5915777778;-54.9899666667;30/04/2018;A;PIEBAGA;COORDENACAO REGIONAL DE CUIABA;Santo Antônio de Leverger;Mato Grosso;30202002025
1699;5107602;43701;-16.5020111111;-54.5671444444;30/04/2018;A;POBORE;COORDENACAO REGIONAL DE CUIABA;Rondonópolis;Mato Grosso;30202002025
1700;5107602;43701;-16.5053611111;-54.5075444444;30/04/2018;A;praião;COORDENACAO REGIONAL DE CUIABA;Rondonópolis;Mato Grosso;30202002025
1701;5107602;43701;-16.528475;-54.4673638889;30/04/2018;A;TADARIMANA;COORDENACAO REGIONAL DE CUIABA;Rondonópolis;Mato Grosso;30202002025
1702;5107602;43701;-16.5375361111;-54.4533166667;30/04/2018;A;JURIGUE;COORDENACAO REGIONAL DE CUIABA;Rondonópolis;Mato Grosso;30202002025
1703;5106307;5201;-14.2926916667;-54.7367166667;30/04/2018;A;PAXOLA;COORDENACAO REGIONAL DE CUIABA;Paranatinga;Mato Grosso;30202002025
1704;5106307;5201;-14.3196666667;-54.6828916667;30/04/2018;A;PAKUERA;COORDENACAO REGIONAL DE CUIABA;Paranatinga;Mato Grosso;30202002025
1705;5106455;5201;-14.3466888889;-54.7211333333;30/04/2018;A;SAWOPA;COORDENACAO REGIONAL DE CUIABA;Planalto da Serra;Mato Grosso;30202002025
1706;5106307;5201;-14.391;-54.6506916667;30/04/2018;A;ATURUA;COORDENACAO REGIONAL DE CUIABA;Paranatinga;Mato Grosso;30202002025
1707;5106307;5201;-14.3061277778;-54.6112277778;30/04/2018;A;PAIKUM;COORDENACAO REGIONAL DE CUIABA;Paranatinga;Mato Grosso;30202002025
1708;5106307;5201;-14.2764805556;-54.5358027778;30/04/2018;A;CABECEIRA DO AZUL;COORDENACAO REGIONAL DE CUIABA;Paranatinga;Mato Grosso;30202002025
1709;5106307;5201;-14.3293833333;-54.4759388889;30/04/2018;A;KAIAHOALO;COORDENACAO REGIONAL DE CUIABA;Paranatinga;Mato Grosso;30202002025
1710;5106752;19501;-14.5475972222;-59.1775416667;30/04/2018;A;JUANINHA;COORDENACAO REGIONAL DE CUIABA;Pontes e Lacerda;Mato Grosso;30202002025
1711;5101605;34901;-16.9214638889;-56.2299944444;30/04/2018;A;PERIGARA;COORDENACAO REGIONAL DE CUIABA;Barão de Melgaço;Mato Grosso;30202002025
1713;5107958;12801;-14.7559833333;-58.6669972222;30/04/2018;A;CAPITÃO CARDOSO;COORDENACAO REGIONAL DE CUIABA;Tangará da Serra;Mato Grosso;30202002025
1714;5107958;12801;-14.7185722222;-58.6627277778;30/04/2018;A;FIGUEIRA;COORDENACAO REGIONAL DE CUIABA;Tangará da Serra;Mato Grosso;30202002025
1715;5106182;48601;-14.2459083333;-59.5911555556;30/04/2018;A;WASSUSU;COORDENACAO REGIONAL DE CUIABA;Nova Lacerda;Mato Grosso;30202002025
1716;5103304;48601;-14.1707777778;-59.8383888889;30/04/2018;A;ALANTESU;COORDENACAO REGIONAL DE CUIABA;Comodoro;Mato Grosso;30202002025
1718;5103304;48601;-13.3909722222;-60.0072305556;30/04/2018;A;MAMAINDÊ;COORDENACAO REGIONAL DE CUIABA;Comodoro;Mato Grosso;30202002025
2180;5102702;35301;-13.5066388889;-51.8733888889;08/06/2018;A;SÃO JOAQUIM;COORDENACAO REGIONAL RIBEIRAO CASCALHEIRA;Canarana;Mato Grosso;30202002046
2181;5107180;35301;-13.4676666667;-51.8673888889;08/06/2018;A;SÃO DOMINGOS;COORDENACAO REGIONAL RIBEIRAO CASCALHEIRA;Ribeirão Cascalheira;Mato Grosso;30202002046
2182;5102702;35301;-13.5856388889;-51.9242222222;08/06/2018;A;WEDEZE;COORDENACAO REGIONAL RIBEIRAO CASCALHEIRA;Canarana;Mato Grosso;30202002046
2183;5102702;35301;-13.5291111111;-51.7716666667;08/06/2018;A;SANTA CRUZ;COORDENACAO REGIONAL RIBEIRAO CASCALHEIRA;Canarana;Mato Grosso;30202002046
2184;5102702;35301;-13.5419722222;-51.7578611111;08/06/2018;A;CAÇULA;COORDENACAO REGIONAL RIBEIRAO CASCALHEIRA;Canarana;Mato Grosso;30202002046
2185;5102702;35301;-13.5467222222;-51.8725;08/06/2018;A;TANGURO;COORDENACAO REGIONAL RIBEIRAO CASCALHEIRA;Canarana;Mato Grosso;30202002046
2186;5102702;35301;-13.5070833333;-51.8957777778;08/06/2018;A;ATSERERÉ;COORDENACAO REGIONAL RIBEIRAO CASCALHEIRA;Canarana;Mato Grosso;30202002046
2187;5102702;35301;-13.5565555556;-51.9184166667;08/06/2018;A;NOVO PARAISO;COORDENACAO REGIONAL RIBEIRAO CASCALHEIRA;Canarana;Mato Grosso;30202002046
2188;5102702;35301;-13.5361944444;-51.9011111111;08/06/2018;A;SANTA MATINHA;COORDENACAO REGIONAL RIBEIRAO CASCALHEIRA;Canarana;Mato Grosso;30202002046
2189;5102702;35301;-13.6534444444;-51.9328611111;08/06/2018;A;PEQUI;COORDENACAO REGIONAL RIBEIRAO CASCALHEIRA;Canarana;Mato Grosso;30202002046
2190;5106174;3901;-14.2388888889;-52.0196666667;08/06/2018;A;JERUSALÉM;COORDENACAO REGIONAL RIBEIRAO CASCALHEIRA;Nova Nazaré;Mato Grosso;30202002046
2192;5106174;3901;-14.5819166667;-51.9773333333;08/06/2018;A;RÃIRÃTE;COORDENACAO REGIONAL RIBEIRAO CASCALHEIRA;Nova Nazaré;Mato Grosso;30202002046
2193;5106174;3901;-14.5474722222;-51.9388611111;08/06/2018;A;CRISTLINO (ETÉ-A);COORDENACAO REGIONAL RIBEIRAO CASCALHEIRA;Nova Nazaré;Mato Grosso;30202002046
2194;5106174;3901;-14.5847777778;-51.9986388889;08/06/2018;A;PEDRA BRANCA;COORDENACAO REGIONAL RIBEIRAO CASCALHEIRA;Nova Nazaré;Mato Grosso;30202002046
2195;5106174;3901;-14.6087305556;-52.0179888889;08/06/2018;A;MUTUM;COORDENACAO REGIONAL RIBEIRAO CASCALHEIRA;Nova Nazaré;Mato Grosso;30202002046
2196;5106174;3901;-14.579;-52.0777777778;08/06/2018;A;DOIS GALHOS;COORDENACAO REGIONAL RIBEIRAO CASCALHEIRA;Nova Nazaré;Mato Grosso;30202002046
2197;5106174;3901;-14.1570277778;-51.7641666667;08/06/2018;A;TRITOPÁ;COORDENACAO REGIONAL RIBEIRAO CASCALHEIRA;Nova Nazaré;Mato Grosso;30202002046
2198;5106174;3901;-14.1598611111;-51.8791111111;08/06/2018;A;SANTA RITA;COORDENACAO REGIONAL RIBEIRAO CASCALHEIRA;Nova Nazaré;Mato Grosso;30202002046
2199;5106174;3901;-14.2253055556;-51.9844444444;08/06/2018;A;MAEREA;COORDENACAO REGIONAL RIBEIRAO CASCALHEIRA;Nova Nazaré;Mato Grosso;30202002046
2201;5106174;3901;-14.2294722222;-52.1328611111;08/06/2018;A;SERRA NOVA;COORDENACAO REGIONAL RIBEIRAO CASCALHEIRA;Nova Nazaré;Mato Grosso;30202002046
2202;5100201;3901;-14.2926944444;-52.1657222222;08/06/2018;A;TRIPÁ;COORDENACAO REGIONAL RIBEIRAO CASCALHEIRA;Água Boa;Mato Grosso;30202002046
2203;5106174;3901;-14.3178333333;-52.1175833333;08/06/2018;A;UBARIRÉ (NOVA VIDA);COORDENACAO REGIONAL RIBEIRAO CASCALHEIRA;Nova Nazaré;Mato Grosso;30202002046
2205;5106174;3901;-14.4097777778;-52.2054444444;08/06/2018;A;ALEGRIA;COORDENACAO REGIONAL RIBEIRAO CASCALHEIRA;Nova Nazaré;Mato Grosso;30202002046
2206;5106174;3901;-14.4546944444;-52.2595;08/06/2018;A;NOVA ESPERANÇA;COORDENACAO REGIONAL RIBEIRAO CASCALHEIRA;Nova Nazaré;Mato Grosso;30202002046
2207;5106174;3901;-14.4279416667;-52.2423361111;08/06/2018;A;SANTA TEREZINHA;COORDENACAO REGIONAL RIBEIRAO CASCALHEIRA;Nova Nazaré;Mato Grosso;30202002046
2208;5106174;3901;-14.5058055556;-52.1560555556;08/06/2018;A;PEQUI;COORDENACAO REGIONAL RIBEIRAO CASCALHEIRA;Nova Nazaré;Mato Grosso;30202002046
2209;5106174;3901;-14.5069166667;-52.2800833333;08/06/2018;I;BURITIRANA;COORDENACAO REGIONAL RIBEIRAO CASCALHEIRA;Nova Nazaré;Mato Grosso;30202002046
2210;5106174;3901;-14.5746388889;-52.1902777778;08/06/2018;A;CACHOEIRA;COORDENACAO REGIONAL RIBEIRAO CASCALHEIRA;Nova Nazaré;Mato Grosso;30202002046
2211;5106174;3901;-14.5454722222;-52.2363055556;08/06/2018;A;MUITA PAZ;COORDENACAO REGIONAL RIBEIRAO CASCALHEIRA;Nova Nazaré;Mato Grosso;30202002046
2212;5106174;3901;-14.5376388889;-52.2706111111;08/06/2018;A;CAMPO ALEGRA;COORDENACAO REGIONAL RIBEIRAO CASCALHEIRA;Nova Nazaré;Mato Grosso;30202002046
2213;5106174;3901;-14.565;-52.3359444444;08/06/2018;A;TANGARA DA SERRA;COORDENACAO REGIONAL RIBEIRAO CASCALHEIRA;Nova Nazaré;Mato Grosso;30202002046
2214;5106174;3901;-14.5654166667;-52.3280555556;08/06/2018;A;SANTA MINA;COORDENACAO REGIONAL RIBEIRAO CASCALHEIRA;Nova Nazaré;Mato Grosso;30202002046
2215;5106174;3901;-14.2832222222;-52.0646666667;08/06/2018;A;NORÕWEDW;COORDENACAO REGIONAL RIBEIRAO CASCALHEIRA;Nova Nazaré;Mato Grosso;30202002046
2216;5106174;3901;-14.28175;-52.0837777778;08/06/2018;A;JESUS MARIA JOSE;COORDENACAO REGIONAL RIBEIRAO CASCALHEIRA;Nova Nazaré;Mato Grosso;30202002046
2218;5106174;3901;-14.4640833333;-52.1511388889;08/06/2018;A;FELIZ NATAL;COORDENACAO REGIONAL RIBEIRAO CASCALHEIRA;Nova Nazaré;Mato Grosso;30202002046
2272;5103700;33801;-11.2596055556;-53.2915972222;09/07/2018;A;JAYTATA;COORDENACAO REGIONAL DO XINGU;Feliz Natal;Mato Grosso;30202002060
2273;5107065;33801;-11.3169833333;-53.3006805556;09/07/2018;A;TRÊS BURITIS;COORDENACAO REGIONAL DO XINGU;Querência;Mato Grosso;30202002060
2274;5107065;33801;-11.432;-53.1020722222;09/07/2018;A;KAYASSU;COORDENACAO REGIONAL DO XINGU;Querência;Mato Grosso;30202002060
2275;5107065;33801;-11.4713722222;-53.1034694444;09/07/2018;A;RIO DOS LAGOS;COORDENACAO REGIONAL DO XINGU;Querência;Mato Grosso;30202002060
2276;5107065;33801;-11.4705944444;-53.4719722222;09/07/2018;A;YATEKAP;COORDENACAO REGIONAL DO XINGU;Querência;Mato Grosso;30202002060
2277;5103700;33801;-11.5728277778;-53.5561611111;09/07/2018;A;KANINÉ;COORDENACAO REGIONAL DO XINGU;Feliz Natal;Mato Grosso;30202002060
2278;5103700;33801;-11.6158111111;-53.5760777778;09/07/2018;A;KUMARI;COORDENACAO REGIONAL DO XINGU;Feliz Natal;Mato Grosso;30202002060
2279;5103700;33801;-11.7381305556;-53.6099361111;09/07/2018;A;ARAYO;COORDENACAO REGIONAL DO XINGU;Feliz Natal;Mato Grosso;30202002060
2280;5107065;33801;-11.9096944444;-53.4933305556;09/07/2018;A;ATIXI TIXIKXU;COORDENACAO REGIONAL DO XINGU;Querência;Mato Grosso;30202002060
2281;5106240;33801;-12.21;-53.9675555556;09/07/2018;A;TUPARA;COORDENACAO REGIONAL DO XINGU;Nova Ubiratã;Mato Grosso;30202002060
2283;5103858;33801;-12.289625;-53.3472;09/07/2018;A;PALLUSHAYU;COORDENACAO REGIONAL DO XINGU;Gaúcha do Norte;Mato Grosso;30202002060
2284;5103858;33801;-12.5238611111;-53.1289472222;09/07/2018;A;MAYENE;COORDENACAO REGIONAL DO XINGU;Gaúcha do Norte;Mato Grosso;30202002060
2285;5107065;33801;-12.4267555556;-52.738225;09/07/2018;A;CURUMIM;COORDENACAO REGIONAL DO XINGU;Querência;Mato Grosso;30202002060
2286;5107065;33801;-12.5523805556;-52.6021361111;09/07/2018;A;TUPEKU;COORDENACAO REGIONAL DO XINGU;Querência;Mato Grosso;30202002060
2287;5107065;33801;-12.6637527778;-52.6393694444;09/07/2018;A;SAPEZAL;COORDENACAO REGIONAL DO XINGU;Querência;Mato Grosso;30202002060
2288;5103858;33801;-12.7384694444;-52.9685805556;09/07/2018;A;KALUANE;COORDENACAO REGIONAL DO XINGU;Gaúcha do Norte;Mato Grosso;30202002060
2289;5103858;33801;-12.7853888889;-52.7853888889;09/07/2018;A;CARAMUJO;COORDENACAO REGIONAL DO XINGU;Gaúcha do Norte;Mato Grosso;30202002060
2290;5103858;33801;-12.7656611111;-52.9136916667;09/07/2018;A;AGATHA;COORDENACAO REGIONAL DO XINGU;Gaúcha do Norte;Mato Grosso;30202002060
2291;5102702;33801;-12.8068138889;-52.8491694444;09/07/2018;A;TEHUHUNGU;COORDENACAO REGIONAL DO XINGU;Canarana;Mato Grosso;30202002060
2292;5103858;33801;-12.8620333333;-52.8242305556;09/07/2018;A;ARANHE;COORDENACAO REGIONAL DO XINGU;Gaúcha do Norte;Mato Grosso;30202002060
2293;5103858;33801;-12.9350888889;-53.1664305556;09/07/2018;A;NEKUPAI;COORDENACAO REGIONAL DO XINGU;Gaúcha do Norte;Mato Grosso;30202002060
2294;5103858;33801;-12.9434055556;-53.1330305556;09/07/2018;A;KARIB;COORDENACAO REGIONAL DO XINGU;Gaúcha do Norte;Mato Grosso;30202002060
2295;5103858;33801;-12.9607333333;-53.1440833333;09/07/2018;A;KAWPYNA;COORDENACAO REGIONAL DO XINGU;Gaúcha do Norte;Mato Grosso;30202002060
2296;5103858;33801;-12.9850722222;-53.2320861111;09/07/2018;A;MIRASSOL;COORDENACAO REGIONAL DO XINGU;Gaúcha do Norte;Mato Grosso;30202002060
2297;5103858;33801;-12.999375;-53.6819583333;09/07/2018;A;PACUERA;COORDENACAO REGIONAL DO XINGU;Gaúcha do Norte;Mato Grosso;30202002060
2298;5103858;6001;-12.9011527778;-53.8980194444;09/07/2018;A;ULUPUENE;COORDENACAO REGIONAL DO XINGU;Gaúcha do Norte;Mato Grosso;30202002060
2299;5107065;49801;-11.6378194444;-52.9409194444;09/07/2018;A;YARUMA;COORDENACAO REGIONAL DO XINGU;Querência;Mato Grosso;30202002060
2300;5107065;49801;-11.7272527778;-52.9235222222;09/07/2018;A;KINGATI;COORDENACAO REGIONAL DO XINGU;Querência;Mato Grosso;30202002060
2314;5101407;43001;-11.2426055556;-61.2973611111;12/07/2018;A;LOBÓ;COORDENACAO REGIONAL DE CACOAL;Aripuanã;Mato Grosso;30202001934
2315;5101407;43001;-11.246525;-61.29575;12/07/2018;A;TIKAN;COORDENACAO REGIONAL DE CACOAL;Aripuanã;Mato Grosso;30202001934
2316;5101407;51101;-10.3252222222;-60.7396055556;12/07/2018;A;CANECO;COORDENACAO REGIONAL DE JI PARANA;Aripuanã;Mato Grosso;30202001948
2317;5101407;51101;-10.4207666667;-60.654425;12/07/2018;A;CHICÃO;COORDENACAO REGIONAL DE JI PARANA;Aripuanã;Mato Grosso;30202001948
2318;5101407;51101;-10.5477888889;-60.7019027778;12/07/2018;A;SERINGAL;COORDENACAO REGIONAL DE JI PARANA;Aripuanã;Mato Grosso;30202001948
2319;5101407;51101;-10.6697388889;-60.7757138889;12/07/2018;A;PANDARAWEJ;COORDENACAO REGIONAL DE JI PARANA;Aripuanã;Mato Grosso;30202001948
2320;5101407;51101;-10.6606416667;-60.57145;12/07/2018;A;ESCOLA;COORDENACAO REGIONAL DE JI PARANA;Aripuanã;Mato Grosso;30202001948
2321;5101407;51101;-10.7044666667;-60.5793111111;12/07/2018;A;SANTA CRUZ;COORDENACAO REGIONAL DE JI PARANA;Aripuanã;Mato Grosso;30202001948
2322;5101407;51101;-10.8033861111;-60.7264916667;12/07/2018;A;PARAISO DA SERRA;COORDENACAO REGIONAL DE JI PARANA;Aripuanã;Mato Grosso;30202001948
2323;5101407;51101;-10.8565305556;-60.7697888889;12/07/2018;A;CASA VERDE;COORDENACAO REGIONAL DE JI PARANA;Aripuanã;Mato Grosso;30202001948
2326;5101407;43001;-10.8113611111;-61.4069055556;12/07/2018;A;APOENA MEIRELES;COORDENACAO REGIONAL DE CACOAL;Aripuanã;Mato Grosso;30202001934
2369;5101605;5101;-17.0097888889;-56.5936416667;19/07/2018;A;ATERRADINHO;COORDENACAO REGIONAL DE CUIABA;Barão de Melgaço;Mato Grosso;30202002025
2370;5101605;5101;-17.0568361111;-56.582775;19/07/2018;A;ALEGRIA;COORDENACAO REGIONAL DE CUIABA;Barão de Melgaço;Mato Grosso;30202002025
2371;5101605;5101;-16.9997055556;-56.460425;19/07/2018;A;SÃO BENEDITO;COORDENACAO REGIONAL DE CUIABA;Barão de Melgaço;Mato Grosso;30202002025
2372;5103908;29001;-15.5523833333;-53.0788555556;19/07/2018;A;MERURE;COORDENACAO REGIONAL DE CUIABA;General Carneiro;Mato Grosso;30202002025
2373;5103908;29001;-15.58135;-53.1812194444;19/07/2018;A;NABUREIAU;COORDENACAO REGIONAL DE CUIABA;General Carneiro;Mato Grosso;30202002025
2374;5103908;29001;-15.7122944444;-53.074125;19/07/2018;A;GARÇA;COORDENACAO REGIONAL DE CUIABA;General Carneiro;Mato Grosso;30202002025
2375;5103304;30201;-13.0214138889;-59.5675944444;19/07/2018;A;CAMARARÉ;COORDENACAO REGIONAL DE CUIABA;Comodoro;Mato Grosso;30202002025
2376;5103304;30201;-12.8024888889;-59.8707861111;19/07/2018;A;CAMPOS NOVOS;COORDENACAO REGIONAL DE CUIABA;Comodoro;Mato Grosso;30202002025
2377;5105903;41301;-14.1940722222;-55.4780972222;19/07/2018;A;NOVA CANAÃ;COORDENACAO REGIONAL DE CUIABA;Nobres;Mato Grosso;30202002025
2378;5105903;41301;-14.2335972222;-55.4796166667;19/07/2018;A;SANTANA;COORDENACAO REGIONAL DE CUIABA;Nobres;Mato Grosso;30202002025
2380;5101704;48001;-15.0892055556;-57.1083472222;19/07/2018;A;UMUTINA;COORDENACAO REGIONAL DE CUIABA;Barra do Bugres;Mato Grosso;30202002025
2381;5106752;42101;-14.7906444444;-59.3984777778;19/07/2018;A;Sararé Centra;COORDENACAO REGIONAL DE CUIABA;Pontes e Lacerda;Mato Grosso;30202002025
3063;5105309;58301;-11.3025166667;-50.6999055556;04/09/2018;A;TERIBORÉ;COORDENACAO REGIONAL ARAGUAIA TOCANTINS;Luciara;Mato Grosso;30202001962
3439;5102603;32701;-14.266325;-53.0285166667;15/10/2018;A;SÃO PEDRO;COORDENACAO REGIONAL XAVANTE;Campinápolis;Mato Grosso;30202002053
3440;5102603;32701;-14.2705833333;-53.0260472222;15/10/2018;A;PARANOWÀ;COORDENACAO REGIONAL XAVANTE;Campinápolis;Mato Grosso;30202002053
3441;5102603;32701;-14.2676277778;-53.0342194444;15/10/2018;A;ONÇA PRETA;COORDENACAO REGIONAL XAVANTE;Campinápolis;Mato Grosso;30202002053
3442;5102603;32701;-14.2378666667;-53.0768388889;15/10/2018;A;SÃO PAULO;COORDENACAO REGIONAL XAVANTE;Campinápolis;Mato Grosso;30202002053
3443;5102603;32701;-14.2569861111;-52.9898333333;15/10/2018;A;BOM JESUS DA LAPA;COORDENACAO REGIONAL XAVANTE;Campinápolis;Mato Grosso;30202002053
3444;5102603;32701;-14.2807083333;-53.0280555556;15/10/2018;A;PIRAIBA;COORDENACAO REGIONAL XAVANTE;Campinápolis;Mato Grosso;30202002053
3445;5102603;32701;-14.3617111111;-53.0418194444;15/10/2018;A;SANTA ROSA;COORDENACAO REGIONAL XAVANTE;Campinápolis;Mato Grosso;30202002053
3446;5102603;32701;-14.3988083333;-53.0608805556;15/10/2018;A;COUTO MAGALHÃES;COORDENACAO REGIONAL XAVANTE;Campinápolis;Mato Grosso;30202002053
3585;5103304;11201;-12.3141527778;-59.2472416667;25/10/2018;A;Halataikwa;COORDENACAO REGIONAL NOROESTE DO MATO GROSSO;Comodoro;Mato Grosso;30202002032
3616;5102603;10001;-14.5485555556;-53.2305861111;29/10/2018;A;CHÃO PRETO;COORDENACAO REGIONAL XAVANTE;Campinápolis;Mato Grosso;30202002053
3617;5102603;10001;-14.5519111111;-53.2103722222;29/10/2018;A;MATA VERDE;COORDENACAO REGIONAL XAVANTE;Campinápolis;Mato Grosso;30202002053
3618;5102603;32701;-14.4749416667;-53.2092611111;29/10/2018;A;SANTA HELENA;COORDENACAO REGIONAL XAVANTE;Campinápolis;Mato Grosso;30202002053
3619;5102603;32701;-14.4783305556;-53.1968638889;29/10/2018;A;CAMPINAS;COORDENACAO REGIONAL XAVANTE;Campinápolis;Mato Grosso;30202002053
3620;5102603;32701;-14.4799722222;-53.1948833333;29/10/2018;A;SERRINHA;COORDENACAO REGIONAL XAVANTE;Campinápolis;Mato Grosso;30202002053
3621;5102603;32701;-14.5169361111;-53.1580611111;29/10/2018;A;SÃO JOÃO BATISTA;COORDENACAO REGIONAL XAVANTE;Campinápolis;Mato Grosso;30202002053
3622;5102603;32701;-14.453925;-53.1723055556;29/10/2018;A;CANDUSUL;COORDENACAO REGIONAL XAVANTE;Campinápolis;Mato Grosso;30202002053
3623;5102603;32701;-14.4611638889;-53.2250777778;29/10/2018;A;BRASIL;COORDENACAO REGIONAL XAVANTE;Campinápolis;Mato Grosso;30202002053
3624;5102603;32701;-14.4685444444;-53.2538972222;29/10/2018;A;JERUSALÉM;COORDENACAO REGIONAL XAVANTE;Campinápolis;Mato Grosso;30202002053
3625;5102603;32701;-14.4566666667;-53.2839888889;29/10/2018;A;COHABI;COORDENACAO REGIONAL XAVANTE;Campinápolis;Mato Grosso;30202002053
3626;5102603;32701;-14.517275;-53.2766083333;29/10/2018;A;BOA VISTA;COORDENACAO REGIONAL XAVANTE;Campinápolis;Mato Grosso;30202002053
3627;5102603;32701;-14.4102277778;-53.3156361111;29/10/2018;A;BAIXÃO;COORDENACAO REGIONAL XAVANTE;Campinápolis;Mato Grosso;30202002053
3628;5102603;32701;-14.4238027778;-53.2986666667;29/10/2018;A;SUCURI;COORDENACAO REGIONAL XAVANTE;Campinápolis;Mato Grosso;30202002053
3629;5102603;32701;-14.4243416667;-53.2654222222;29/10/2018;A;MATO GROSSO;COORDENACAO REGIONAL XAVANTE;Campinápolis;Mato Grosso;30202002053
3630;5102603;32701;-14.4206083333;-53.2231138889;29/10/2018;A;NOVO PARAISO;COORDENACAO REGIONAL XAVANTE;Campinápolis;Mato Grosso;30202002053
3631;5102603;32701;-14.3374805556;-53.2103638889;29/10/2018;A;ESTRELA;COORDENACAO REGIONAL XAVANTE;Campinápolis;Mato Grosso;30202002053
3632;5102603;32701;-14.3767277778;-53.17075;29/10/2018;A;ETEIPORE;COORDENACAO REGIONAL XAVANTE;Campinápolis;Mato Grosso;30202002053
3633;5102603;32701;-14.3785805556;-53.1671277778;29/10/2018;A;TELA VIVE;COORDENACAO REGIONAL XAVANTE;Campinápolis;Mato Grosso;30202002053
3634;5102603;32701;-14.3818555556;-53.0092111111;29/10/2018;A;ESPIRITO SANTO;COORDENACAO REGIONAL XAVANTE;Campinápolis;Mato Grosso;30202002053
3635;5102603;32701;-14.3908666667;-52.9761916667;29/10/2018;A;SÃO DOMINGOS;COORDENACAO REGIONAL XAVANTE;Campinápolis;Mato Grosso;30202002053
3636;5102603;32701;-14.4269527778;-52.8939472222;29/10/2018;A;SÃO FELIPE;COORDENACAO REGIONAL XAVANTE;Campinápolis;Mato Grosso;30202002053
3637;5102603;32701;-14.3636027778;-52.8618194444;29/10/2018;A;SANTA CLARA;COORDENACAO REGIONAL XAVANTE;Campinápolis;Mato Grosso;30202002053
3638;5102603;32701;-14.3242333333;-52.9324111111;29/10/2018;A;SÃO JOSE;COORDENACAO REGIONAL XAVANTE;Campinápolis;Mato Grosso;30202002053
3639;5102603;32701;-14.5822027778;-53.0219166667;29/10/2018;A;H O IWAPRÉDZWY;COORDENACAO REGIONAL XAVANTE;Campinápolis;Mato Grosso;30202002053
3640;5102603;32701;-14.5724166667;-53.0477277778;29/10/2018;A;SERRA VERDE;COORDENACAO REGIONAL XAVANTE;Campinápolis;Mato Grosso;30202002053
3641;5102603;32701;-14.4688166667;-53.3699055556;29/10/2018;A;PANORAMA;COORDENACAO REGIONAL XAVANTE;Campinápolis;Mato Grosso;30202002053
3642;5102603;32701;-14.4486;-53.3961138889;29/10/2018;A;ALDEONA;COORDENACAO REGIONAL XAVANTE;Campinápolis;Mato Grosso;30202002053
3643;5102603;32701;-14.4713916667;-53.4008472222;29/10/2018;A;CULINA;COORDENACAO REGIONAL XAVANTE;Campinápolis;Mato Grosso;30202002053
3644;5102603;47801;-14.4536388889;-53.5058444444;29/10/2018;A;PEDRA BRANCA;COORDENACAO REGIONAL XAVANTE;Campinápolis;Mato Grosso;30202002053
3645;5106281;47801;-14.4631138889;-53.4516833333;29/10/2018;A;SETE RIOS;COORDENACAO REGIONAL XAVANTE;Novo São Joaquim;Mato Grosso;30202002053
3646;5102603;32701;-14.4453777778;-53.4300972222;29/10/2018;A;ALVORADA;COORDENACAO REGIONAL XAVANTE;Campinápolis;Mato Grosso;30202002053
3647;5102603;32701;-14.4317722222;-53.447225;29/10/2018;A;PARAISO;COORDENACAO REGIONAL XAVANTE;Campinápolis;Mato Grosso;30202002053
3648;5102603;32701;-14.4141361111;-53.3701416667;29/10/2018;A;LAGOINHA;COORDENACAO REGIONAL XAVANTE;Campinápolis;Mato Grosso;30202002053
3649;5102603;32701;-14.3863722222;-53.3588055556;29/10/2018;A;EGITO;COORDENACAO REGIONAL XAVANTE;Campinápolis;Mato Grosso;30202002053
3650;5102603;32701;-14.3641083333;-53.40245;29/10/2018;A;TIRIWAWEPÁ;COORDENACAO REGIONAL XAVANTE;Campinápolis;Mato Grosso;30202002053
3651;5102603;32701;-14.33015;-53.3527444444;29/10/2018;A;BETEL;COORDENACAO REGIONAL XAVANTE;Campinápolis;Mato Grosso;30202002053
3652;5102603;32701;-14.297675;-53.3964694444;29/10/2018;A;ALTO DA VITORIA;COORDENACAO REGIONAL XAVANTE;Campinápolis;Mato Grosso;30202002053
3653;5102603;32701;-14.2501888889;-53.388225;29/10/2018;A;SANTA FÉ;COORDENACAO REGIONAL XAVANTE;Campinápolis;Mato Grosso;30202002053
3654;5102603;32701;-14.2608222222;-53.2855055556;29/10/2018;A;NOVA CANAÃ;COORDENACAO REGIONAL XAVANTE;Campinápolis;Mato Grosso;30202002053
3655;5102603;32701;-14.2044861111;-53.3497611111;29/10/2018;A;CORREGO DA MATA;COORDENACAO REGIONAL XAVANTE;Campinápolis;Mato Grosso;30202002053
3656;5102603;32701;-14.2298277778;-53.2434222222;29/10/2018;A;JACU;COORDENACAO REGIONAL XAVANTE;Campinápolis;Mato Grosso;30202002053
3657;5102603;32701;-14.2461166667;-53.2463638889;29/10/2018;A;PIRANHÃO;COORDENACAO REGIONAL XAVANTE;Campinápolis;Mato Grosso;30202002053
3658;5101803;58101;-15.0715194444;-52.5829166667;29/10/2018;A;TERRA PROMETIDA;COORDENACAO REGIONAL XAVANTE;Barra do Garças;Mato Grosso;30202002053
3659;5101803;58101;-15.1087361111;-52.7482666667;29/10/2018;A;EVANGÉLICA DE DEUS;COORDENACAO REGIONAL XAVANTE;Barra do Garças;Mato Grosso;30202002053
3660;5101803;58101;-15.142875;-52.7849444444;29/10/2018;A;SÃO GABRIEL;COORDENACAO REGIONAL XAVANTE;Barra do Garças;Mato Grosso;30202002053
3661;5101803;58101;-15.1840305556;-52.8590694444;29/10/2018;A;NAMUNKURA;COORDENACAO REGIONAL XAVANTE;Barra do Garças;Mato Grosso;30202002053
3662;5101803;58101;-15.2519055556;-52.9094472222;29/10/2018;A;NOSSA SENHORA AUXILIADORA;COORDENACAO REGIONAL XAVANTE;Barra do Garças;Mato Grosso;30202002053
3663;5101803;58101;-15.3145555556;-52.8453972222;29/10/2018;A;SANTISSIMA TRINDADE;COORDENACAO REGIONAL XAVANTE;Barra do Garças;Mato Grosso;30202002053
3664;5101803;58101;-15.3382777778;-52.8396611111;29/10/2018;A;NOSSA SENHORA APARECIDA;COORDENACAO REGIONAL XAVANTE;Barra do Garças;Mato Grosso;30202002053
3665;5101803;58101;-15.3569111111;-52.8478416667;29/10/2018;A;NOSSA SENHORA DA GUIA;COORDENACAO REGIONAL XAVANTE;Barra do Garças;Mato Grosso;30202002053
3666;5101803;58101;-15.3571611111;-52.8232194444;29/10/2018;A;DIVINA PROVIDENCIA;COORDENACAO REGIONAL XAVANTE;Barra do Garças;Mato Grosso;30202002053
3667;5101803;58101;-15.360975;-52.8208888889;29/10/2018;A;RAINHA DA PAZ;COORDENACAO REGIONAL XAVANTE;Barra do Garças;Mato Grosso;30202002053
3668;5101803;58101;-15.3622194444;-52.8086333333;29/10/2018;A;SÃO JOSE;COORDENACAO REGIONAL XAVANTE;Barra do Garças;Mato Grosso;30202002053
3669;5101803;58101;-15.3587777778;-52.8642916667;29/10/2018;A;SAGRADA FAMILIA;COORDENACAO REGIONAL XAVANTE;Barra do Garças;Mato Grosso;30202002053
3670;5101803;58101;-15.3653805556;-52.8722194444;29/10/2018;A;NOVA VIDA;COORDENACAO REGIONAL XAVANTE;Barra do Garças;Mato Grosso;30202002053
3671;5101803;58101;-15.3687055556;-52.8983083333;30/10/2018;A;IMACULADA CONCEIÇÃO;COORDENACAO REGIONAL XAVANTE;Barra do Garças;Mato Grosso;30202002053
3672;5101803;58101;-15.3755888889;-52.9049861111;30/10/2018;A;SÃO MARCOS;COORDENACAO REGIONAL XAVANTE;Barra do Garças;Mato Grosso;30202002053
3673;5101803;58101;-15.3841527778;-52.9302694444;30/10/2018;A;SALVADOR;COORDENACAO REGIONAL XAVANTE;Barra do Garças;Mato Grosso;30202002053
3674;5101803;58101;-15.4177611111;-52.932725;30/10/2018;A;NOSSA SENHORA DAS GRAÇAS;COORDENACAO REGIONAL XAVANTE;Barra do Garças;Mato Grosso;30202002053
3675;5101803;58101;-15.4212861111;-52.9354833333;30/10/2018;A;GUADALUPE;COORDENACAO REGIONAL XAVANTE;Barra do Garças;Mato Grosso;30202002053
3676;5101803;58101;-15.4239666667;-52.9290472222;30/10/2018;A;JUNDIAI;COORDENACAO REGIONAL XAVANTE;Barra do Garças;Mato Grosso;30202002053
3677;5101803;58101;-15.4519166667;-52.8587333333;30/10/2018;A;NOSSA SENHORA DE FÁTIMA;COORDENACAO REGIONAL XAVANTE;Barra do Garças;Mato Grosso;30202002053
3678;5101803;58101;-15.4697111111;-52.8586333333;30/10/2018;A;NOVA ESPERANÇA;COORDENACAO REGIONAL XAVANTE;Barra do Garças;Mato Grosso;30202002053
3679;5101803;58101;-15.4553972222;-52.8263083333;30/10/2018;A;DIAMAT;COORDENACAO REGIONAL XAVANTE;Barra do Garças;Mato Grosso;30202002053
3680;5101803;29001;-15.5195055556;-52.9519333333;30/10/2018;A;JESUS DE NAZARE;COORDENACAO REGIONAL DE CUIABA;Barra do Garças;Mato Grosso;30202002025
3681;5101803;29001;-15.4965638889;-52.9323916667;30/10/2018;A;SÃO CRISTOVÃO;COORDENACAO REGIONAL DE CUIABA;Barra do Garças;Mato Grosso;30202002025
3682;5106281;41101;-15.1834555556;-53.8530416667;30/10/2018;A;VOLTA GRANDE;COORDENACAO REGIONAL XAVANTE;Novo São Joaquim;Mato Grosso;30202002053
3683;5107008;41101;-15.3155944444;-53.932;30/10/2018;A;LAGOA ENCANTADA;COORDENACAO REGIONAL XAVANTE;Poxoréu;Mato Grosso;30202002053
3684;5107008;41101;-15.6063555556;-53.9575083333;30/10/2018;A;NHOWI;COORDENACAO REGIONAL XAVANTE;Poxoréu;Mato Grosso;30202002053
3685;5107008;41101;-15.2890611111;-53.8002972222;30/10/2018;A;DOM BOSCO;COORDENACAO REGIONAL XAVANTE;Poxoréu;Mato Grosso;30202002053
3686;5107008;41101;-15.4638361111;-53.947375;30/10/2018;A;MORIMBU;COORDENACAO REGIONAL XAVANTE;Poxoréu;Mato Grosso;30202002053
3687;5107008;41101;-15.582675;-53.9817305556;30/10/2018;A;ÉTE ARE;COORDENACAO REGIONAL XAVANTE;Poxoréu;Mato Grosso;30202002053
3688;5103908;41101;-15.537575;-53.8757194444;30/10/2018;A;TRES LAGOAS;COORDENACAO REGIONAL XAVANTE;General Carneiro;Mato Grosso;30202002053
3689;5103908;41101;-15.5201416667;-53.8217666667;30/10/2018;A;ABELHINHA;COORDENACAO REGIONAL XAVANTE;General Carneiro;Mato Grosso;30202002053
3690;5103908;41101;-15.4696138889;-53.8503583333;30/10/2018;A;CACHOEIRA DE PEDRA;COORDENACAO REGIONAL XAVANTE;General Carneiro;Mato Grosso;30202002053
3691;5103908;41101;-15.4705805556;-53.8026444444;30/10/2018;A;SÃO MIGUEL;COORDENACAO REGIONAL XAVANTE;General Carneiro;Mato Grosso;30202002053
3692;5103908;41101;-15.6825138889;-53.8303472222;30/10/2018;A;BOM JESUS;COORDENACAO REGIONAL XAVANTE;General Carneiro;Mato Grosso;30202002053
3693;5103908;41101;-15.7106722222;-53.7943666667;30/10/2018;A;TSÕ REPRE;COORDENACAO REGIONAL XAVANTE;General Carneiro;Mato Grosso;30202002053
3979;5100805;22902;-9.02777777778;-57.0963888889;09/10/2019;A;Ximari;COORDENACAO REGIONAL NORTE DO MATO GROSSO;Apiacás;Mato Grosso;30202002039
4089;5102702;33801;-12.849044444444;-52.810908333333;10/06/2020;A;Adjuaga (Kuluene);COORDENACAO REGIONAL DO XINGU;Canarana;Mato Grosso;30202002060
4090;5102702;33801;-12.830941666667;-52.827019444444;10/06/2020;A;Lago Azul;COORDENACAO REGIONAL DO XINGU;Canarana;Mato Grosso;30202002060
4091;5102702;33801;-12.807430555556;-52.849422222222;10/06/2020;A;Tehuhungu (Pedra);COORDENACAO REGIONAL DO XINGU;Canarana;Mato Grosso;30202002060
4092;5103858;55201;-12.961833333333;-52.906425;10/06/2020;A;Naruvôtu;COORDENACAO REGIONAL DO XINGU;Gaúcha do Norte;Mato Grosso;30202002060
4093;5103858;33801;-12.766397222222;-52.914252777778;10/06/2020;A;Agatha (Barranco Queimado);COORDENACAO REGIONAL DO XINGU;Gaúcha do Norte;Mato Grosso;30202002060
4094;5103858;33801;-12.785416666667;-52.984827777778;10/06/2020;A;Pangakigi (Caramujo);COORDENACAO REGIONAL DO XINGU;Gaúcha do Norte;Mato Grosso;30202002060
4095;5103858;33801;-12.736677777778;-52.969922222222;10/06/2020;A;Kaluwani (Paraíso);COORDENACAO REGIONAL DO XINGU;Gaúcha do Norte;Mato Grosso;30202002060
4096;5103858;33801;-12.588755555556;-53.071869444444;10/06/2020;A;Assahutu;COORDENACAO REGIONAL DO XINGU;Gaúcha do Norte;Mato Grosso;30202002060
4097;5103858;33801;-12.554113888889;-53.108305555556;10/06/2020;A;Lahatua;COORDENACAO REGIONAL DO XINGU;Gaúcha do Norte;Mato Grosso;30202002060
4098;5103858;33801;-12.523447222222;-53.128488888889;10/06/2020;A;Mayene;COORDENACAO REGIONAL DO XINGU;Gaúcha do Norte;Mato Grosso;30202002060
4099;5103858;33801;-12.351883333333;-53.209516666667;10/06/2020;A;Ipatse (Kuikuro);COORDENACAO REGIONAL DO XINGU;Gaúcha do Norte;Mato Grosso;30202002060
4100;5103858;33801;-12.542;-53.240366666667;10/06/2020;A;Buritizal;COORDENACAO REGIONAL DO XINGU;Gaúcha do Norte;Mato Grosso;30202002060
4101;5103858;33801;-12.983922222222;-53.232625;10/06/2020;A;Mirassol;COORDENACAO REGIONAL DO XINGU;Gaúcha do Norte;Mato Grosso;30202002060
4102;5103858;33801;-12.898380555556;-53.195866666667;10/06/2020;A;Nyarazul;COORDENACAO REGIONAL DO XINGU;Gaúcha do Norte;Mato Grosso;30202002060
4103;5103858;33801;-12.96105;-53.1442;10/06/2020;A;Kawpyna;COORDENACAO REGIONAL DO XINGU;Gaúcha do Norte;Mato Grosso;30202002060
4104;5103858;33801;-12.938569444444;-53.168561111111;10/06/2020;A;Nekupai;COORDENACAO REGIONAL DO XINGU;Gaúcha do Norte;Mato Grosso;30202002060
4105;5103858;33801;-12.992447222222;-53.437380555556;10/06/2020;A;Utawana;COORDENACAO REGIONAL DO XINGU;Gaúcha do Norte;Mato Grosso;30202002060
4106;5103858;33801;-12.854094444444;-53.385061111111;10/06/2020;A;Yaramy;COORDENACAO REGIONAL DO XINGU;Gaúcha do Norte;Mato Grosso;30202002060
4107;5103858;33801;-12.783030555556;-53.247741666667;10/06/2020;A;Ihumba;COORDENACAO REGIONAL DO XINGU;Gaúcha do Norte;Mato Grosso;30202002060
4108;5103858;33801;-12.603763888889;-53.419913888889;10/06/2020;A;Uyaipiuku (Mehinako);COORDENACAO REGIONAL DO XINGU;Gaúcha do Norte;Mato Grosso;30202002060
4109;5103858;33801;-12.382875;-53.392183333333;10/06/2020;A;Tazu´jyt Tetam (Aweti);COORDENACAO REGIONAL DO XINGU;Gaúcha do Norte;Mato Grosso;30202002060
4110;5103858;33801;-12.346216666667;-53.329280555556;10/06/2020;A;São Jorge;COORDENACAO REGIONAL DO XINGU;Gaúcha do Norte;Mato Grosso;30202002060
4111;5103858;33801;-12.289775;-53.345211111111;10/06/2020;A;Palushayu;COORDENACAO REGIONAL DO XINGU;Gaúcha do Norte;Mato Grosso;30202002060
4112;5103858;33801;-12.263902777778;-53.353383333333;10/06/2020;A;Saidão da Fumaça;COORDENACAO REGIONAL DO XINGU;Gaúcha do Norte;Mato Grosso;30202002060
4113;5103858;33801;-12.166841666667;-53.335361111111;10/06/2020;A;Tuatuari (Yawalapiti);COORDENACAO REGIONAL DO XINGU;Gaúcha do Norte;Mato Grosso;30202002060
4114;5103858;33801;-12.153563888889;-53.432958333333;10/06/2020;A;Ipavu (Kamayura);COORDENACAO REGIONAL DO XINGU;Gaúcha do Norte;Mato Grosso;30202002060
4115;5103858;33801;-12.248977777778;-53.582594444444;10/06/2020;A;Piyulaga (Waura);COORDENACAO REGIONAL DO XINGU;Gaúcha do Norte;Mato Grosso;30202002060
4116;5103858;33801;-12.999322222222;-53.681930555556;10/06/2020;A;Aturwa;COORDENACAO REGIONAL DO XINGU;Gaúcha do Norte;Mato Grosso;30202002060
4117;5103858;6001;-12.992580555556;-53.976761111111;10/06/2020;A;Kamitatuwalu (Batovi);COORDENACAO REGIONAL DO XINGU;Gaúcha do Norte;Mato Grosso;30202002060
4118;5103858;6001;-12.900963888889;-53.897963888889;10/06/2020;A;Ulupuwene;COORDENACAO REGIONAL DO XINGU;Gaúcha do Norte;Mato Grosso;30202002060
4119;5106307;33801;-12.748141666667;-53.854941666667;10/06/2020;A;Tsekuru;COORDENACAO REGIONAL DO XINGU;Paranatinga;Mato Grosso;30202002060
4120;5106307;33801;-12.488583333333;-53.799102777778;10/06/2020;A;Topepeweke;COORDENACAO REGIONAL DO XINGU;Paranatinga;Mato Grosso;30202002060
4122;5106240;33801;-12.209955555556;-53.967836111111;10/06/2020;A;Tupará;COORDENACAO REGIONAL DO XINGU;Nova Ubiratã;Mato Grosso;30202002060
4123;5103700;33801;-12.0847;-53.946691666667;10/06/2020;A;Steinen;COORDENACAO REGIONAL DO XINGU;Feliz Natal;Mato Grosso;30202002060
4124;5103700;33801;-12.069;-53.85655;10/06/2020;A;Piyulewene;COORDENACAO REGIONAL DO XINGU;Feliz Natal;Mato Grosso;30202002060
4125;5103700;33801;-11.933363888889;-53.553755555556;10/06/2020;A;Morená;COORDENACAO REGIONAL DO XINGU;Feliz Natal;Mato Grosso;30202002060
4126;5103700;33801;-11.8571;-53.594461111111;10/06/2020;A;Boa Esperança;COORDENACAO REGIONAL DO XINGU;Feliz Natal;Mato Grosso;30202002060
4127;5103700;33801;-11.747969444444;-53.621458333333;10/06/2020;A;Moygu;COORDENACAO REGIONAL DO XINGU;Feliz Natal;Mato Grosso;30202002060
4128;5103700;33801;-11.738094444444;-53.609872222222;10/06/2020;A;Arayo;COORDENACAO REGIONAL DO XINGU;Feliz Natal;Mato Grosso;30202002060
4129;5103700;33801;-11.633633333333;-53.579936111111;10/06/2020;A;Eiruwi;COORDENACAO REGIONAL DO XINGU;Feliz Natal;Mato Grosso;30202002060
4130;5103700;33801;-11.615813888889;-53.575788888889;10/06/2020;A;Kumari;COORDENACAO REGIONAL DO XINGU;Feliz Natal;Mato Grosso;30202002060
4131;5103700;33801;-11.573461111111;-53.555763888889;10/06/2020;A;Kaniné;COORDENACAO REGIONAL DO XINGU;Feliz Natal;Mato Grosso;30202002060
4132;5103700;33801;-11.551755555556;-53.531433333333;10/06/2020;A;Barranco Alto;COORDENACAO REGIONAL DO XINGU;Feliz Natal;Mato Grosso;30202002060
4133;5103700;33801;-11.475411111111;-53.511727777778;10/06/2020;A;Kwaryjá;COORDENACAO REGIONAL DO XINGU;Feliz Natal;Mato Grosso;30202002060
4134;5103700;33801;-11.272511111111;-53.303541666667;10/06/2020;A;Jatyta;COORDENACAO REGIONAL DO XINGU;Feliz Natal;Mato Grosso;30202002060
4135;5103700;33801;-11.259072222222;-53.291544444444;10/06/2020;A;Jaytata;COORDENACAO REGIONAL DO XINGU;Feliz Natal;Mato Grosso;30202002060
4136;5103700;33801;-11.226044444444;-53.27125;10/06/2020;A;Kawairup;COORDENACAO REGIONAL DO XINGU;Feliz Natal;Mato Grosso;30202002060
4137;5103700;33801;-11.096711111111;-53.514633333333;10/06/2020;A;Paranaíta;COORDENACAO REGIONAL DO XINGU;Feliz Natal;Mato Grosso;30202002060
4138;5103700;33801;-11.124861111111;-53.597102777778;10/06/2020;A;Três Patos;COORDENACAO REGIONAL DO XINGU;Feliz Natal;Mato Grosso;30202002060
4139;5103700;33801;-11.216091666667;-53.725386111111;10/06/2020;A;Monte Sinai;COORDENACAO REGIONAL DO XINGU;Feliz Natal;Mato Grosso;30202002060
4140;5103700;33801;-11.154697222222;-53.642488888889;10/06/2020;A;Mynumy (Mainumã);COORDENACAO REGIONAL DO XINGU;Feliz Natal;Mato Grosso;30202002060
4141;5103700;33801;-11.189963888889;-53.689513888889;10/06/2020;A;Bom Jesus;COORDENACAO REGIONAL DO XINGU;Feliz Natal;Mato Grosso;30202002060
4142;5103700;33801;-11.255083333333;-53.758141666667;10/06/2020;A;Sobradinho;COORDENACAO REGIONAL DO XINGU;Feliz Natal;Mato Grosso;30202002060
4143;5103700;33801;-11.295208333333;-53.781211111111;10/06/2020;A;Maraká;COORDENACAO REGIONAL DO XINGU;Feliz Natal;Mato Grosso;30202002060
4144;5103700;33801;-11.324247222222;-53.790411111111;10/06/2020;A;Iguaçu;COORDENACAO REGIONAL DO XINGU;Feliz Natal;Mato Grosso;30202002060
4145;5103700;33801;-11.553991666667;-53.976325;10/06/2020;A;Jenap;COORDENACAO REGIONAL DO XINGU;Feliz Natal;Mato Grosso;30202002060
4146;5103700;33801;-11.588708333333;-54.000077777778;10/06/2020;A;Maita;COORDENACAO REGIONAL DO XINGU;Feliz Natal;Mato Grosso;30202002060
4147;5103700;33801;-11.518669444444;-53.868311111111;10/06/2020;A;Novo Progresso;COORDENACAO REGIONAL DO XINGU;Feliz Natal;Mato Grosso;30202002060
4148;5105580;33801;-11.083227777778;-53.559136111111;10/06/2020;A;Castanhal;COORDENACAO REGIONAL DO XINGU;Marcelândia;Mato Grosso;30202002060
4149;5105580;33801;-10.984019444444;-53.343719444444;10/06/2020;A;Madika;COORDENACAO REGIONAL DO XINGU;Marcelândia;Mato Grosso;30202002060
4150;5103700;33801;-11.050744444444;-53.462072222222;10/06/2020;A;JM;COORDENACAO REGIONAL DO XINGU;Feliz Natal;Mato Grosso;30202002060
4151;5105580;33801;-11.045261111111;-53.422108333333;10/06/2020;A;Aiporé;COORDENACAO REGIONAL DO XINGU;Marcelândia;Mato Grosso;30202002060
4152;5105580;33801;-10.948402777778;-53.316833333333;10/06/2020;A;Tuba Tuba;COORDENACAO REGIONAL DO XINGU;Marcelândia;Mato Grosso;30202002060
4153;5105580;33801;-10.860008333333;-53.222097222222;10/06/2020;A;Caiçara;COORDENACAO REGIONAL DO XINGU;Marcelândia;Mato Grosso;30202002060
4154;5105580;33801;-10.855322222222;-53.202738888889;10/06/2020;A;Parureda;COORDENACAO REGIONAL DO XINGU;Marcelândia;Mato Grosso;30202002060
4155;5105580;33801;-11.016188888889;-53.368933333333;10/06/2020;A;Tapakai;COORDENACAO REGIONAL DO XINGU;Marcelândia;Mato Grosso;30202002060
4156;5107354;33801;-10.781588888889;-53.079308333333;10/06/2020;A;Pakaya;COORDENACAO REGIONAL DO XINGU;São José do Xingu;Mato Grosso;30202002060
4157;5107354;33801;-10.834436111111;-53.116313888889;10/06/2020;A;Aribaru;COORDENACAO REGIONAL DO XINGU;São José do Xingu;Mato Grosso;30202002060
4158;5107354;33801;-10.801533333333;-52.761355555556;10/06/2020;A;Kamoi (Tuiuiu);COORDENACAO REGIONAL DO XINGU;São José do Xingu;Mato Grosso;30202002060
4159;5107354;33801;-10.943452777778;-52.940136111111;10/06/2020;A;Rio Preto;COORDENACAO REGIONAL DO XINGU;São José do Xingu;Mato Grosso;30202002060
4160;5107859;33801;-10.937188888889;-53.061377777778;10/06/2020;A;Awaia;COORDENACAO REGIONAL DO XINGU;São Félix do Araguaia;Mato Grosso;30202002060
4161;5107859;33801;-11.029488888889;-53.2867;10/06/2020;A;Paksamba;COORDENACAO REGIONAL DO XINGU;São Félix do Araguaia;Mato Grosso;30202002060
4162;5107859;33801;-11.048227777778;-53.278152777778;10/06/2020;A;Pequizal;COORDENACAO REGIONAL DO XINGU;São Félix do Araguaia;Mato Grosso;30202002060
4163;5107859;33801;-11.068588888889;-53.274616666667;10/06/2020;A;Alto da Glória;COORDENACAO REGIONAL DO XINGU;São Félix do Araguaia;Mato Grosso;30202002060
4164;5107859;33801;-11.093963888889;-53.256422222222;10/06/2020;A;Capivara;COORDENACAO REGIONAL DO XINGU;São Félix do Araguaia;Mato Grosso;30202002060
4165;5107859;33801;-11.159766666667;-53.235488888889;10/06/2020;A;Paranavaí;COORDENACAO REGIONAL DO XINGU;São Félix do Araguaia;Mato Grosso;30202002060
4166;5107859;33801;-11.199275;-53.236097222222;10/06/2020;A;Diauarum;COORDENACAO REGIONAL DO XINGU;São Félix do Araguaia;Mato Grosso;30202002060
4167;5107065;33801;-12.690455555556;-52.611433333333;10/06/2020;A;Tangurinho;COORDENACAO REGIONAL DO XINGU;Querência;Mato Grosso;30202002060
4168;5107065;33801;-12.646077777778;-52.695544444444;10/06/2020;A;Sapezal;COORDENACAO REGIONAL DO XINGU;Querência;Mato Grosso;30202002060
4169;5107065;33801;-12.598841666667;-52.923533333333;10/06/2020;A;Tanguro;COORDENACAO REGIONAL DO XINGU;Querência;Mato Grosso;30202002060
4170;5107065;33801;-12.517272222222;-53.004125;10/06/2020;A;Afukuri;COORDENACAO REGIONAL DO XINGU;Querência;Mato Grosso;30202002060
4171;5107065;33801;-12.555355555556;-52.599713888889;10/06/2020;A;Paranatu;COORDENACAO REGIONAL DO XINGU;Querência;Mato Grosso;30202002060
4172;5107065;33801;-12.552383333333;-52.602147222222;10/06/2020;A;Tupeku;COORDENACAO REGIONAL DO XINGU;Querência;Mato Grosso;30202002060
4173;5107065;33801;-12.426338888889;-52.738522222222;10/06/2020;A;Kurumin;COORDENACAO REGIONAL DO XINGU;Querência;Mato Grosso;30202002060
4174;5107065;33801;-12.241280555556;-53.187147222222;10/06/2020;A;Ngahünga;COORDENACAO REGIONAL DO XINGU;Querência;Mato Grosso;30202002060
4175;5107065;33801;-12.231172222222;-53.186197222222;10/06/2020;A;Matipu;COORDENACAO REGIONAL DO XINGU;Querência;Mato Grosso;30202002060
4176;5107065;33801;-12.162930555556;-53.255791666667;10/06/2020;A;Aiha (Kalapalo);COORDENACAO REGIONAL DO XINGU;Querência;Mato Grosso;30202002060
4177;5107065;33801;-12.103311111111;-53.294794444444;10/06/2020;A;Majyape (Nafukua);COORDENACAO REGIONAL DO XINGU;Querência;Mato Grosso;30202002060
4178;5107065;33801;-12.007480555556;-53.399394444444;10/06/2020;A;Jacaré;COORDENACAO REGIONAL DO XINGU;Querência;Mato Grosso;30202002060
4179;5107065;33801;-11.90925;-53.493066666667;10/06/2020;A;Três Lagos;COORDENACAO REGIONAL DO XINGU;Querência;Mato Grosso;30202002060
4180;5107065;33801;-11.499597222222;-53.459052777778;10/06/2020;A;Ilha Grande;COORDENACAO REGIONAL DO XINGU;Querência;Mato Grosso;30202002060
4181;5107065;33801;-11.470663888889;-53.438636111111;10/06/2020;A;Jatykap;COORDENACAO REGIONAL DO XINGU;Querência;Mato Grosso;30202002060
4182;5107065;33801;-11.438230555556;-53.395569444444;10/06/2020;A;Tuiararé;COORDENACAO REGIONAL DO XINGU;Querência;Mato Grosso;30202002060
4183;5107065;33801;-11.431555555556;-53.392325;10/06/2020;A;Sol Nascente;COORDENACAO REGIONAL DO XINGU;Querência;Mato Grosso;30202002060
4184;5107065;33801;-11.382191666667;-53.359394444444;10/06/2020;A;Samaúma;COORDENACAO REGIONAL DO XINGU;Querência;Mato Grosso;30202002060
4185;5107065;33801;-11.374172222222;-53.352661111111;10/06/2020;A;Moitará;COORDENACAO REGIONAL DO XINGU;Querência;Mato Grosso;30202002060
4186;5107065;33801;-11.333691666667;-53.317163888889;10/06/2020;A;Ita´i (Três Vizinhos);COORDENACAO REGIONAL DO XINGU;Querência;Mato Grosso;30202002060
4187;5107065;33801;-11.316705555556;-53.300572222222;10/06/2020;A;Três Buritis;COORDENACAO REGIONAL DO XINGU;Querência;Mato Grosso;30202002060
4188;5107065;33801;-11.328713888889;-53.205675;10/06/2020;A;Onze de Setembro;COORDENACAO REGIONAL DO XINGU;Querência;Mato Grosso;30202002060
4189;5107065;49801;-11.529497222222;-53.019411111111;10/06/2020;A;Ngôsoko;COORDENACAO REGIONAL DO XINGU;Querência;Mato Grosso;30202002060
4190;5107065;49801;-11.606966666667;-52.960888888889;10/06/2020;A;Horehusikrô;COORDENACAO REGIONAL DO XINGU;Querência;Mato Grosso;30202002060
4191;5107065;49801;-11.637811111111;-52.941272222222;10/06/2020;A;Yarumã;COORDENACAO REGIONAL DO XINGU;Querência;Mato Grosso;30202002060
4192;5107065;49801;-11.730647222222;-52.926322222222;10/06/2020;A;Khikatxi;COORDENACAO REGIONAL DO XINGU;Querência;Mato Grosso;30202002060
4196;5100805;22902;-7.95666666667;-57.8416666667;10/07/2020;A;Aldeia Mayrowi;COORDENACAO REGIONAL NORTE DO MATO GROSSO;Apiacás;Mato Grosso;30202002039
4197;5100805;68301;-7.64983333333;-57.9449694444;10/07/2020;A;Aldeia Três Marias;COORDENACAO REGIONAL NORTE DO MATO GROSSO;Apiacás;Mato Grosso;30202002039
4198;5100805;68301;-7.40833333333;-58.175;10/07/2020;A;Aldeia Pirapitua;COORDENACAO REGIONAL NORTE DO MATO GROSSO;Apiacás;Mato Grosso;30202002039
4199;5100805;68301;-8.10083333333;-58.2852777778;10/07/2020;A;Aldeia Pontal;COORDENACAO REGIONAL NORTE DO MATO GROSSO;Apiacás;Mato Grosso;30202002039
4200;5100805;68301;-8.14194444444;-58.2930555556;10/07/2020;A;Aldeia Kanindé;COORDENACAO REGIONAL NORTE DO MATO GROSSO;Apiacás;Mato Grosso;30202002039
4201;5106422;9201;-10.5844444444;-53.0897222222;13/07/2020;A;Aldeia Tonhore;COORDENACAO REGIONAL NORTE DO MATO GROSSO;Peixoto de Azevedo;Mato Grosso;30202002039
4269;5106422;9201;-10.4564416667;-53.3046722222;18/09/2020;A;Kromare;COORDENACAO REGIONAL NORTE DO MATO GROSSO;Peixoto de Azevedo;Mato Grosso;30202002039
4441;5102603;32701;-14.5917222222;-53.0981111111;16/07/2021;A;Hoiwaprédzawi;COORDENACAO REGIONAL XAVANTE;Campinápolis;Mato Grosso;30202002053
4512;5103361;42101;-14.7943138889;-59.5558444444;12/08/2021;A;Aldeia Serra da Borda;COORDENACAO REGIONAL DE CUIABA;Conquista D'Oeste;Mato Grosso;30202002025
4513;5106752;42101;-14.9788805556;-59.4747083333;12/08/2021;A;Aldeia Pivi;COORDENACAO REGIONAL DE CUIABA;Pontes e Lacerda;Mato Grosso;30202002025
4514;5106182;42101;-14.7691027778;-59.6173277778;12/08/2021;A;Paukalira (Piscina);COORDENACAO REGIONAL DE CUIABA;Nova Lacerda;Mato Grosso;30202002025
4515;5103361;42101;-14.842025;-59.3279944444;12/08/2021;A;Figueiras (Aldeia do Danilo);COORDENACAO REGIONAL DE CUIABA;Conquista D'Oeste;Mato Grosso;30202002025
4516;5103361;42101;-14.7216666667;-59.4354638889;12/08/2021;A;Canachuê;COORDENACAO REGIONAL DE CUIABA;Conquista D'Oeste;Mato Grosso;30202002025
4622;5107800;45001;-16.5320416667;-55.0258972222;24/09/2021;A;Posto Indigena Gomes Pimentel;COORDENACAO REGIONAL DE CUIABA;Santo Antônio de Leverger;Mato Grosso;30202002025
4623;5107800;45001;-16.6074166667;-55.2071472222;24/09/2021;A;Posto Indígena Gomes Carneiro;COORDENACAO REGIONAL DE CUIABA;Santo Antônio de Leverger;Mato Grosso;30202002025
4626;5106778;48301;-10.8818655556;-51.2072022222;15/12/2021;A;Codebra;COORDENACAO REGIONAL ARAGUAIA TOCANTINS;Porto Alegre do Norte;Mato Grosso;30202001962
4627;5106778;48301;-11.0065188889;-51.3049333333;15/12/2021;A;Santa Luzia;COORDENACAO REGIONAL ARAGUAIA TOCANTINS;Porto Alegre do Norte;Mato Grosso;30202001962
4628;5106778;48301;-10.8702727778;-51.31269;15/12/2021;A;Sapera;COORDENACAO REGIONAL ARAGUAIA TOCANTINS;Porto Alegre do Norte;Mato Grosso;30202001962
4629;5107776;48301;-10.6709208333;-51.3566461111;15/12/2021;A;Urubu Branco;COORDENACAO REGIONAL ARAGUAIA TOCANTINS;Santa Terezinha;Mato Grosso;30202001962
4630;5107776;48301;-10.7075691667;-51.3139822222;15/12/2021;A;Córrego da Onça;COORDENACAO REGIONAL ARAGUAIA TOCANTINS;Santa Terezinha;Mato Grosso;30202001962
4633;5105150;11201;-12.2588411111;-59.3332083333;06/01/2022;A;Kotokowiñakwa/Dolowikwa;COORDENACAO REGIONAL NOROESTE DO MATO GROSSO;Juína;Mato Grosso;30202002032
4642;5107875;11201;-12.1547730556;-58.7786405556;07/01/2022;A;Koliñakwa;COORDENACAO REGIONAL NOROESTE DO MATO GROSSO;Sapezal;Mato Grosso;30202002032
4719;5107578;51101;-10.7371944444;-60.6205555556;15/02/2022;A;Ipsyrej;COORDENACAO REGIONAL DE JI PARANA;Rondolândia;Mato Grosso;30202001948
4720;5107578;51101;-10.2143888889;-60.8901944444;15/02/2022;A;Chiquinho;COORDENACAO REGIONAL DE JI PARANA;Rondolândia;Mato Grosso;30202001948
4744;5100359;26901;-11.7102777778;-51.6111111111;28/03/2022;A;Tsuprasiutse;COORDENACAO REGIONAL RIBEIRAO CASCALHEIRA;Alto Boa Vista;Mato Grosso;30202002046
4745;5107859;26901;-11.6650030556;-51.6900597222;28/03/2022;A;Pedaré;COORDENACAO REGIONAL RIBEIRAO CASCALHEIRA;São Félix do Araguaia;Mato Grosso;30202002046
4746;5107883;26901;-11.8108333333;-51.4308333333;28/03/2022;A;Etetsiri;COORDENACAO REGIONAL RIBEIRAO CASCALHEIRA;Serra Nova Dourada;Mato Grosso;30202002046
4747;5100359;26901;-11.8061111111;-51.5608333333;28/03/2022;A;Cristo Rei;COORDENACAO REGIONAL RIBEIRAO CASCALHEIRA;Alto Boa Vista;Mato Grosso;30202002046
4748;5100359;26901;-11.6961111111;-51.4663888889;28/03/2022;A;Moonipa;COORDENACAO REGIONAL RIBEIRAO CASCALHEIRA;Alto Boa Vista;Mato Grosso;30202002046
4749;5101852;26901;-11.9330555556;-51.7913888889;28/03/2022;A;Tsibaadzatsi;COORDENACAO REGIONAL RIBEIRAO CASCALHEIRA;Bom Jesus do Araguaia;Mato Grosso;30202002046
4750;5100359;26901;-11.8107222222;-51.5778333333;28/03/2022;A;Aopá;COORDENACAO REGIONAL RIBEIRAO CASCALHEIRA;Alto Boa Vista;Mato Grosso;30202002046
4751;5100359;26901;-11.7906388889;-51.6780277778;28/03/2022;A;Maraiwatsédé;COORDENACAO REGIONAL RIBEIRAO CASCALHEIRA;Alto Boa Vista;Mato Grosso;30202002046
4752;5107180;35301;-13.4137575;-51.8393430556;28/03/2022;A;Santa Vitória;COORDENACAO REGIONAL RIBEIRAO CASCALHEIRA;Ribeirão Cascalheira;Mato Grosso;30202002046
4753;5102702;35301;-13.5355555556;-51.7844444444;28/03/2022;A;Maria de Jesus (Wamariwe);COORDENACAO REGIONAL RIBEIRAO CASCALHEIRA;Canarana;Mato Grosso;30202002046
4755;5102702;35301;-13.5891666667;-51.9155555556;28/03/2022;A;Boa Vida;COORDENACAO REGIONAL RIBEIRAO CASCALHEIRA;Canarana;Mato Grosso;30202002046
4764;5106174;3902;-14.3573455556;-52.1216816667;28/03/2022;A;Água Viva;COORDENACAO REGIONAL RIBEIRAO CASCALHEIRA;Nova Nazaré;Mato Grosso;30202002046
4765;5100201;3902;-14.2287830556;-52.1306930556;28/03/2022;A;El Shaday;COORDENACAO REGIONAL RIBEIRAO CASCALHEIRA;Água Boa;Mato Grosso;30202002046
4767;5100201;3902;-14.2294722222;-52.1328611111;28/03/2022;A;Serra Nova;COORDENACAO REGIONAL RIBEIRAO CASCALHEIRA;Água Boa;Mato Grosso;30202002046
4804;5106174;3902;-14.4028383333;-52.1418336111;31/03/2022;A;Lagoa Grande;COORDENACAO REGIONAL RIBEIRAO CASCALHEIRA;Nova Nazaré;Mato Grosso;30202002046
4805;5100201;3902;-14.2699341667;-52.0996344444;31/03/2022;A;Babaçu;COORDENACAO REGIONAL RIBEIRAO CASCALHEIRA;Água Boa;Mato Grosso;30202002046
4806;5100201;3902;-14.2757222222;-52.1586388889;31/03/2022;A;Água Quente;COORDENACAO REGIONAL RIBEIRAO CASCALHEIRA;Água Boa;Mato Grosso;30202002046
4807;5106174;3901;-14.5406961111;-51.9247047222;31/03/2022;A;São Cristóvão;COORDENACAO REGIONAL RIBEIRAO CASCALHEIRA;Nova Nazaré;Mato Grosso;30202002046
5030;5106422;44901;-10.4491888889;-54.4150611111;27/09/2022;A;Kopenoty;COORDENACAO REGIONAL NORTE DO MATO GROSSO;Peixoto de Azevedo;Mato Grosso;30202002039
5034;5100805;22902;-8.43038611111;-57.6892277778;29/09/2022;A;Burutanga;COORDENACAO REGIONAL NORTE DO MATO GROSSO;Apiacás;Mato Grosso;30202002039
5035;5100805;68301;-7.96255833333;-57.8365888889;29/09/2022;A;Burixiwá;COORDENACAO REGIONAL NORTE DO MATO GROSSO;Apiacás;Mato Grosso;30202002039
5074;5102686;47901;-14.3612777778;-59.2444055556;28/03/2023;A;Arimateia;COORDENACAO REGIONAL DE CUIABA;Campos de Júlio;Mato Grosso;30202002025
5208;5106422;9201;-10.104744444444;-53.752175;07/12/2023;A;JARINA;COORDENACAO REGIONAL NORTE DO MATO GROSSO;Peixoto de Azevedo;Mato Grosso;30202002039
5209;5106307;65001;-12.203756944444;-53.963651388889;07/12/2023;A;Pïrino;COORDENACAO REGIONAL DO XINGU;Paranatinga;Mato Grosso;30202002060
5210;5106307;33801;-12.2587;-53.987101944444;07/12/2023;A;Rawo;COORDENACAO REGIONAL DO XINGU;Paranatinga;Mato Grosso;30202002060
5223;5105606;44901;-9.7715277777778;-53.801877777778;25/04/2024;A;Inamaty Pokee;COORDENACAO REGIONAL NORTE DO MATO GROSSO;Matupá;Mato Grosso;30202002039
5224;5105606;44901;-9.7111305555556;-53.968513888889;25/04/2024;A;Turipuku;COORDENACAO REGIONAL NORTE DO MATO GROSSO;Matupá;Mato Grosso;30202002039
5225;5105606;44901;-9.7333222222222;-53.783769444444;25/04/2024;A;Kuxonety pokee;COORDENACAO REGIONAL NORTE DO MATO GROSSO;Matupá;Mato Grosso;30202002039
5228;5100805;68301;-13.080241666667;-60.486061944444;24/07/2024;I;Castanheira;COORDENACAO REGIONAL NORTE DO MATO GROSSO;Apiacás;Mato Grosso;30202002039
5236;5107958;33401;-14.072027777778;-58.100472222222;01/10/2024;A;Hyakane Maytsutsu;COORDENACAO REGIONAL DE CUIABA;Tangará da Serra;Mato Grosso;30202002025
5240;5106828;59001;-16.228487944444;-59.415066694444;10/01/2025;A;Paama Mastakama;COORDENACAO REGIONAL DE CUIABA;Porto Esperidião;Mato Grosso;30202002025
5241;5106828;59001;-16.232463555556;-59.415112222222;10/01/2025;A;Acorizal;COORDENACAO REGIONAL DE CUIABA;Porto Esperidião;Mato Grosso;30202002025
5242;5106828;59001;-16.236770666667;-59.452416527778;10/01/2025;A;Nautukirs;COORDENACAO REGIONAL DE CUIABA;Porto Esperidião;Mato Grosso;30202002025
5243;5105507;59001;-16.240867694444;-59.479163777778;10/01/2025;A;Chiquitana;COORDENACAO REGIONAL DE CUIABA;Vila Bela da Santíssima Trindade;Mato Grosso;30202002025
5252;5103858;33801;-12.757216666667;-53.195977777778;20/05/2025;A;Yamala;COORDENACAO REGIONAL DO XINGU;Gaúcha do Norte;Mato Grosso;30202002060
5353;5106422;9201;-10.501138888889;-53.33575;04/03/2026;A;Imõkre;COORDENACAO REGIONAL NORTE DO MATO GROSSO;Peixoto de Azevedo;Mato Grosso;30202002039
5354;5100805;68301;-7.8116666666667;-57.876388888889;04/03/2026;A;Aldeia Nova Castanheira;COORDENACAO REGIONAL NORTE DO MATO GROSSO;Apiacás;Mato Grosso;30202002039
5355;5106422;9201;-10.525827777778;-53.089311111111;05/03/2026;A;Aldeia Krãbidji;COORDENACAO REGIONAL NORTE DO MATO GROSSO;Peixoto de Azevedo;Mato Grosso;30202002039
5356;5107354;9201;-10.767113888889;-53.080472222222;05/03/2026;A;Aldeia Ipren-re;COORDENACAO REGIONAL NORTE DO MATO GROSSO;São José do Xingu;Mato Grosso;30202002039
5357;5106422;9201;-10.553808333333;-53.085977777778;05/03/2026;A;Aldeia Saré;COORDENACAO REGIONAL NORTE DO MATO GROSSO;Peixoto de Azevedo;Mato Grosso;30202002039
