latitude;longitude;s_km;offset_km;elevacao_m;elev_talvegue_ref;hand_m
-14.87573;-55.77223;0.0;0.0;258.0;258.0;0.0
-14.87954;-55.77471;0.0;-0.5;258.0;258.0;0.0
-14.87192;-55.76976;0.0;0.5;258.0;258.0;0.0
-14.88334;-55.77719;0.0;-1.0;258.0;258.0;0.0
-14.86812;-55.76728;0.0;1.0;258.0;258.0;0.0
-14.88715;-55.77967;0.0;-1.5;276.0;258.0;18.0
-14.86431;-55.7648;0.0;1.5;266.0;258.0;8.0
-14.89095;-55.78214;0.0;-2.0;322.0;258.0;64.0
-14.86051;-55.76232;0.0;2.0;288.0;258.0;30.0
-14.89476;-55.78462;0.0;-2.5;320.0;258.0;62.0
-14.8567;-55.75985;0.0;2.5;287.0;258.0;29.0
-14.89857;-55.7871;0.0;-3.0;318.0;258.0;60.0
-14.85289;-55.75737;0.0;3.0;294.0;258.0;36.0
-14.90237;-55.78958;0.0;-3.5;313.0;258.0;55.0
-14.84909;-55.75489;0.0;3.5;297.0;258.0;39.0
-14.90618;-55.79206;0.0;-4.0;326.0;258.0;68.0
-14.84528;-55.75241;0.0;4.0;276.0;258.0;18.0
-14.87087;-55.78958;2.0;0.0;230.0;230.0;0.0
-14.87506;-55.79127;2.0;-0.5;257.0;230.0;27.0
-14.86669;-55.78789;2.0;0.5;265.0;230.0;35.0
-14.87925;-55.79296;2.0;-1.0;275.0;230.0;45.0
-14.8625;-55.78619;2.0;1.0;288.0;230.0;58.0
-14.88344;-55.79465;2.0;-1.5;288.0;230.0;58.0
-14.85831;-55.7845;2.0;1.5;299.0;230.0;69.0
-14.88763;-55.79635;2.0;-2.0;271.0;230.0;41.0
-14.85412;-55.78281;2.0;2.0;287.0;230.0;57.0
-14.89182;-55.79804;2.0;-2.5;295.0;230.0;65.0
-14.84993;-55.78112;2.0;2.5;274.0;230.0;44.0
-14.89601;-55.79973;2.0;-3.0;327.0;230.0;97.0
-14.84574;-55.77943;2.0;3.0;278.0;230.0;48.0
-14.90019;-55.80142;2.0;-3.5;349.0;230.0;119.0
-14.84155;-55.77773;2.0;3.5;271.0;230.0;41.0
-14.90438;-55.80312;2.0;-4.0;337.0;230.0;107.0
-14.83736;-55.77604;2.0;4.0;259.0;230.0;29.0
-14.86608;-55.80173;4.0;0.0;242.0;242.0;0.0
-14.86863;-55.80556;4.0;-0.5;248.0;242.0;6.0
-14.86352;-55.7979;4.0;0.5;253.0;242.0;11.0
-14.87119;-55.80938;4.0;-1.0;240.0;242.0;0.0
-14.86097;-55.79407;4.0;1.0;327.0;242.0;85.0
-14.87374;-55.81321;4.0;-1.5;252.0;242.0;10.0
-14.85841;-55.79024;4.0;1.5;293.0;242.0;51.0
-14.8763;-55.81704;4.0;-2.0;297.0;242.0;55.0
-14.85586;-55.78641;4.0;2.0;283.0;242.0;41.0
-14.87885;-55.82087;4.0;-2.5;315.0;242.0;73.0
-14.8533;-55.78259;4.0;2.5;280.0;242.0;38.0
-14.88141;-55.8247;4.0;-3.0;313.0;242.0;71.0
-14.85075;-55.77876;4.0;3.0;287.0;242.0;45.0
-14.88396;-55.82853;4.0;-3.5;328.0;242.0;86.0
-14.84819;-55.77493;4.0;3.5;291.0;242.0;49.0
-14.88651;-55.83236;4.0;-4.0;283.0;242.0;41.0
-14.84564;-55.7711;4.0;4.0;305.0;242.0;63.0
-14.85938;-55.8093;6.0;0.0;238.0;238.0;0.0
-14.86044;-55.81382;6.0;-0.5;250.0;238.0;12.0
-14.85833;-55.80477;6.0;0.5;258.0;238.0;20.0
-14.86149;-55.81834;6.0;-1.0;269.0;238.0;31.0
-14.85727;-55.80025;6.0;1.0;267.0;238.0;29.0
-14.86255;-55.82286;6.0;-1.5;260.0;238.0;22.0
-14.85621;-55.79573;6.0;1.5;260.0;238.0;22.0
-14.86361;-55.82738;6.0;-2.0;250.0;238.0;12.0
-14.85516;-55.79121;6.0;2.0;280.0;238.0;42.0
-14.86466;-55.83191;6.0;-2.5;258.0;238.0;20.0
-14.8541;-55.78669;6.0;2.5;280.0;238.0;42.0
-14.86572;-55.83643;6.0;-3.0;284.0;238.0;46.0
-14.85304;-55.78216;6.0;3.0;279.0;238.0;41.0
-14.86677;-55.84095;6.0;-3.5;266.0;238.0;28.0
-14.85199;-55.77764;6.0;3.5;284.0;238.0;46.0
-14.86783;-55.84547;6.0;-4.0;281.0;238.0;43.0
-14.85093;-55.77312;6.0;4.0;291.0;238.0;53.0
-14.84312;-55.8141;8.0;0.0;237.0;237.0;0.0
-14.84737;-55.81259;8.0;-0.5;235.0;237.0;0.0
-14.83887;-55.81562;8.0;0.5;271.0;237.0;34.0
-14.85162;-55.81107;8.0;-1.0;239.0;237.0;2.0
-14.83462;-55.81714;8.0;1.0;289.0;237.0;52.0
-14.85587;-55.80955;8.0;-1.5;238.0;237.0;1.0
-14.83037;-55.81865;8.0;1.5;281.0;237.0;44.0
-14.86012;-55.80804;8.0;-2.0;235.0;237.0;0.0
-14.82612;-55.82017;8.0;2.0;291.0;237.0;54.0
-14.86438;-55.80652;8.0;-2.5;248.0;237.0;11.0
-14.82187;-55.82168;8.0;2.5;307.0;237.0;70.0
-14.86863;-55.805;8.0;-3.0;247.0;237.0;10.0
-14.81761;-55.8232;8.0;3.0;301.0;237.0;64.0
-14.87288;-55.80349;8.0;-3.5;251.0;237.0;14.0
-14.81336;-55.82472;8.0;3.5;278.0;237.0;41.0
-14.87713;-55.80197;8.0;-4.0;270.0;237.0;33.0
-14.80911;-55.82623;8.0;4.0;306.0;237.0;69.0
-14.85388;-55.82621;10.0;0.0;235.0;235.0;0.0
-14.85663;-55.82253;10.0;-0.5;250.0;235.0;15.0
-14.85113;-55.82989;10.0;0.5;241.0;235.0;6.0
-14.85938;-55.81885;10.0;-1.0;264.0;235.0;29.0
-14.84838;-55.83357;10.0;1.0;235.0;235.0;0.0
-14.86213;-55.81517;10.0;-1.5;255.0;235.0;20.0
-14.84563;-55.83725;10.0;1.5;270.0;235.0;35.0
-14.86488;-55.81149;10.0;-2.0;251.0;235.0;16.0
-14.84288;-55.84093;10.0;2.0;261.0;235.0;26.0
-14.86763;-55.80781;10.0;-2.5;236.0;235.0;1.0
-14.84013;-55.84461;10.0;2.5;241.0;235.0;6.0
-14.87038;-55.80413;10.0;-3.0;258.0;235.0;23.0
-14.83738;-55.84829;10.0;3.0;239.0;235.0;4.0
-14.87314;-55.80045;10.0;-3.5;236.0;235.0;1.0
-14.83463;-55.85197;10.0;3.5;243.0;235.0;8.0
-14.87589;-55.79677;10.0;-4.0;245.0;235.0;10.0
-14.83188;-55.85565;10.0;4.0;264.0;235.0;29.0
-14.85295;-55.8345;12.0;0.0;243.0;243.0;0.0
-14.85257;-55.83914;12.0;-0.5;234.0;243.0;0.0
-14.85332;-55.82986;12.0;0.5;248.0;243.0;5.0
-14.85219;-55.84377;12.0;-1.0;245.0;243.0;2.0
-14.8537;-55.82523;12.0;1.0;232.0;243.0;0.0
-14.85182;-55.84841;12.0;-1.5;238.0;243.0;0.0
-14.85408;-55.82059;12.0;1.5;242.0;243.0;0.0
-14.85144;-55.85304;12.0;-2.0;247.0;243.0;4.0
-14.85445;-55.81596;12.0;2.0;251.0;243.0;8.0
-14.85106;-55.85768;12.0;-2.5;257.0;243.0;14.0
-14.85483;-55.81132;12.0;2.5;234.0;243.0;0.0
-14.85069;-55.86231;12.0;-3.0;252.0;243.0;9.0
-14.85521;-55.80669;12.0;3.0;250.0;243.0;7.0
-14.85031;-55.86695;12.0;-3.5;248.0;243.0;5.0
-14.85558;-55.80205;12.0;3.5;261.0;243.0;18.0
-14.84993;-55.87158;12.0;-4.0;246.0;243.0;3.0
-14.85596;-55.79741;12.0;4.0;260.0;243.0;17.0
-14.85563;-55.84039;14.0;0.0;230.0;230.0;0.0
-14.85849;-55.8368;14.0;-0.5;259.0;230.0;29.0
-14.85276;-55.84397;14.0;0.5;241.0;230.0;11.0
-14.86136;-55.83322;14.0;-1.0;254.0;230.0;24.0
-14.84989;-55.84755;14.0;1.0;233.0;230.0;3.0
-14.86423;-55.82964;14.0;-1.5;262.0;230.0;32.0
-14.84702;-55.85113;14.0;1.5;231.0;230.0;1.0
-14.8671;-55.82606;14.0;-2.0;290.0;230.0;60.0
-14.84415;-55.85471;14.0;2.0;228.0;230.0;0.0
-14.86997;-55.82247;14.0;-2.5;288.0;230.0;58.0
-14.84128;-55.8583;14.0;2.5;227.0;230.0;0.0
-14.87284;-55.81889;14.0;-3.0;257.0;230.0;27.0
-14.83841;-55.86188;14.0;3.0;231.0;230.0;1.0
-14.8757;-55.81531;14.0;-3.5;285.0;230.0;55.0
-14.83554;-55.86546;14.0;3.5;257.0;230.0;27.0
-14.87857;-55.81172;14.0;-4.0;264.0;230.0;34.0
-14.83267;-55.86904;14.0;4.0;267.0;230.0;37.0
-14.84631;-55.85293;16.0;0.0;237.0;237.0;0.0
-14.85047;-55.85471;16.0;-0.5;250.0;237.0;13.0
-14.84216;-55.85115;16.0;0.5;246.0;237.0;9.0
-14.85462;-55.85649;16.0;-1.0;277.0;237.0;40.0
-14.838;-55.84937;16.0;1.0;238.0;237.0;1.0
-14.85878;-55.85826;16.0;-1.5;281.0;237.0;44.0
-14.83385;-55.84759;16.0;1.5;252.0;237.0;15.0
-14.86293;-55.86004;16.0;-2.0;289.0;237.0;52.0
-14.82969;-55.84581;16.0;2.0;271.0;237.0;34.0
-14.86709;-55.86182;16.0;-2.5;298.0;237.0;61.0
-14.82554;-55.84404;16.0;2.5;273.0;237.0;36.0
-14.87124;-55.8636;16.0;-3.0;307.0;237.0;70.0
-14.82138;-55.84226;16.0;3.0;274.0;237.0;37.0
-14.8754;-55.86538;16.0;-3.5;313.0;237.0;76.0
-14.81723;-55.84048;16.0;3.5;293.0;237.0;56.0
-14.87955;-55.86716;16.0;-4.0;302.0;237.0;65.0
-14.81307;-55.8387;16.0;4.0;301.0;237.0;64.0
-14.84127;-55.86594;18.0;0.0;232.0;232.0;0.0
-14.84506;-55.86343;18.0;-0.5;238.0;232.0;6.0
-14.83749;-55.86845;18.0;0.5;253.0;232.0;21.0
-14.84885;-55.86092;18.0;-1.0;257.0;232.0;25.0
-14.8337;-55.87096;18.0;1.0;265.0;232.0;33.0
-14.85263;-55.85841;18.0;-1.5;269.0;232.0;37.0
-14.82991;-55.87346;18.0;1.5;269.0;232.0;37.0
-14.85642;-55.8559;18.0;-2.0;284.0;232.0;52.0
-14.82613;-55.87597;18.0;2.0;255.0;232.0;23.0
-14.86021;-55.85339;18.0;-2.5;292.0;232.0;60.0
-14.82234;-55.87848;18.0;2.5;259.0;232.0;27.0
-14.86399;-55.85089;18.0;-3.0;287.0;232.0;55.0
-14.81855;-55.88099;18.0;3.0;265.0;232.0;33.0
-14.86778;-55.84838;18.0;-3.5;287.0;232.0;55.0
-14.81477;-55.8835;18.0;3.5;287.0;232.0;55.0
-14.87156;-55.84587;18.0;-4.0;251.0;232.0;19.0
-14.81098;-55.88601;18.0;4.0;304.0;232.0;72.0
-14.84591;-55.88107;20.0;0.0;235.0;235.0;0.0
-14.84978;-55.8787;20.0;-0.5;259.0;235.0;24.0
-14.84204;-55.88343;20.0;0.5;248.0;235.0;13.0
-14.85365;-55.87633;20.0;-1.0;247.0;235.0;12.0
-14.83817;-55.8858;20.0;1.0;276.0;235.0;41.0
-14.85752;-55.87396;20.0;-1.5;267.0;235.0;32.0
-14.83429;-55.88817;20.0;1.5;300.0;235.0;65.0
-14.86139;-55.8716;20.0;-2.0;299.0;235.0;64.0
-14.83042;-55.89054;20.0;2.0;278.0;235.0;43.0
-14.86526;-55.86923;20.0;-2.5;285.0;235.0;50.0
-14.82655;-55.8929;20.0;2.5;294.0;235.0;59.0
-14.86913;-55.86686;20.0;-3.0;299.0;235.0;64.0
-14.82268;-55.89527;20.0;3.0;339.0;235.0;104.0
-14.873;-55.86449;20.0;-3.5;312.0;235.0;77.0
-14.81881;-55.89764;20.0;3.5;308.0;235.0;73.0
-14.87687;-55.86213;20.0;-4.0;295.0;235.0;60.0
-14.81494;-55.9;20.0;4.0;325.0;235.0;90.0
-14.85647;-55.89587;22.0;0.0;231.0;231.0;0.0
-14.86053;-55.89387;22.0;-0.5;245.0;231.0;14.0
-14.85241;-55.89787;22.0;0.5;239.0;231.0;8.0
-14.86459;-55.89186;22.0;-1.0;249.0;231.0;18.0
-14.84835;-55.89988;22.0;1.0;259.0;231.0;28.0
-14.86864;-55.88986;22.0;-1.5;278.0;231.0;47.0
-14.8443;-55.90188;22.0;1.5;253.0;231.0;22.0
-14.8727;-55.88785;22.0;-2.0;278.0;231.0;47.0
-14.84024;-55.90389;22.0;2.0;271.0;231.0;40.0
-14.87676;-55.88585;22.0;-2.5;288.0;231.0;57.0
-14.83618;-55.90589;22.0;2.5;278.0;231.0;47.0
-14.88082;-55.88384;22.0;-3.0;300.0;231.0;69.0
-14.83212;-55.9079;22.0;3.0;298.0;231.0;67.0
-14.88487;-55.88184;22.0;-3.5;313.0;231.0;82.0
-14.82807;-55.9099;22.0;3.5;304.0;231.0;73.0
-14.88893;-55.87983;22.0;-4.0;319.0;231.0;88.0
-14.82401;-55.9119;22.0;4.0;315.0;231.0;84.0
-14.86437;-55.91159;24.0;0.0;231.0;231.0;0.0
-14.86712;-55.90791;24.0;-0.5;230.0;231.0;0.0
-14.86162;-55.91527;24.0;0.5;238.0;231.0;7.0
-14.86987;-55.90423;24.0;-1.0;259.0;231.0;28.0
-14.85887;-55.91895;24.0;1.0;249.0;231.0;18.0
-14.87263;-55.90055;24.0;-1.5;275.0;231.0;44.0
-14.85612;-55.92263;24.0;1.5;261.0;231.0;30.0
-14.87538;-55.89687;24.0;-2.0;286.0;231.0;55.0
-14.85337;-55.92631;24.0;2.0;266.0;231.0;35.0
-14.87813;-55.89318;24.0;-2.5;289.0;231.0;58.0
-14.85062;-55.92999;24.0;2.5;265.0;231.0;34.0
-14.88088;-55.8895;24.0;-3.0;287.0;231.0;56.0
-14.84787;-55.93367;24.0;3.0;268.0;231.0;37.0
-14.88363;-55.88582;24.0;-3.5;296.0;231.0;65.0
-14.84512;-55.93735;24.0;3.5;290.0;231.0;59.0
-14.88638;-55.88214;24.0;-4.0;303.0;231.0;72.0
-14.84237;-55.94103;24.0;4.0;293.0;231.0;62.0
-14.86927;-55.92537;26.0;0.0;228.0;228.0;0.0
-14.87346;-55.92369;26.0;-0.5;239.0;228.0;11.0
-14.86508;-55.92705;26.0;0.5;253.0;228.0;25.0
-14.87765;-55.922;26.0;-1.0;254.0;228.0;26.0
-14.86089;-55.92874;26.0;1.0;254.0;228.0;26.0
-14.88185;-55.92032;26.0;-1.5;277.0;228.0;49.0
-14.85669;-55.93042;26.0;1.5;253.0;228.0;25.0
-14.88604;-55.91864;26.0;-2.0;289.0;228.0;61.0
-14.8525;-55.9321;26.0;2.0;269.0;228.0;41.0
-14.89023;-55.91695;26.0;-2.5;276.0;228.0;48.0
-14.84831;-55.93378;26.0;2.5;271.0;228.0;43.0
-14.89442;-55.91527;26.0;-3.0;257.0;228.0;29.0
-14.84412;-55.93547;26.0;3.0;280.0;228.0;52.0
-14.89861;-55.91359;26.0;-3.5;273.0;228.0;45.0
-14.83992;-55.93715;26.0;3.5;309.0;228.0;81.0
-14.90281;-55.9119;26.0;-4.0;282.0;228.0;54.0
-14.83573;-55.93883;26.0;4.0;321.0;228.0;93.0
-14.87437;-55.94279;28.0;0.0;219.0;219.0;0.0
-14.87741;-55.93936;28.0;-0.5;256.0;219.0;37.0
-14.87134;-55.94623;28.0;0.5;261.0;219.0;42.0
-14.88044;-55.93592;28.0;-1.0;269.0;219.0;50.0
-14.86831;-55.94966;28.0;1.0;257.0;219.0;38.0
-14.88347;-55.93248;28.0;-1.5;272.0;219.0;53.0
-14.86528;-55.9531;28.0;1.5;241.0;219.0;22.0
-14.8865;-55.92905;28.0;-2.0;283.0;219.0;64.0
-14.86225;-55.95654;28.0;2.0;229.0;219.0;10.0
-14.88953;-55.92561;28.0;-2.5;278.0;219.0;59.0
-14.85922;-55.95997;28.0;2.5;242.0;219.0;23.0
-14.89256;-55.92217;28.0;-3.0;290.0;219.0;71.0
-14.85619;-55.96341;28.0;3.0;270.0;219.0;51.0
-14.89559;-55.91874;28.0;-3.5;282.0;219.0;63.0
-14.85315;-55.96684;28.0;3.5;269.0;219.0;50.0
-14.89862;-55.9153;28.0;-4.0;274.0;219.0;55.0
-14.85012;-55.97028;28.0;4.0;272.0;219.0;53.0
-14.87632;-55.95902;30.0;0.0;226.0;226.0;0.0
-14.87978;-55.96199;30.0;-0.5;242.0;226.0;16.0
-14.87286;-55.95606;30.0;0.5;231.0;226.0;5.0
-14.88325;-55.96496;30.0;-1.0;251.0;226.0;25.0
-14.86939;-55.95309;30.0;1.0;243.0;226.0;17.0
-14.88671;-55.96792;30.0;-1.5;274.0;226.0;48.0
-14.86593;-55.95012;30.0;1.5;250.0;226.0;24.0
-14.89018;-55.97089;30.0;-2.0;242.0;226.0;16.0
-14.86246;-55.94716;30.0;2.0;254.0;226.0;28.0
-14.89364;-55.97386;30.0;-2.5;248.0;226.0;22.0
-14.859;-55.94419;30.0;2.5;260.0;226.0;34.0
-14.8971;-55.97682;30.0;-3.0;255.0;226.0;29.0
-14.85554;-55.94122;30.0;3.0;271.0;226.0;45.0
-14.90057;-55.97979;30.0;-3.5;251.0;226.0;25.0
-14.85207;-55.93826;30.0;3.5;293.0;226.0;67.0
-14.90403;-55.98276;30.0;-4.0;248.0;226.0;22.0
-14.84861;-55.93529;30.0;4.0;282.0;226.0;56.0
-14.87695;-55.97406;32.0;0.0;220.0;220.0;0.0
-14.8795;-55.97023;32.0;-0.5;227.0;220.0;7.0
-14.87439;-55.97789;32.0;0.5;248.0;220.0;28.0
-14.88206;-55.9664;32.0;-1.0;242.0;220.0;22.0
-14.87184;-55.98172;32.0;1.0;250.0;220.0;30.0
-14.88461;-55.96257;32.0;-1.5;250.0;220.0;30.0
-14.86928;-55.98555;32.0;1.5;289.0;220.0;69.0
-14.88717;-55.95874;32.0;-2.0;263.0;220.0;43.0
-14.86673;-55.98938;32.0;2.0;284.0;220.0;64.0
-14.88972;-55.95492;32.0;-2.5;250.0;220.0;30.0
-14.86417;-55.9932;32.0;2.5;254.0;220.0;34.0
-14.89227;-55.95109;32.0;-3.0;259.0;220.0;39.0
-14.86162;-55.99703;32.0;3.0;256.0;220.0;36.0
-14.89483;-55.94726;32.0;-3.5;266.0;220.0;46.0
-14.85906;-56.00086;32.0;3.5;236.0;220.0;16.0
-14.89738;-55.94343;32.0;-4.0;266.0;220.0;46.0
-14.85651;-56.00469;32.0;4.0;240.0;220.0;20.0
-14.88791;-55.98754;34.0;0.0;221.0;221.0;0.0
-14.88999;-55.98341;34.0;-0.5;230.0;221.0;9.0
-14.88584;-55.99167;34.0;0.5;239.0;221.0;18.0
-14.89206;-55.97929;34.0;-1.0;232.0;221.0;11.0
-14.88376;-55.99579;34.0;1.0;267.0;221.0;46.0
-14.89414;-55.97516;34.0;-1.5;248.0;221.0;27.0
-14.88169;-55.99992;34.0;1.5;234.0;221.0;13.0
-14.89622;-55.97103;34.0;-2.0;250.0;221.0;29.0
-14.87961;-56.00405;34.0;2.0;226.0;221.0;5.0
-14.89829;-55.9669;34.0;-2.5;243.0;221.0;22.0
-14.87753;-56.00818;34.0;2.5;223.0;221.0;2.0
-14.90037;-55.96277;34.0;-3.0;248.0;221.0;27.0
-14.87546;-56.0123;34.0;3.0;225.0;221.0;4.0
-14.90244;-55.95865;34.0;-3.5;254.0;221.0;33.0
-14.87338;-56.01643;34.0;3.5;246.0;221.0;25.0
-14.90452;-55.95452;34.0;-4.0;262.0;221.0;41.0
-14.87131;-56.02056;34.0;4.0;231.0;221.0;10.0
-14.89605;-56.00132;36.0;0.0;220.0;220.0;0.0
-14.89673;-55.99672;36.0;-0.5;224.0;220.0;4.0
-14.89538;-56.00592;36.0;0.5;235.0;220.0;15.0
-14.89741;-55.99212;36.0;-1.0;231.0;220.0;11.0
-14.8947;-56.01052;36.0;1.0;232.0;220.0;12.0
-14.89809;-55.98752;36.0;-1.5;239.0;220.0;19.0
-14.89402;-56.01512;36.0;1.5;221.0;220.0;1.0
-14.89877;-55.98292;36.0;-2.0;255.0;220.0;35.0
-14.89334;-56.01972;36.0;2.0;237.0;220.0;17.0
-14.89944;-55.97832;36.0;-2.5;258.0;220.0;38.0
-14.89266;-56.02432;36.0;2.5;247.0;220.0;27.0
-14.90012;-55.97372;36.0;-3.0;266.0;220.0;46.0
-14.89198;-56.02892;36.0;3.0;267.0;220.0;47.0
-14.9008;-55.96912;36.0;-3.5;257.0;220.0;37.0
-14.8913;-56.03352;36.0;3.5;265.0;220.0;45.0
-14.90148;-55.96452;36.0;-4.0;247.0;220.0;27.0
-14.89063;-56.03812;36.0;4.0;273.0;220.0;53.0
-14.9005;-56.01508;38.0;0.0;221.0;221.0;0.0
-14.90472;-56.01668;38.0;-0.5;238.0;221.0;17.0
-14.89627;-56.01349;38.0;0.5;225.0;221.0;4.0
-14.90894;-56.01828;38.0;-1.0;231.0;221.0;10.0
-14.89205;-56.01189;38.0;1.0;228.0;221.0;7.0
-14.91317;-56.01987;38.0;-1.5;239.0;221.0;18.0
-14.88782;-56.0103;38.0;1.5;232.0;221.0;11.0
-14.91739;-56.02147;38.0;-2.0;260.0;221.0;39.0
-14.8836;-56.0087;38.0;2.0;237.0;221.0;16.0
-14.92161;-56.02307;38.0;-2.5;235.0;221.0;14.0
-14.87938;-56.0071;38.0;2.5;231.0;221.0;10.0
-14.92584;-56.02466;38.0;-3.0;242.0;221.0;21.0
-14.87515;-56.00551;38.0;3.0;227.0;221.0;6.0
-14.93006;-56.02626;38.0;-3.5;250.0;221.0;29.0
-14.87093;-56.00391;38.0;3.5;240.0;221.0;19.0
-14.93428;-56.02786;38.0;-4.0;258.0;221.0;37.0
-14.8667;-56.00232;38.0;4.0;237.0;221.0;16.0
-14.88395;-56.01583;40.0;0.0;217.0;217.0;0.0
-14.88395;-56.02049;40.0;-0.5;228.0;217.0;11.0
-14.88395;-56.01118;40.0;0.5;234.0;217.0;17.0
-14.88395;-56.02514;40.0;-1.0;265.0;217.0;48.0
-14.88395;-56.00653;40.0;1.0;243.0;217.0;26.0
-14.88395;-56.02979;40.0;-1.5;250.0;217.0;33.0
-14.88395;-56.00188;40.0;1.5;241.0;217.0;24.0
-14.88395;-56.03444;40.0;-2.0;276.0;217.0;59.0
-14.88395;-55.99722;40.0;2.0;250.0;217.0;33.0
-14.88394;-56.0391;40.0;-2.5;268.0;217.0;51.0
-14.88394;-55.99257;40.0;2.5;255.0;217.0;38.0
-14.88394;-56.04375;40.0;-3.0;263.0;217.0;46.0
-14.88394;-55.98792;40.0;3.0;232.0;217.0;15.0
-14.88394;-56.0484;40.0;-3.5;253.0;217.0;36.0
-14.88394;-55.98326;40.0;3.5;222.0;217.0;5.0
-14.88394;-56.05306;40.0;-4.0;238.0;217.0;21.0
-14.88394;-55.97861;40.0;4.0;228.0;217.0;11.0
-14.87559;-56.00653;42.0;0.0;220.0;220.0;0.0
-14.87559;-56.01119;42.0;-0.5;225.0;220.0;5.0
-14.87559;-56.00188;42.0;0.5;226.0;220.0;6.0
-14.87559;-56.01584;42.0;-1.0;241.0;220.0;21.0
-14.87559;-55.99723;42.0;1.0;243.0;220.0;23.0
-14.87559;-56.02049;42.0;-1.5;252.0;220.0;32.0
-14.87559;-55.99258;42.0;1.5;255.0;220.0;35.0
-14.87559;-56.02514;42.0;-2.0;241.0;220.0;21.0
-14.87559;-55.98792;42.0;2.0;243.0;220.0;23.0
-14.87559;-56.0298;42.0;-2.5;245.0;220.0;25.0
-14.87559;-55.98327;42.0;2.5;238.0;220.0;18.0
-14.87558;-56.03445;42.0;-3.0;254.0;220.0;34.0
-14.87558;-55.97862;42.0;3.0;243.0;220.0;23.0
-14.87558;-56.0391;42.0;-3.5;247.0;220.0;27.0
-14.87558;-55.97397;42.0;3.5;228.0;220.0;8.0
-14.87558;-56.04375;42.0;-4.0;230.0;220.0;10.0
-14.87558;-55.96931;42.0;4.0;229.0;220.0;9.0
-14.86316;-56.01644;44.0;0.0;216.0;216.0;0.0
-14.86748;-56.01514;44.0;-0.5;232.0;216.0;16.0
-14.85884;-56.01773;44.0;0.5;241.0;216.0;25.0
-14.8718;-56.01385;44.0;-1.0;247.0;216.0;31.0
-14.85452;-56.01902;44.0;1.0;288.0;216.0;72.0
-14.87612;-56.01255;44.0;-1.5;219.0;216.0;3.0
-14.85021;-56.02032;44.0;1.5;258.0;216.0;42.0
-14.88044;-56.01126;44.0;-2.0;225.0;216.0;9.0
-14.84589;-56.02161;44.0;2.0;248.0;216.0;32.0
-14.88476;-56.00996;44.0;-2.5;236.0;216.0;20.0
-14.84157;-56.02291;44.0;2.5;241.0;216.0;25.0
-14.88908;-56.00867;44.0;-3.0;243.0;216.0;27.0
-14.83725;-56.0242;44.0;3.0;234.0;216.0;18.0
-14.8934;-56.00737;44.0;-3.5;238.0;216.0;22.0
-14.83293;-56.0255;44.0;3.5;232.0;216.0;16.0
-14.89771;-56.00608;44.0;-4.0;230.0;216.0;14.0
-14.82861;-56.02679;44.0;4.0;227.0;216.0;11.0
-14.86204;-56.02893;46.0;0.0;210.0;210.0;0.0
-14.864;-56.03312;46.0;-0.5;223.0;210.0;13.0
-14.86008;-56.02474;46.0;0.5;221.0;210.0;11.0
-14.86595;-56.03731;46.0;-1.0;228.0;210.0;18.0
-14.85813;-56.02055;46.0;1.0;246.0;210.0;36.0
-14.86791;-56.0415;46.0;-1.5;236.0;210.0;26.0
-14.85617;-56.01636;46.0;1.5;292.0;210.0;82.0
-14.86987;-56.04568;46.0;-2.0;229.0;210.0;19.0
-14.85421;-56.01217;46.0;2.0;262.0;210.0;52.0
-14.87182;-56.04987;46.0;-2.5;239.0;210.0;29.0
-14.85226;-56.00799;46.0;2.5;261.0;210.0;51.0
-14.87378;-56.05406;46.0;-3.0;242.0;210.0;32.0
-14.8503;-56.0038;46.0;3.0;283.0;210.0;73.0
-14.87574;-56.05825;46.0;-3.5;257.0;210.0;47.0
-14.84834;-55.99961;46.0;3.5;294.0;210.0;84.0
-14.87769;-56.06244;46.0;-4.0;260.0;210.0;50.0
-14.84638;-55.99542;46.0;4.0;377.0;210.0;167.0
-14.85674;-56.04323;48.0;0.0;218.0;218.0;0.0
-14.85674;-56.04789;48.0;-0.5;229.0;218.0;11.0
-14.85674;-56.03858;48.0;0.5;238.0;218.0;20.0
-14.85674;-56.05254;48.0;-1.0;245.0;218.0;27.0
-14.85674;-56.03393;48.0;1.0;278.0;218.0;60.0
-14.85674;-56.05719;48.0;-1.5;254.0;218.0;36.0
-14.85674;-56.02928;48.0;1.5;288.0;218.0;70.0
-14.85674;-56.06184;48.0;-2.0;244.0;218.0;26.0
-14.85674;-56.02463;48.0;2.0;232.0;218.0;14.0
-14.85674;-56.06649;48.0;-2.5;242.0;218.0;24.0
-14.85674;-56.01997;48.0;2.5;279.0;218.0;61.0
-14.85674;-56.07115;48.0;-3.0;247.0;218.0;29.0
-14.85674;-56.01532;48.0;3.0;266.0;218.0;48.0
-14.85674;-56.0758;48.0;-3.5;254.0;218.0;36.0
-14.85674;-56.01067;48.0;3.5;243.0;218.0;25.0
-14.85674;-56.08045;48.0;-4.0;243.0;218.0;25.0
-14.85674;-56.00602;48.0;4.0;232.0;218.0;14.0
-14.83999;-56.04854;50.0;0.0;213.0;213.0;0.0
-14.84142;-56.05295;50.0;-0.5;221.0;213.0;8.0
-14.83856;-56.04413;50.0;0.5;222.0;213.0;9.0
-14.84284;-56.05736;50.0;-1.0;228.0;213.0;15.0
-14.83714;-56.03971;50.0;1.0;225.0;213.0;12.0
-14.84427;-56.06177;50.0;-1.5;225.0;213.0;12.0
-14.83571;-56.0353;50.0;1.5;219.0;213.0;6.0
-14.8457;-56.06618;50.0;-2.0;230.0;213.0;17.0
-14.83428;-56.03089;50.0;2.0;230.0;213.0;17.0
-14.84712;-56.07059;50.0;-2.5;239.0;213.0;26.0
-14.83285;-56.02648;50.0;2.5;228.0;213.0;15.0
-14.84855;-56.07501;50.0;-3.0;240.0;213.0;27.0
-14.83143;-56.02207;50.0;3.0;236.0;213.0;23.0
-14.84998;-56.07942;50.0;-3.5;236.0;213.0;23.0
-14.83;-56.01766;50.0;3.5;233.0;213.0;20.0
-14.8514;-56.08383;50.0;-4.0;238.0;213.0;25.0
-14.82857;-56.01325;50.0;4.0;233.0;213.0;20.0
-14.83097;-56.05817;52.0;0.0;215.0;215.0;0.0
-14.83388;-56.05462;52.0;-0.5;217.0;215.0;2.0
-14.82807;-56.06172;52.0;0.5;219.0;215.0;4.0
-14.83678;-56.05107;52.0;-1.0;217.0;215.0;2.0
-14.82517;-56.06528;52.0;1.0;217.0;215.0;2.0
-14.83969;-56.04752;52.0;-1.5;221.0;215.0;6.0
-14.82226;-56.06883;52.0;1.5;212.0;215.0;0.0
-14.84259;-56.04397;52.0;-2.0;220.0;215.0;5.0
-14.81936;-56.07238;52.0;2.0;216.0;215.0;1.0
-14.84549;-56.04041;52.0;-2.5;229.0;215.0;14.0
-14.81645;-56.07593;52.0;2.5;215.0;215.0;0.0
-14.8484;-56.03686;52.0;-3.0;231.0;215.0;16.0
-14.81355;-56.07948;52.0;3.0;225.0;215.0;10.0
-14.8513;-56.03331;52.0;-3.5;237.0;215.0;22.0
-14.81065;-56.08303;52.0;3.5;218.0;215.0;3.0
-14.8542;-56.02976;52.0;-4.0;259.0;215.0;44.0
-14.80774;-56.08658;52.0;4.0;213.0;215.0;0.0
-14.82139;-56.06898;54.0;0.0;211.0;211.0;0.0
-14.82451;-56.07232;54.0;-0.5;215.0;211.0;4.0
-14.81826;-56.06563;54.0;0.5;210.0;211.0;0.0
-14.82764;-56.07567;54.0;-1.0;228.0;211.0;17.0
-14.81514;-56.06229;54.0;1.0;216.0;211.0;5.0
-14.83076;-56.07901;54.0;-1.5;224.0;211.0;13.0
-14.81201;-56.05895;54.0;1.5;221.0;211.0;10.0
-14.83389;-56.08236;54.0;-2.0;245.0;211.0;34.0
-14.80888;-56.0556;54.0;2.0;241.0;211.0;30.0
-14.83701;-56.0857;54.0;-2.5;247.0;211.0;36.0
-14.80576;-56.05226;54.0;2.5;266.0;211.0;55.0
-14.84014;-56.08904;54.0;-3.0;242.0;211.0;31.0
-14.80263;-56.04891;54.0;3.0;255.0;211.0;44.0
-14.84326;-56.09239;54.0;-3.5;245.0;211.0;34.0
-14.79951;-56.04557;54.0;3.5;236.0;211.0;25.0
-14.84639;-56.09573;54.0;-4.0;260.0;211.0;49.0
-14.79638;-56.04223;54.0;4.0;241.0;211.0;30.0
-14.81903;-56.08642;56.0;0.0;204.0;205.0;0.0
-14.82323;-56.08806;56.0;-0.5;213.0;205.0;8.0
-14.81482;-56.08478;56.0;0.5;221.0;205.0;16.0
-14.82744;-56.0897;56.0;-1.0;220.0;205.0;15.0
-14.81061;-56.08315;56.0;1.0;218.0;205.0;13.0
-14.83165;-56.09133;56.0;-1.5;230.0;205.0;25.0
-14.8064;-56.08151;56.0;1.5;223.0;205.0;18.0
-14.83586;-56.09297;56.0;-2.0;233.0;205.0;28.0
-14.80219;-56.07987;56.0;2.0;223.0;205.0;18.0
-14.84007;-56.09461;56.0;-2.5;243.0;205.0;38.0
-14.79798;-56.07823;56.0;2.5;227.0;205.0;22.0
-14.84428;-56.09625;56.0;-3.0;257.0;205.0;52.0
-14.79377;-56.0766;56.0;3.0;233.0;205.0;28.0
-14.84849;-56.09788;56.0;-3.5;241.0;205.0;36.0
-14.78956;-56.07496;56.0;3.5;240.0;205.0;35.0
-14.8527;-56.09952;56.0;-4.0;242.0;205.0;37.0
-14.78536;-56.07332;56.0;4.0;240.0;205.0;35.0
-14.80763;-56.09882;58.0;0.0;212.0;212.0;0.0
-14.81213;-56.09882;58.0;-0.5;225.0;212.0;13.0
-14.80313;-56.09882;58.0;0.5;238.0;212.0;26.0
-14.81662;-56.09882;58.0;-1.0;228.0;212.0;16.0
-14.79864;-56.09882;58.0;1.0;225.0;212.0;13.0
-14.82112;-56.09882;58.0;-1.5;230.0;212.0;18.0
-14.79414;-56.09882;58.0;1.5;234.0;212.0;22.0
-14.82562;-56.09882;58.0;-2.0;238.0;212.0;26.0
-14.78964;-56.09882;58.0;2.0;235.0;212.0;23.0
-14.83011;-56.09882;58.0;-2.5;233.0;212.0;21.0
-14.78515;-56.09882;58.0;2.5;229.0;212.0;17.0
-14.83461;-56.09882;58.0;-3.0;240.0;212.0;28.0
-14.78065;-56.09882;58.0;3.0;225.0;212.0;13.0
-14.83911;-56.09882;58.0;-3.5;246.0;212.0;34.0
-14.77615;-56.09882;58.0;3.5;234.0;212.0;22.0
-14.8436;-56.09882;58.0;-4.0;259.0;212.0;47.0
-14.77166;-56.09882;58.0;4.0;267.0;212.0;55.0
-14.81506;-56.11344;60.0;0.0;209.0;209.0;0.0
-14.81876;-56.11608;60.0;-0.5;210.0;209.0;1.0
-14.81136;-56.1108;60.0;0.5;214.0;209.0;5.0
-14.82246;-56.11873;60.0;-1.0;226.0;209.0;17.0
-14.80765;-56.10816;60.0;1.0;224.0;209.0;15.0
-14.82616;-56.12137;60.0;-1.5;222.0;209.0;13.0
-14.80395;-56.10552;60.0;1.5;221.0;209.0;12.0
-14.82986;-56.12401;60.0;-2.0;225.0;209.0;16.0
-14.80025;-56.10288;60.0;2.0;219.0;209.0;10.0
-14.83357;-56.12665;60.0;-2.5;232.0;209.0;23.0
-14.79655;-56.10024;60.0;2.5;229.0;209.0;20.0
-14.83727;-56.12929;60.0;-3.0;234.0;209.0;25.0
-14.79285;-56.0976;60.0;3.0;236.0;209.0;27.0
-14.84097;-56.13193;60.0;-3.5;234.0;209.0;25.0
-14.78914;-56.09496;60.0;3.5;252.0;209.0;43.0
-14.84467;-56.13457;60.0;-4.0;229.0;209.0;20.0
-14.78544;-56.09232;60.0;4.0;242.0;209.0;33.0
-14.79779;-56.11248;62.0;0.0;202.0;202.0;0.0
-14.7976;-56.11713;62.0;-0.5;211.0;202.0;9.0
-14.79797;-56.10783;62.0;0.5;218.0;202.0;16.0
-14.79742;-56.12177;62.0;-1.0;207.0;202.0;5.0
-14.79815;-56.10318;62.0;1.0;226.0;202.0;24.0
-14.79724;-56.12642;62.0;-1.5;216.0;202.0;14.0
-14.79833;-56.09854;62.0;1.5;225.0;202.0;23.0
-14.79706;-56.13107;62.0;-2.0;219.0;202.0;17.0
-14.79851;-56.09389;62.0;2.0;244.0;202.0;42.0
-14.79688;-56.13571;62.0;-2.5;213.0;202.0;11.0
-14.79869;-56.08924;62.0;2.5;248.0;202.0;46.0
-14.7967;-56.14036;62.0;-3.0;227.0;202.0;25.0
-14.79887;-56.0846;62.0;3.0;236.0;202.0;34.0
-14.79652;-56.14501;62.0;-3.5;233.0;202.0;31.0
-14.79905;-56.07995;62.0;3.5;227.0;202.0;25.0
-14.79633;-56.14965;62.0;-4.0;228.0;202.0;26.0
-14.79923;-56.0753;62.0;4.0;238.0;202.0;36.0
-14.79567;-56.12519;64.0;0.0;206.0;206.0;0.0
-14.79918;-56.12809;64.0;-0.5;211.0;206.0;5.0
-14.79215;-56.12228;64.0;0.5;215.0;206.0;9.0
-14.80269;-56.13099;64.0;-1.0;219.0;206.0;13.0
-14.78864;-56.11938;64.0;1.0;221.0;206.0;15.0
-14.8062;-56.1339;64.0;-1.5;226.0;206.0;20.0
-14.78513;-56.11648;64.0;1.5;224.0;206.0;18.0
-14.80972;-56.1368;64.0;-2.0;243.0;206.0;37.0
-14.78162;-56.11357;64.0;2.0;228.0;206.0;22.0
-14.81323;-56.13971;64.0;-2.5;247.0;206.0;41.0
-14.7781;-56.11067;64.0;2.5;234.0;206.0;28.0
-14.81674;-56.14261;64.0;-3.0;237.0;206.0;31.0
-14.77459;-56.10777;64.0;3.0;267.0;206.0;61.0
-14.82025;-56.14551;64.0;-3.5;239.0;206.0;33.0
-14.77108;-56.10486;64.0;3.5;273.0;206.0;67.0
-14.82377;-56.14842;64.0;-4.0;241.0;206.0;35.0
-14.76757;-56.10196;64.0;4.0;257.0;206.0;51.0
-14.78371;-56.13828;66.0;0.0;210.0;210.0;0.0
-14.78801;-56.13966;66.0;-0.5;215.0;210.0;5.0
-14.77942;-56.13691;66.0;0.5;224.0;210.0;14.0
-14.7923;-56.14104;66.0;-1.0;230.0;210.0;20.0
-14.77513;-56.13553;66.0;1.0;226.0;210.0;16.0
-14.7966;-56.14242;66.0;-1.5;233.0;210.0;23.0
-14.77083;-56.13415;66.0;1.5;227.0;210.0;17.0
-14.80089;-56.1438;66.0;-2.0;231.0;210.0;21.0
-14.76654;-56.13277;66.0;2.0;219.0;210.0;9.0
-14.80519;-56.14518;66.0;-2.5;228.0;210.0;18.0
-14.76224;-56.1314;66.0;2.5;214.0;210.0;4.0
-14.80948;-56.14655;66.0;-3.0;236.0;210.0;26.0
-14.75795;-56.13002;66.0;3.0;222.0;210.0;12.0
-14.81378;-56.14793;66.0;-3.5;234.0;210.0;24.0
-14.75365;-56.12864;66.0;3.5;230.0;210.0;20.0
-14.81807;-56.14931;66.0;-4.0;227.0;210.0;17.0
-14.74936;-56.12726;66.0;4.0;220.0;210.0;10.0
-14.77552;-56.15436;68.0;0.0;210.0;210.0;0.0
-14.77951;-56.1565;68.0;-0.5;206.0;210.0;0.0
-14.77152;-56.15223;68.0;0.5;222.0;210.0;12.0
-14.7835;-56.15863;68.0;-1.0;210.0;210.0;0.0
-14.76753;-56.15009;68.0;1.0;226.0;210.0;16.0
-14.7875;-56.16077;68.0;-1.5;206.0;210.0;0.0
-14.76353;-56.14795;68.0;1.5;222.0;210.0;12.0
-14.79149;-56.16291;68.0;-2.0;213.0;210.0;3.0
-14.75954;-56.14582;68.0;2.0;210.0;210.0;0.0
-14.79549;-56.16504;68.0;-2.5;221.0;210.0;11.0
-14.75554;-56.14368;68.0;2.5;211.0;210.0;1.0
-14.79948;-56.16718;68.0;-3.0;221.0;210.0;11.0
-14.75155;-56.14155;68.0;3.0;222.0;210.0;12.0
-14.80347;-56.16932;68.0;-3.5;239.0;210.0;29.0
-14.74756;-56.13941;68.0;3.5;215.0;210.0;5.0
-14.80747;-56.17145;68.0;-4.0;232.0;210.0;22.0
-14.74356;-56.13728;68.0;4.0;224.0;210.0;14.0
-14.7625;-56.16139;70.0;0.0;213.0;213.0;0.0
-14.7616;-56.16595;70.0;-0.5;218.0;213.0;5.0
-14.7634;-56.15683;70.0;0.5;212.0;213.0;0.0
-14.76071;-56.1705;70.0;-1.0;217.0;213.0;4.0
-14.76429;-56.15228;70.0;1.0;211.0;213.0;0.0
-14.75981;-56.17506;70.0;-1.5;224.0;213.0;11.0
-14.76519;-56.14772;70.0;1.5;224.0;213.0;11.0
-14.75891;-56.17962;70.0;-2.0;238.0;213.0;25.0
-14.76609;-56.14316;70.0;2.0;215.0;213.0;2.0
-14.75801;-56.18417;70.0;-2.5;227.0;213.0;14.0
-14.76698;-56.13861;70.0;2.5;212.0;213.0;0.0
-14.75712;-56.18873;70.0;-3.0;226.0;213.0;13.0
-14.76788;-56.13405;70.0;3.0;220.0;213.0;7.0
-14.75622;-56.19329;70.0;-3.5;232.0;213.0;19.0
-14.76878;-56.12949;70.0;3.5;225.0;213.0;12.0
-14.75532;-56.19784;70.0;-4.0;242.0;213.0;29.0
-14.76967;-56.12494;70.0;4.0;224.0;213.0;11.0
-14.74991;-56.15274;72.0;0.0;205.0;205.0;0.0
-14.7523;-56.15669;72.0;-0.5;210.0;205.0;5.0
-14.74753;-56.1488;72.0;0.5;207.0;205.0;2.0
-14.75468;-56.16063;72.0;-1.0;219.0;205.0;14.0
-14.74514;-56.14486;72.0;1.0;218.0;205.0;13.0
-14.75707;-56.16457;72.0;-1.5;219.0;205.0;14.0
-14.74276;-56.14092;72.0;1.5;222.0;205.0;17.0
-14.75945;-56.16851;72.0;-2.0;222.0;205.0;17.0
-14.74037;-56.13698;72.0;2.0;236.0;205.0;31.0
-14.76184;-56.17245;72.0;-2.5;219.0;205.0;14.0
-14.73799;-56.13304;72.0;2.5;236.0;205.0;31.0
-14.76422;-56.1764;72.0;-3.0;226.0;205.0;21.0
-14.7356;-56.1291;72.0;3.0;247.0;205.0;42.0
-14.76661;-56.18034;72.0;-3.5;235.0;205.0;30.0
-14.73322;-56.12515;72.0;3.5;240.0;205.0;35.0
-14.76899;-56.18428;72.0;-4.0;240.0;205.0;35.0
-14.73083;-56.12121;72.0;4.0;239.0;205.0;34.0
-14.74182;-56.16857;74.0;0.0;199.0;199.0;0.0
-14.74515;-56.17169;74.0;-0.5;205.0;199.0;6.0
-14.73849;-56.16545;74.0;0.5;212.0;199.0;13.0
-14.74849;-56.17481;74.0;-1.0;213.0;199.0;14.0
-14.73515;-56.16234;74.0;1.0;212.0;199.0;13.0
-14.75182;-56.17793;74.0;-1.5;227.0;199.0;28.0
-14.73182;-56.15922;74.0;1.5;211.0;199.0;12.0
-14.75516;-56.18105;74.0;-2.0;231.0;199.0;32.0
-14.72848;-56.1561;74.0;2.0;217.0;199.0;18.0
-14.75849;-56.18417;74.0;-2.5;229.0;199.0;30.0
-14.72515;-56.15298;74.0;2.5;223.0;199.0;24.0
-14.76183;-56.18729;74.0;-3.0;229.0;199.0;30.0
-14.72181;-56.14986;74.0;3.0;238.0;199.0;39.0
-14.76516;-56.19041;74.0;-3.5;225.0;199.0;26.0
-14.71848;-56.14674;74.0;3.5;244.0;199.0;45.0
-14.76849;-56.19353;74.0;-4.0;233.0;199.0;34.0
-14.71514;-56.14362;74.0;4.0;244.0;199.0;45.0
-14.72984;-56.18242;76.0;0.0;208.0;208.0;0.0
-14.73284;-56.18588;76.0;-0.5;209.0;208.0;1.0
-14.72685;-56.17895;76.0;0.5;210.0;208.0;2.0
-14.73583;-56.18935;76.0;-1.0;213.0;208.0;5.0
-14.72385;-56.17548;76.0;1.0;219.0;208.0;11.0
-14.73883;-56.19282;76.0;-1.5;214.0;208.0;6.0
-14.72086;-56.17201;76.0;1.5;226.0;208.0;18.0
-14.74182;-56.19629;76.0;-2.0;226.0;208.0;18.0
-14.71786;-56.16854;76.0;2.0;228.0;208.0;20.0
-14.74481;-56.19976;76.0;-2.5;242.0;208.0;34.0
-14.71487;-56.16507;76.0;2.5;232.0;208.0;24.0
-14.74781;-56.20323;76.0;-3.0;233.0;208.0;25.0
-14.71187;-56.16161;76.0;3.0;234.0;208.0;26.0
-14.7508;-56.2067;76.0;-3.5;241.0;208.0;33.0
-14.70888;-56.15814;76.0;3.5;229.0;208.0;21.0
-14.7538;-56.21016;76.0;-4.0;246.0;208.0;38.0
-14.70588;-56.15467;76.0;4.0;217.0;208.0;9.0
-14.71812;-56.19638;78.0;0.0;199.0;199.0;0.0
-14.7218;-56.19904;78.0;-0.5;212.0;199.0;13.0
-14.71443;-56.19372;78.0;0.5;208.0;199.0;9.0
-14.72549;-56.20171;78.0;-1.0;208.0;199.0;9.0
-14.71074;-56.19106;78.0;1.0;218.0;199.0;19.0
-14.72918;-56.20437;78.0;-1.5;215.0;199.0;16.0
-14.70705;-56.1884;78.0;1.5;211.0;199.0;12.0
-14.73287;-56.20703;78.0;-2.0;212.0;199.0;13.0
-14.70337;-56.18574;78.0;2.0;222.0;199.0;23.0
-14.73655;-56.20969;78.0;-2.5;219.0;199.0;20.0
-14.69968;-56.18308;78.0;2.5;235.0;199.0;36.0
-14.74024;-56.21235;78.0;-3.0;217.0;199.0;18.0
-14.69599;-56.18042;78.0;3.0;225.0;199.0;26.0
-14.74393;-56.21501;78.0;-3.5;229.0;199.0;30.0
-14.6923;-56.17776;78.0;3.5;226.0;199.0;27.0
-14.74762;-56.21767;78.0;-4.0;230.0;199.0;31.0
-14.68862;-56.1751;78.0;4.0;216.0;199.0;17.0
-14.71541;-56.21391;80.0;0.0;206.0;206.0;0.0
-14.7199;-56.21405;80.0;-0.5;210.0;206.0;4.0
-14.71092;-56.21377;80.0;0.5;204.0;206.0;0.0
-14.7244;-56.21419;80.0;-1.0;209.0;206.0;3.0
-14.70642;-56.21363;80.0;1.0;213.0;206.0;7.0
-14.72889;-56.21433;80.0;-1.5;210.0;206.0;4.0
-14.70193;-56.21349;80.0;1.5;216.0;206.0;10.0
-14.73339;-56.21447;80.0;-2.0;216.0;206.0;10.0
-14.69743;-56.21334;80.0;2.0;216.0;206.0;10.0
-14.73788;-56.21462;80.0;-2.5;218.0;206.0;12.0
-14.69294;-56.2132;80.0;2.5;208.0;206.0;2.0
-14.74238;-56.21476;80.0;-3.0;225.0;206.0;19.0
-14.68844;-56.21306;80.0;3.0;206.0;206.0;0.0
-14.74687;-56.2149;80.0;-3.5;231.0;206.0;25.0
-14.68395;-56.21292;80.0;3.5;215.0;206.0;9.0
-14.75137;-56.21504;80.0;-4.0;226.0;206.0;20.0
-14.67945;-56.21278;80.0;4.0;216.0;206.0;10.0
