codigo_ibge;municipio;data_referencia;chuva_24h_mm;chuva_72h_mm;chuva_prevista_24_72h_mm;percentil_climatologico;saturacao_antecedente;indice_saturacao_solo;classe_saturacao_solo;razao_nivel_cota_alerta;nivel_alerta_hidro;dias_consecutivos_chuva_intensa;dias_com_serie_precip;fonte_precip;fonte_previsao;fonte_solo;fonte_hidro;alerta_cemaden;alerta_cemaden_nivel;alerta_inmet;alerta_inmet_nivel;alerta_ana_nivel;nivel_alerta_integrado;score_alerta_integrado;componente_dominante;motivo_integrado;vazao_prevista_glofas_m3s;fonte_glofas;aproximacao_espacial
5100102;Acorizal;2026-09-06;5.5;6.5;1.0;57.0;0,4090;40,9;moderada;;;0;3;openmeteo_sisclima_fallback;openmeteo_ecmwf_ifs025;openmeteo_soil_proxy;;;;Tempestade;amarelo;;;;;;;;municipio_sede
5100201;Água Boa;2026-09-06;11.4;12.7;8.4;86.6;0,5970;59,7;moderada;;;0;3;openmeteo_sisclima_fallback;openmeteo_ecmwf_ifs025;openmeteo_soil_proxy;;;;Tempestade;amarelo;;;;;;;;municipio_sede
5100250;Alta Floresta;2026-09-06;4.7;13.8;3.1;50.7;1,0000;100,0;muito_alta;;;0;3;openmeteo_sisclima_fallback;openmeteo_ecmwf_ifs025;openmeteo_soil_proxy;;;;Tempestade;amarelo;;;;;;;;municipio_sede
5100300;Alto Araguaia;2026-09-06;2.8;8.8;8.2;38.0;0,4290;42,9;moderada;;;0;3;openmeteo_sisclima_fallback;openmeteo_ecmwf_ifs025;openmeteo_soil_proxy;;;;Tempestade;amarelo;;;;;;;;municipio_sede
5100359;Alto Boa Vista;2026-09-06;3.9;19.7;2.2;46.5;0,8620;86,2;muito_alta;;;0;3;openmeteo_sisclima_fallback;openmeteo_ecmwf_ifs025;openmeteo_soil_proxy;;;;Tempestade;amarelo;;;;;;;;municipio_sede
5100409;Alto Garças;2026-09-06;1.0;6.2;5.0;17.6;0,3970;39,7;moderada;;;0;3;openmeteo_sisclima_fallback;openmeteo_ecmwf_ifs025;openmeteo_soil_proxy;;;;Tempestade;amarelo;;;;;;;;municipio_sede
5100508;Alto Paraguai;2026-09-06;6.2;7.1;2.1;64.8;0,3900;39,0;moderada;;;0;3;openmeteo_sisclima_fallback;openmeteo_ecmwf_ifs025;openmeteo_soil_proxy;;;;Tempestade;amarelo;;;;;;;;municipio_sede
5100607;Alto Taquari;2026-09-06;3.1;6.3;6.2;40.8;0,8470;84,7;muito_alta;;;0;3;openmeteo_sisclima_fallback;openmeteo_ecmwf_ifs025;openmeteo_soil_proxy;;;;Tempestade;amarelo;;;;;;;;municipio_sede
5100805;Apiacás;2026-09-06;14.2;17.6;21.4;93.7;0,7350;73,5;alta;0,55;verde;0;3;openmeteo_sisclima_fallback;openmeteo_ecmwf_ifs025;openmeteo_soil_proxy;hidro_risco_municipal;;;Tempestade;amarelo;verde;;;;;;;municipio_sede
5101001;Araguaiana;2026-09-06;7.3;7.8;13.5;71.1;0,6260;62,6;alta;;;0;3;openmeteo_sisclima_fallback;openmeteo_ecmwf_ifs025;openmeteo_soil_proxy;;;;Tempestade;amarelo;;;;;;;;municipio_sede
5101209;Araguainha;2026-09-06;3.4;5.9;8.2;43.0;0,4060;40,6;moderada;;;0;3;openmeteo_sisclima_fallback;openmeteo_ecmwf_ifs025;openmeteo_soil_proxy;;;;Tempestade;amarelo;;;;;;;;municipio_sede
5101258;Araputanga;2026-09-06;10.4;22.8;1.8;83.1;0,9840;98,4;muito_alta;;;0;3;openmeteo_sisclima_fallback;openmeteo_ecmwf_ifs025;openmeteo_soil_proxy;;;;Tempestade;amarelo;;;;;;;;municipio_sede
5101308;Arenápolis;2026-09-06;7.6;7.7;0.7;71.8;0,6000;60,0;moderada;;;0;3;openmeteo_sisclima_fallback;openmeteo_ecmwf_ifs025;openmeteo_soil_proxy;;;;Tempestade;amarelo;;;;;;;;municipio_sede
5101407;Aripuanã;2026-09-06;1.2;10.9;2.6;23.9;0,2530;25,3;baixa;;;0;3;openmeteo_sisclima_fallback;openmeteo_ecmwf_ifs025;openmeteo_soil_proxy;hidro_risco_municipal;;;Tempestade;amarelo;;;;;;;;municipio_sede
5101605;Barão de Melgaço;2026-09-06;8.9;13.8;2.2;78.2;0,9860;98,6;muito_alta;0,55;verde;0;3;openmeteo_sisclima_fallback;openmeteo_ecmwf_ifs025;openmeteo_soil_proxy;hidro_risco_municipal;;;Tempestade;amarelo;verde;;;;;;;municipio_sede
5101704;Barra do Bugres;2026-09-06;15.9;21.7;0.6;95.1;0,9580;95,8;muito_alta;;;0;3;openmeteo_sisclima_fallback;openmeteo_ecmwf_ifs025;openmeteo_soil_proxy;;;;Tempestade;amarelo;;;;;;;;municipio_sede
5101803;Barra do Garças;2026-09-06;6.0;7.7;3.3;62.7;0,4140;41,4;moderada;;;0;3;openmeteo_sisclima_fallback;openmeteo_ecmwf_ifs025;openmeteo_soil_proxy;;;;Tempestade;amarelo;;;;;;;;municipio_sede
5101837;Boa Esperança do Norte;2026-09-06;3.8;4.3;4.3;45.8;0,7010;70,1;alta;;;0;3;openmeteo_sisclima_fallback;openmeteo_ecmwf_ifs025;openmeteo_soil_proxy;;;;;;;;;;;;;municipio_sede
5101852;Bom Jesus do Araguaia;2026-09-06;7.7;16.0;6.3;73.2;0,8430;84,3;muito_alta;;;0;3;openmeteo_sisclima_fallback;openmeteo_ecmwf_ifs025;openmeteo_soil_proxy;;;;Tempestade;amarelo;;;;;;;;municipio_sede
5101902;Brasnorte;2026-09-06;1.2;4.1;2.3;23.9;0,8310;83,1;muito_alta;;;0;3;openmeteo_sisclima_fallback;openmeteo_ecmwf_ifs025;openmeteo_soil_proxy;hidro_risco_municipal;;;Tempestade;amarelo;;;;;;;;municipio_sede
5102504;Cáceres;2026-09-06;2.7;5.3;0.5;37.3;0,6600;66,0;alta;;;0;3;openmeteo_sisclima_fallback;openmeteo_ecmwf_ifs025;openmeteo_soil_proxy;;;;Tempestade;amarelo;;;;;;;;municipio_sede
5102603;Campinápolis;2026-09-06;10.5;12.2;16.0;84.5;0,7280;72,8;alta;;;0;3;openmeteo_sisclima_fallback;openmeteo_ecmwf_ifs025;openmeteo_soil_proxy;;;;Tempestade;amarelo;;;;;;;;municipio_sede
5102637;Campo Novo do Parecis;2026-09-06;1.1;6.5;1.4;19.7;0,8310;83,1;muito_alta;0,55;verde;0;3;openmeteo_sisclima_fallback;openmeteo_ecmwf_ifs025;openmeteo_soil_proxy;hidro_risco_municipal;;;Tempestade;amarelo;verde;;;;;;;municipio_sede
5102678;Campo Verde;2026-09-06;0.0;0.9;21.8;4.9;0,7130;71,3;alta;;;0;3;openmeteo_sisclima_fallback;openmeteo_ecmwf_ifs025;openmeteo_soil_proxy;;;;Tempestade;amarelo;;;;;;;;municipio_sede
5102686;Campos de Júlio;2026-09-06;7.3;13.8;1.1;71.1;0,7740;77,4;alta;0,55;verde;0;3;openmeteo_sisclima_fallback;openmeteo_ecmwf_ifs025;openmeteo_soil_proxy;hidro_risco_municipal;;;Tempestade;amarelo;verde;;;;;;;municipio_sede
5102694;Canabrava do Norte;2026-09-06;4.8;18.2;4.7;51.4;0,6480;64,8;alta;;;0;3;openmeteo_sisclima_fallback;openmeteo_ecmwf_ifs025;openmeteo_soil_proxy;;;;Tempestade;amarelo;;;;;;;;municipio_sede
5102702;Canarana;2026-09-06;1.2;2.4;7.4;23.9;0,8740;87,4;muito_alta;;;0;3;openmeteo_sisclima_fallback;openmeteo_ecmwf_ifs025;openmeteo_soil_proxy;;;;Tempestade;amarelo;;;;;;;;municipio_sede
5102793;Carlinda;2026-09-06;2.6;21.7;6.6;36.6;1,0000;100,0;muito_alta;;;0;3;openmeteo_sisclima_fallback;openmeteo_ecmwf_ifs025;openmeteo_soil_proxy;hidro_risco_municipal;;;Tempestade;amarelo;;;;;;;;municipio_sede
5102850;Castanheira;2026-09-06;0.4;5.7;1.0;12.7;0,6700;67,0;alta;;;0;3;openmeteo_sisclima_fallback;openmeteo_ecmwf_ifs025;openmeteo_soil_proxy;;;;Tempestade;amarelo;;;;;;;;municipio_sede
5103007;Chapada dos Guimarães;2026-09-06;0.0;0.0;7.1;4.9;0,1420;14,2;baixa;0,55;verde;0;3;openmeteo_sisclima_fallback;openmeteo_ecmwf_ifs025;openmeteo_soil_proxy;hidro_risco_municipal;;;Tempestade;amarelo;verde;;;;;10.09;openmeteo_glofas_copernicus_ems;municipio_sede
5103056;Cláudia;2026-09-06;3.0;8.2;6.5;39.4;0,8190;81,9;muito_alta;;;0;3;openmeteo_sisclima_fallback;openmeteo_ecmwf_ifs025;openmeteo_soil_proxy;;;;Tempestade;amarelo;;;;;;;;municipio_sede
5103106;Cocalinho;2026-09-06;6.2;10.3;16.5;64.8;0,4810;48,1;moderada;;;0;3;openmeteo_sisclima_fallback;openmeteo_ecmwf_ifs025;openmeteo_soil_proxy;;;;Tempestade;amarelo;;;;;;;;municipio_sede
5103205;Colíder;2026-09-06;9.2;25.6;2.9;78.9;1,0000;100,0;muito_alta;;;0;3;openmeteo_sisclima_fallback;openmeteo_ecmwf_ifs025;openmeteo_soil_proxy;;;;Tempestade;amarelo;;;;;;;;municipio_sede
5103254;Colniza;2026-09-06;2.9;12.7;8.1;38.7;0,6770;67,7;alta;;;0;3;openmeteo_sisclima_fallback;openmeteo_ecmwf_ifs025;openmeteo_soil_proxy;;;;Tempestade;amarelo;;;;;;;;municipio_sede
5103304;Comodoro;2026-09-06;6.0;36.8;2.2;62.7;0,5830;58,3;moderada;0,55;verde;0;3;openmeteo_sisclima_fallback;openmeteo_ecmwf_ifs025;openmeteo_soil_proxy;hidro_risco_municipal;;;Tempestade;amarelo;verde;;;;;;;municipio_sede
5103353;Confresa;2026-09-06;5.7;15.2;6.1;58.5;0,6510;65,1;alta;;;0;3;openmeteo_sisclima_fallback;openmeteo_ecmwf_ifs025;openmeteo_soil_proxy;;;;Tempestade;amarelo;;;;;;;;municipio_sede
5103361;Conquista D'Oeste;2026-09-06;8.4;14.6;1.3;74.6;0,7860;78,6;alta;;;0;3;openmeteo_sisclima_fallback;openmeteo_ecmwf_ifs025;openmeteo_soil_proxy;;;;Tempestade;amarelo;;;;;;;;municipio_sede
5103379;Cotriguaçu;2026-09-06;1.3;6.7;2.4;26.1;0,6620;66,2;alta;;;0;3;openmeteo_sisclima_fallback;openmeteo_ecmwf_ifs025;openmeteo_soil_proxy;;;;Tempestade;amarelo;;;;;;;;municipio_sede
5103403;Cuiabá;2026-09-06;6.9;7.9;3.0;66.9;0,4070;40,7;moderada;;;0;3;openmeteo_sisclima_fallback;openmeteo_ecmwf_ifs025;openmeteo_soil_proxy;;;;Tempestade;amarelo;;;;;;0.23;openmeteo_glofas_copernicus_ems;municipio_sede
5103437;Curvelândia;2026-09-06;16.8;31.6;1.6;96.5;0,9520;95,2;muito_alta;;;0;3;openmeteo_sisclima_fallback;openmeteo_ecmwf_ifs025;openmeteo_soil_proxy;;;;Tempestade;amarelo;;;;;;;;municipio_sede
5103452;Denise;2026-09-06;3.6;3.7;0.9;43.7;0,4910;49,1;moderada;;;0;3;openmeteo_sisclima_fallback;openmeteo_ecmwf_ifs025;openmeteo_soil_proxy;;;;Tempestade;amarelo;;;;;;;;municipio_sede
5103502;Diamantino;2026-09-06;1.0;5.1;1.6;17.6;1,0000;100,0;muito_alta;;;0;3;openmeteo_sisclima_fallback;openmeteo_ecmwf_ifs025;openmeteo_soil_proxy;;;;Tempestade;amarelo;;;;;;;;municipio_sede
5103601;Dom Aquino;2026-09-06;0.1;1.5;21.9;8.5;0,1440;14,4;baixa;;;0;3;openmeteo_sisclima_fallback;openmeteo_ecmwf_ifs025;openmeteo_soil_proxy;;;;Tempestade;amarelo;;;;;;;;municipio_sede
5103700;Feliz Natal;2026-09-06;1.2;3.9;2.1;23.9;0,8410;84,1;muito_alta;;;0;3;openmeteo_sisclima_fallback;openmeteo_ecmwf_ifs025;openmeteo_soil_proxy;;;;Tempestade;amarelo;;;;;;;;municipio_sede
5103809;Figueirópolis D'Oeste;2026-09-06;8.3;11.8;1.2;73.9;1,0000;100,0;muito_alta;;;0;3;openmeteo_sisclima_fallback;openmeteo_ecmwf_ifs025;openmeteo_soil_proxy;;;;Tempestade;amarelo;;;;;;;;municipio_sede
5103858;Gaúcha do Norte;2026-09-06;1.6;6.0;11.4;30.3;0,7190;71,9;alta;;;0;3;openmeteo_sisclima_fallback;openmeteo_ecmwf_ifs025;openmeteo_soil_proxy;;;;Tempestade;amarelo;;;;;;;;municipio_sede
5103908;General Carneiro;2026-09-06;0.5;2.1;10.6;14.1;0,5660;56,6;moderada;;;0;3;openmeteo_sisclima_fallback;openmeteo_ecmwf_ifs025;openmeteo_soil_proxy;;;;Tempestade;amarelo;;;;;;;;municipio_sede
5103957;Glória D'Oeste;2026-09-06;8.5;14.2;0.5;76.1;0,5160;51,6;moderada;;;0;3;openmeteo_sisclima_fallback;openmeteo_ecmwf_ifs025;openmeteo_soil_proxy;;;;Tempestade;amarelo;;;;;;;;municipio_sede
5104104;Guarantã do Norte;2026-09-06;5.1;14.1;5.6;54.2;0,8540;85,4;muito_alta;;;0;3;openmeteo_sisclima_fallback;openmeteo_ecmwf_ifs025;openmeteo_soil_proxy;;;;Tempestade;amarelo;;;;;;;;municipio_sede
5104203;Guiratinga;2026-09-06;1.6;3.2;4.7;30.3;0,2780;27,8;baixa;;;0;3;openmeteo_sisclima_fallback;openmeteo_ecmwf_ifs025;openmeteo_soil_proxy;;;;Tempestade;amarelo;;;;;;;;municipio_sede
5104500;Indiavaí;2026-09-06;10.1;23.2;1.8;82.4;0,9130;91,3;muito_alta;;;0;3;openmeteo_sisclima_fallback;openmeteo_ecmwf_ifs025;openmeteo_soil_proxy;;;;Tempestade;amarelo;;;;;;;;municipio_sede
5104526;Ipiranga do Norte;2026-09-06;5.9;9.2;4.0;60.6;0,9220;92,2;muito_alta;;;0;3;openmeteo_sisclima_fallback;openmeteo_ecmwf_ifs025;openmeteo_soil_proxy;;;;Tempestade;amarelo;;;;;;;;municipio_sede
5104542;Itanhangá;2026-09-06;0.2;2.8;6.5;10.6;0,7960;79,6;alta;;;0;3;openmeteo_sisclima_fallback;openmeteo_ecmwf_ifs025;openmeteo_soil_proxy;;;;Tempestade;amarelo;;;;;;;;municipio_sede
5104559;Itaúba;2026-09-06;2.1;4.3;5.2;35.2;1,0000;100,0;muito_alta;;;0;3;openmeteo_sisclima_fallback;openmeteo_ecmwf_ifs025;openmeteo_soil_proxy;;;;Tempestade;amarelo;;;;;;;;municipio_sede
5104609;Itiquira;2026-09-06;1.4;13.4;7.4;26.8;1,0000;100,0;muito_alta;;;0;3;openmeteo_sisclima_fallback;openmeteo_ecmwf_ifs025;openmeteo_soil_proxy;;;;Tempestade;amarelo;;;;;;;;municipio_sede
5104807;Jaciara;2026-09-06;0.0;1.3;13.4;4.9;0,7540;75,4;alta;;;0;3;openmeteo_sisclima_fallback;openmeteo_ecmwf_ifs025;openmeteo_soil_proxy;;;;Tempestade;amarelo;;;;;;;;municipio_sede
5104906;Jangada;2026-09-06;8.5;8.9;0.9;76.1;0,6570;65,7;alta;;;0;3;openmeteo_sisclima_fallback;openmeteo_ecmwf_ifs025;openmeteo_soil_proxy;;;;Tempestade;amarelo;;;;;;;;municipio_sede
5105002;Jauru;2026-09-06;9.5;14.2;2.0;81.0;0,8270;82,7;muito_alta;;;0;3;openmeteo_sisclima_fallback;openmeteo_ecmwf_ifs025;openmeteo_soil_proxy;;;;Tempestade;amarelo;;;;;;;;municipio_sede
5105101;Juara;2026-09-06;0.0;2.2;7.6;4.9;0,7820;78,2;alta;;;0;3;openmeteo_sisclima_fallback;openmeteo_ecmwf_ifs025;openmeteo_soil_proxy;hidro_risco_municipal;;;Tempestade;amarelo;;;;;;;;municipio_sede
5105150;Juína;2026-09-06;4.0;11.9;4.6;47.2;0,4190;41,9;moderada;;;0;3;openmeteo_sisclima_fallback;openmeteo_ecmwf_ifs025;openmeteo_soil_proxy;;;;Tempestade;amarelo;;;;;;;;municipio_sede
5105176;Juruena;2026-09-06;0.1;8.1;1.1;8.5;0,8260;82,6;muito_alta;;;0;3;openmeteo_sisclima_fallback;openmeteo_ecmwf_ifs025;openmeteo_soil_proxy;;;;Tempestade;amarelo;;;;;;;;municipio_sede
5105200;Juscimeira;2026-09-06;0.2;0.8;6.3;10.6;0,7540;75,4;alta;;;0;3;openmeteo_sisclima_fallback;openmeteo_ecmwf_ifs025;openmeteo_soil_proxy;;;;Tempestade;amarelo;;;;;;;;municipio_sede
5105234;Lambari D'Oeste;2026-09-06;39.5;43.2;0.6;100.0;0,8870;88,7;muito_alta;;;1;3;openmeteo_sisclima_fallback;openmeteo_ecmwf_ifs025;openmeteo_soil_proxy;;;;Tempestade;amarelo;;;;;;;;municipio_sede
5105259;Lucas do Rio Verde;2026-09-06;6.2;10.6;4.9;64.8;0,9280;92,8;muito_alta;;;0;3;openmeteo_sisclima_fallback;openmeteo_ecmwf_ifs025;openmeteo_soil_proxy;;;;Tempestade;amarelo;;;;;;;;municipio_sede
5105309;Luciara;2026-09-06;22.6;27.9;7.3;98.6;0,8320;83,2;muito_alta;;;1;3;openmeteo_sisclima_fallback;openmeteo_ecmwf_ifs025;openmeteo_soil_proxy;;;;Tempestade;amarelo;;;;;;;;municipio_sede
5105507;Vila Bela da Santíssima Trindade;2026-09-06;4.2;6.7;0.4;48.6;0,4100;41,0;moderada;0,55;verde;0;3;openmeteo_sisclima_fallback;openmeteo_ecmwf_ifs025;openmeteo_soil_proxy;hidro_risco_municipal;;;Declínio de Temperatura;amarelo;verde;;;;;;;municipio_sede
5105580;Marcelândia;2026-09-06;0.0;5.4;2.8;4.9;1,0000;100,0;muito_alta;;;0;3;openmeteo_sisclima_fallback;openmeteo_ecmwf_ifs025;openmeteo_soil_proxy;;;;Tempestade;amarelo;;;;;;;;municipio_sede
5105606;Matupá;2026-09-06;1.1;7.3;5.1;19.7;0,8660;86,6;muito_alta;;;0;3;openmeteo_sisclima_fallback;openmeteo_ecmwf_ifs025;openmeteo_soil_proxy;;;;Tempestade;amarelo;;;;;;;;municipio_sede
5105622;Mirassol d'Oeste;2026-09-06;12.5;19.7;1.6;90.8;0,9940;99,4;muito_alta;;;0;3;openmeteo_sisclima_fallback;openmeteo_ecmwf_ifs025;openmeteo_soil_proxy;;;;Tempestade;amarelo;;;;;;;;municipio_sede
5105903;Nobres;2026-09-06;1.5;1.7;9.1;27.5;0,1420;14,2;baixa;0,55;verde;0;3;openmeteo_sisclima_fallback;openmeteo_ecmwf_ifs025;openmeteo_soil_proxy;hidro_risco_municipal;;;Tempestade;amarelo;verde;;;;;;;municipio_sede
5106000;Nortelândia;2026-09-06;3.2;3.8;0.7;41.5;0,3510;35,1;moderada;;;0;3;openmeteo_sisclima_fallback;openmeteo_ecmwf_ifs025;openmeteo_soil_proxy;;;;Tempestade;amarelo;;;;;;;;municipio_sede
5106109;Nossa Senhora do Livramento;2026-09-06;5.6;6.8;2.3;57.7;0,4650;46,5;moderada;;;0;3;openmeteo_sisclima_fallback;openmeteo_ecmwf_ifs025;openmeteo_soil_proxy;;;;Tempestade;amarelo;;;;;;;;municipio_sede
5106158;Nova Bandeirantes;2026-09-06;3.4;13.7;1.9;43.0;1,0000;100,0;muito_alta;;;0;3;openmeteo_sisclima_fallback;openmeteo_ecmwf_ifs025;openmeteo_soil_proxy;;;;Tempestade;amarelo;;;;;;;;municipio_sede
5106174;Nova Nazaré;2026-09-06;14.3;15.6;17.3;94.4;0,4030;40,3;moderada;;;0;3;openmeteo_sisclima_fallback;openmeteo_ecmwf_ifs025;openmeteo_soil_proxy;;;;Tempestade;amarelo;;;;;;;;municipio_sede
5106182;Nova Lacerda;2026-09-06;7.3;12.6;0.4;71.1;0,8280;82,8;muito_alta;;;0;3;openmeteo_sisclima_fallback;openmeteo_ecmwf_ifs025;openmeteo_soil_proxy;;;;Tempestade;amarelo;;;;;;;;municipio_sede
5106190;Nova Santa Helena;2026-09-06;3.1;4.8;5.0;40.8;1,0000;100,0;muito_alta;;;0;3;openmeteo_sisclima_fallback;openmeteo_ecmwf_ifs025;openmeteo_soil_proxy;;;;Tempestade;amarelo;;;;;;;;municipio_sede
5106208;Nova Brasilândia;2026-09-06;2.1;3.1;15.3;35.2;0,1680;16,8;baixa;0,55;verde;0;3;openmeteo_sisclima_fallback;openmeteo_ecmwf_ifs025;openmeteo_soil_proxy;hidro_risco_municipal;;;Tempestade;amarelo;verde;;;;;;;municipio_sede
5106216;Nova Canaã do Norte;2026-09-06;17.9;30.5;6.0;97.2;1,0000;100,0;muito_alta;;;0;3;openmeteo_sisclima_fallback;openmeteo_ecmwf_ifs025;openmeteo_soil_proxy;;;;Tempestade;amarelo;;;;;;;;municipio_sede
5106224;Nova Mutum;2026-09-06;3.7;4.7;10.6;44.4;0,6680;66,8;alta;;;0;3;openmeteo_sisclima_fallback;openmeteo_ecmwf_ifs025;openmeteo_soil_proxy;hidro_risco_municipal;;;Tempestade;amarelo;;;;;;;;municipio_sede
5106232;Nova Olímpia;2026-09-06;11.3;13.4;1.2;85.9;0,6320;63,2;alta;;;0;3;openmeteo_sisclima_fallback;openmeteo_ecmwf_ifs025;openmeteo_soil_proxy;;;;Tempestade;amarelo;;;;;;;;municipio_sede
5106240;Nova Ubiratã;2026-09-06;1.2;3.5;2.6;23.9;0,8910;89,1;muito_alta;;;0;3;openmeteo_sisclima_fallback;openmeteo_ecmwf_ifs025;openmeteo_soil_proxy;;;;Tempestade;amarelo;;;;;;;;municipio_sede
5106257;Nova Xavantina;2026-09-06;6.0;6.2;8.3;62.7;0,2550;25,5;baixa;;;0;3;openmeteo_sisclima_fallback;openmeteo_ecmwf_ifs025;openmeteo_soil_proxy;;;;Tempestade;amarelo;;;;;;;;municipio_sede
5106265;Novo Mundo;2026-09-06;1.3;8.2;27.9;26.1;1,0000;100,0;muito_alta;;;0;3;openmeteo_sisclima_fallback;openmeteo_ecmwf_ifs025;openmeteo_soil_proxy;;;;Tempestade;amarelo;;;;;;;;municipio_sede
5106273;Novo Horizonte do Norte;2026-09-06;0.5;2.9;6.6;14.1;0,8320;83,2;muito_alta;;;0;3;openmeteo_sisclima_fallback;openmeteo_ecmwf_ifs025;openmeteo_soil_proxy;;;;Tempestade;amarelo;;;;;;;;municipio_sede
5106281;Novo São Joaquim;2026-09-06;8.8;10.3;12.3;76.8;0,4240;42,4;moderada;;;0;3;openmeteo_sisclima_fallback;openmeteo_ecmwf_ifs025;openmeteo_soil_proxy;;;;Tempestade;amarelo;;;;;;;;municipio_sede
5106299;Paranaíta;2026-09-06;4.3;16.8;4.6;49.3;1,0000;100,0;muito_alta;;;0;3;openmeteo_sisclima_fallback;openmeteo_ecmwf_ifs025;openmeteo_soil_proxy;;;;Tempestade;amarelo;;;;;;;;municipio_sede
5106307;Paranatinga;2026-09-06;12.8;13.6;3.3;91.5;0,9090;90,9;muito_alta;;;0;3;openmeteo_sisclima_fallback;openmeteo_ecmwf_ifs025;openmeteo_soil_proxy;;;;Tempestade;amarelo;;;;;;;;municipio_sede
5106315;Novo Santo Antônio;2026-09-06;5.1;6.8;4.3;54.2;0,3580;35,8;moderada;;;0;3;openmeteo_sisclima_fallback;openmeteo_ecmwf_ifs025;openmeteo_soil_proxy;;;;Tempestade;amarelo;;;;;;;;municipio_sede
5106372;Pedra Preta;2026-09-06;1.3;4.0;3.6;26.1;0,1380;13,8;baixa;;;0;3;openmeteo_sisclima_fallback;openmeteo_ecmwf_ifs025;openmeteo_soil_proxy;;;;Tempestade;amarelo;;;;;;;;municipio_sede
5106422;Peixoto de Azevedo;2026-09-06;0.6;3.9;6.0;14.8;0,8490;84,9;muito_alta;;;0;3;openmeteo_sisclima_fallback;openmeteo_ecmwf_ifs025;openmeteo_soil_proxy;;;;Tempestade;amarelo;;;;;;;;municipio_sede
5106455;Planalto da Serra;2026-09-06;0.8;4.4;6.9;16.2;0,4660;46,6;moderada;;;0;3;openmeteo_sisclima_fallback;openmeteo_ecmwf_ifs025;openmeteo_soil_proxy;;;;Tempestade;amarelo;;;;;;;;municipio_sede
5106505;Poconé;2026-09-06;7.7;10.0;0.7;73.2;0,4470;44,7;moderada;;;0;3;openmeteo_sisclima_fallback;openmeteo_ecmwf_ifs025;openmeteo_soil_proxy;;;;Tempestade;amarelo;;;;;;;;municipio_sede
5106653;Pontal do Araguaia;2026-09-06;13.1;18.3;8.4;92.3;0,1450;14,5;baixa;;;0;3;openmeteo_sisclima_fallback;openmeteo_ecmwf_ifs025;openmeteo_soil_proxy;;;;Tempestade;amarelo;;;;;;;;municipio_sede
5106703;Ponte Branca;2026-09-06;7.0;9.6;3.4;67.6;0,4370;43,7;moderada;;;0;3;openmeteo_sisclima_fallback;openmeteo_ecmwf_ifs025;openmeteo_soil_proxy;;;;Tempestade;amarelo;;;;;;;;municipio_sede
5106752;Pontes e Lacerda;2026-09-06;4.9;5.6;0.3;52.8;1,0000;100,0;muito_alta;;;0;3;openmeteo_sisclima_fallback;openmeteo_ecmwf_ifs025;openmeteo_soil_proxy;;;;Tempestade;amarelo;;;;;;;;municipio_sede
5106778;Porto Alegre do Norte;2026-09-06;12.3;16.0;4.7;90.1;0,7530;75,3;alta;;;0;3;openmeteo_sisclima_fallback;openmeteo_ecmwf_ifs025;openmeteo_soil_proxy;;;;Tempestade;amarelo;;;;;;;;municipio_sede
5106802;Porto dos Gaúchos;2026-09-06;5.2;8.2;4.4;54.9;0,7640;76,4;alta;;;0;3;openmeteo_sisclima_fallback;openmeteo_ecmwf_ifs025;openmeteo_soil_proxy;;;;Tempestade;amarelo;;;;;;;;municipio_sede
5106828;Porto Esperidião;2026-09-06;12.0;14.9;0.3;88.0;0,7450;74,5;alta;;;0;3;openmeteo_sisclima_fallback;openmeteo_ecmwf_ifs025;openmeteo_soil_proxy;;;;Tempestade;amarelo;;;;;;;;municipio_sede
5106851;Porto Estrela;2026-09-06;12.1;18.3;0.9;88.7;0,4180;41,8;moderada;;;0;3;openmeteo_sisclima_fallback;openmeteo_ecmwf_ifs025;openmeteo_soil_proxy;;;;Tempestade;amarelo;;;;;;;;municipio_sede
5107008;Poxoréu;2026-09-06;0.2;1.6;7.9;10.6;0,3060;30,6;baixa;;;0;3;openmeteo_sisclima_fallback;openmeteo_ecmwf_ifs025;openmeteo_soil_proxy;;;;Tempestade;amarelo;;;;;;;;municipio_sede
5107040;Primavera do Leste;2026-09-06;1.2;2.5;13.6;23.9;0,8340;83,4;muito_alta;;;0;3;openmeteo_sisclima_fallback;openmeteo_ecmwf_ifs025;openmeteo_soil_proxy;;;;Tempestade;amarelo;;;;;;;;municipio_sede
5107065;Querência;2026-09-06;6.4;7.3;7.7;66.2;0,8830;88,3;muito_alta;;;0;3;openmeteo_sisclima_fallback;openmeteo_ecmwf_ifs025;openmeteo_soil_proxy;;;;Tempestade;amarelo;;;;;;;;municipio_sede
5107107;São José dos Quatro Marcos;2026-09-06;9.5;15.6;0.8;81.0;1,0000;100,0;muito_alta;;;0;3;openmeteo_sisclima_fallback;openmeteo_ecmwf_ifs025;openmeteo_soil_proxy;;;;Tempestade;amarelo;;;;;;;;municipio_sede
5107156;Reserva do Cabaçal;2026-09-06;6.4;10.8;2.2;66.2;1,0000;100,0;muito_alta;;;0;3;openmeteo_sisclima_fallback;openmeteo_ecmwf_ifs025;openmeteo_soil_proxy;;;;Tempestade;amarelo;;;;;;;;municipio_sede
5107180;Ribeirão Cascalheira;2026-09-06;10.5;22.7;10.5;84.5;0,5130;51,3;moderada;;;0;3;openmeteo_sisclima_fallback;openmeteo_ecmwf_ifs025;openmeteo_soil_proxy;;;;Tempestade;amarelo;;;;;;;;municipio_sede
5107198;Ribeirãozinho;2026-09-06;9.5;9.7;4.0;81.0;0,3140;31,4;baixa;;;0;3;openmeteo_sisclima_fallback;openmeteo_ecmwf_ifs025;openmeteo_soil_proxy;;;;Tempestade;amarelo;;;;;;;;municipio_sede
5107206;Rio Branco;2026-09-06;33.3;48.5;1.4;99.3;1,0000;100,0;muito_alta;;;1;3;openmeteo_sisclima_fallback;openmeteo_ecmwf_ifs025;openmeteo_soil_proxy;;;;Tempestade;amarelo;;;;;;;;municipio_sede
5107248;Santa Carmem;2026-09-06;0.1;1.4;4.8;8.5;0,9940;99,4;muito_alta;;;0;3;openmeteo_sisclima_fallback;openmeteo_ecmwf_ifs025;openmeteo_soil_proxy;;;;Tempestade;amarelo;;;;;;;;municipio_sede
5107263;Santo Afonso;2026-09-06;2.2;4.0;2.3;35.9;0,6800;68,0;alta;;;0;3;openmeteo_sisclima_fallback;openmeteo_ecmwf_ifs025;openmeteo_soil_proxy;;;;Tempestade;amarelo;;;;;;;;municipio_sede
5107297;São José do Povo;2026-09-06;0.3;3.6;3.4;11.3;0,8390;83,9;muito_alta;;;0;3;openmeteo_sisclima_fallback;openmeteo_ecmwf_ifs025;openmeteo_soil_proxy;;;;Tempestade;amarelo;;;;;;;;municipio_sede
5107305;São José do Rio Claro;2026-09-06;3.8;5.3;3.8;45.8;0,9920;99,2;muito_alta;;;0;3;openmeteo_sisclima_fallback;openmeteo_ecmwf_ifs025;openmeteo_soil_proxy;;;;Tempestade;amarelo;;;;;;;;municipio_sede
5107354;São José do Xingu;2026-09-06;0.7;6.9;2.8;15.5;0,9580;95,8;muito_alta;;;0;3;openmeteo_sisclima_fallback;openmeteo_ecmwf_ifs025;openmeteo_soil_proxy;;;;Tempestade;amarelo;;;;;;;;municipio_sede
5107404;São Pedro da Cipa;2026-09-06;0.1;5.6;12.1;8.5;0,2340;23,4;baixa;;;0;3;openmeteo_sisclima_fallback;openmeteo_ecmwf_ifs025;openmeteo_soil_proxy;;;;Tempestade;amarelo;;;;;;;;municipio_sede
5107578;Rondolândia;2026-09-06;5.9;11.5;2.8;60.6;1,0000;100,0;muito_alta;0,55;verde;0;3;openmeteo_sisclima_fallback;openmeteo_ecmwf_ifs025;openmeteo_soil_proxy;hidro_risco_municipal;;;Tempestade;amarelo;verde;;;;;;;municipio_sede
5107602;Rondonópolis;2026-09-06;0.0;2.2;5.7;4.9;0,7320;73,2;alta;;;0;3;openmeteo_sisclima_fallback;openmeteo_ecmwf_ifs025;openmeteo_soil_proxy;;;;Tempestade;amarelo;;;;;;;;municipio_sede
5107701;Rosário Oeste;2026-09-06;1.7;3.1;1.5;31.0;0,3640;36,4;moderada;;;0;3;openmeteo_sisclima_fallback;openmeteo_ecmwf_ifs025;openmeteo_soil_proxy;;;;Tempestade;amarelo;;;;;;;;municipio_sede
5107743;Santa Cruz do Xingu;2026-09-06;13.8;22.0;5.5;93.0;0,7070;70,7;alta;;;0;3;openmeteo_sisclima_fallback;openmeteo_ecmwf_ifs025;openmeteo_soil_proxy;;;;Tempestade;amarelo;;;;;;;;municipio_sede
5107750;Salto do Céu;2026-09-06;16.0;21.3;1.1;95.8;1,0000;100,0;muito_alta;;;0;3;openmeteo_sisclima_fallback;openmeteo_ecmwf_ifs025;openmeteo_soil_proxy;;;;Tempestade;amarelo;;;;;;;;municipio_sede
5107768;Santa Rita do Trivelato;2026-09-06;4.2;6.9;6.2;48.6;0,7180;71,8;alta;;;0;3;openmeteo_sisclima_fallback;openmeteo_ecmwf_ifs025;openmeteo_soil_proxy;;;;Tempestade;amarelo;;;;;;;;municipio_sede
5107776;Santa Terezinha;2026-09-06;11.0;13.7;3.1;85.2;1,0000;100,0;muito_alta;;;0;3;openmeteo_sisclima_fallback;openmeteo_ecmwf_ifs025;openmeteo_soil_proxy;;;;Tempestade;amarelo;;;;;;;;municipio_sede
5107792;Santo Antônio do Leste;2026-09-06;7.3;9.2;24.8;71.1;0,6730;67,3;alta;;;0;3;openmeteo_sisclima_fallback;openmeteo_ecmwf_ifs025;openmeteo_soil_proxy;;;;Tempestade;amarelo;;;;;;;;municipio_sede
5107800;Santo Antônio de Leverger;2026-09-06;1.6;2.5;4.5;30.3;1,0000;100,0;muito_alta;;;0;3;openmeteo_sisclima_fallback;openmeteo_ecmwf_ifs025;openmeteo_soil_proxy;;;;Tempestade;amarelo;;;;;;;;municipio_sede
5107859;São Félix do Araguaia;2026-09-06;5.9;7.5;4.9;60.6;0,6770;67,7;alta;;;0;3;openmeteo_sisclima_fallback;openmeteo_ecmwf_ifs025;openmeteo_soil_proxy;;;;Tempestade;amarelo;;;;;;;;municipio_sede
5107875;Sapezal;2026-09-06;12.2;16.7;4.1;89.4;0,8380;83,8;muito_alta;0,55;verde;0;3;openmeteo_sisclima_fallback;openmeteo_ecmwf_ifs025;openmeteo_soil_proxy;hidro_risco_municipal;;;Tempestade;amarelo;verde;;;;;;;municipio_sede
5107883;Serra Nova Dourada;2026-09-06;2.0;4.6;4.8;33.1;0,4210;42,1;moderada;;;0;3;openmeteo_sisclima_fallback;openmeteo_ecmwf_ifs025;openmeteo_soil_proxy;;;;Tempestade;amarelo;;;;;;;;municipio_sede
5107909;Sinop;2026-09-06;2.1;7.4;5.3;35.2;0,6630;66,3;alta;;;0;3;openmeteo_sisclima_fallback;openmeteo_ecmwf_ifs025;openmeteo_soil_proxy;;;;Tempestade;amarelo;;;;;;;;municipio_sede
5107925;Sorriso;2026-09-06;1.6;4.4;6.0;30.3;0,9490;94,9;muito_alta;0,55;verde;0;3;openmeteo_sisclima_fallback;openmeteo_ecmwf_ifs025;openmeteo_soil_proxy;hidro_risco_municipal;;;Tempestade;amarelo;verde;;;;;43.36;openmeteo_glofas_copernicus_ems;municipio_sede
5107941;Tabaporã;2026-09-06;1.1;5.8;3.7;19.7;0,8920;89,2;muito_alta;;;0;3;openmeteo_sisclima_fallback;openmeteo_ecmwf_ifs025;openmeteo_soil_proxy;;;;Tempestade;amarelo;;;;;;;;municipio_sede
5107958;Tangará da Serra;2026-09-06;4.5;6.9;1.1;50.0;1,0000;100,0;muito_alta;;;0;3;openmeteo_sisclima_fallback;openmeteo_ecmwf_ifs025;openmeteo_soil_proxy;;;;Tempestade;amarelo;;;;;;;;municipio_sede
5108006;Tapurah;2026-09-06;2.0;4.7;7.1;33.1;0,9270;92,7;muito_alta;;;0;3;openmeteo_sisclima_fallback;openmeteo_ecmwf_ifs025;openmeteo_soil_proxy;;;;Tempestade;amarelo;;;;;;;;municipio_sede
5108055;Terra Nova do Norte;2026-09-06;4.9;10.6;9.6;52.8;1,0000;100,0;muito_alta;;;0;3;openmeteo_sisclima_fallback;openmeteo_ecmwf_ifs025;openmeteo_soil_proxy;;;;Tempestade;amarelo;;;;;;;;municipio_sede
5108105;Tesouro;2026-09-06;0.1;1.2;4.7;8.5;0,1360;13,6;baixa;;;0;3;openmeteo_sisclima_fallback;openmeteo_ecmwf_ifs025;openmeteo_soil_proxy;;;;Tempestade;amarelo;;;;;;;;municipio_sede
5108204;Torixoréu;2026-09-06;5.3;5.9;2.6;56.3;0,2200;22,0;baixa;;;0;3;openmeteo_sisclima_fallback;openmeteo_ecmwf_ifs025;openmeteo_soil_proxy;;;;Tempestade;amarelo;;;;;;;;municipio_sede
5108303;União do Sul;2026-09-06;0.0;6.0;1.3;4.9;0,9410;94,1;muito_alta;;;0;3;openmeteo_sisclima_fallback;openmeteo_ecmwf_ifs025;openmeteo_soil_proxy;;;;Tempestade;amarelo;;;;;;;;municipio_sede
5108352;Vale de São Domingos;2026-09-06;7.1;14.8;2.2;68.3;1,0000;100,0;muito_alta;;;0;3;openmeteo_sisclima_fallback;openmeteo_ecmwf_ifs025;openmeteo_soil_proxy;;;;Tempestade;amarelo;;;;;;;;municipio_sede
5108402;Várzea Grande;2026-09-06;9.6;9.6;0.7;81.7;0,4810;48,1;moderada;0,55;verde;0;3;openmeteo_sisclima_fallback;openmeteo_ecmwf_ifs025;openmeteo_soil_proxy;hidro_risco_municipal;;;Tempestade;amarelo;verde;;;;;0.03;openmeteo_glofas_copernicus_ems;municipio_sede
5108501;Vera;2026-09-06;0.4;1.7;3.8;12.7;0,9810;98,1;muito_alta;0,55;verde;0;3;openmeteo_sisclima_fallback;openmeteo_ecmwf_ifs025;openmeteo_soil_proxy;hidro_risco_municipal;;;Tempestade;amarelo;verde;;;;;;;municipio_sede
5108600;Vila Rica;2026-09-06;11.6;19.2;4.2;87.3;0,7550;75,5;alta;;;0;3;openmeteo_sisclima_fallback;openmeteo_ecmwf_ifs025;openmeteo_soil_proxy;;;;Tempestade;amarelo;;;;;;;;municipio_sede
5108808;Nova Guarita;2026-09-06;2.0;36.0;5.2;33.1;1,0000;100,0;muito_alta;;;0;3;openmeteo_sisclima_fallback;openmeteo_ecmwf_ifs025;openmeteo_soil_proxy;;;;Tempestade;amarelo;;;;;;;;municipio_sede
5108857;Nova Marilândia;2026-09-06;5.3;7.0;1.6;56.3;0,7660;76,6;alta;;;0;3;openmeteo_sisclima_fallback;openmeteo_ecmwf_ifs025;openmeteo_soil_proxy;;;;Tempestade;amarelo;;;;;;;;municipio_sede
5108907;Nova Maringá;2026-09-06;8.9;10.4;3.3;78.2;0,9080;90,8;muito_alta;;;0;3;openmeteo_sisclima_fallback;openmeteo_ecmwf_ifs025;openmeteo_soil_proxy;;;;Tempestade;amarelo;;;;;;;;municipio_sede
5108956;Nova Monte Verde;2026-09-06;22.6;28.5;4.6;98.6;1,0000;100,0;muito_alta;;;1;3;openmeteo_sisclima_fallback;openmeteo_ecmwf_ifs025;openmeteo_soil_proxy;;;;Tempestade;amarelo;;;;;;;;municipio_sede
