codigo_ibge;municipio;microrregiao;mesorregiao;regiao_imediata;regiao_intermediaria
5100102;Acorizal;Rosário Oeste;Centro-Sul Mato-grossense;Cuiabá;Cuiabá
5100250;Alta Floresta;Alta Floresta;Norte Mato-grossense;Alta Floresta;Sinop
5100300;Alto Araguaia;Alto Araguaia;Sudeste Mato-grossense;Rondonópolis;Rondonópolis
5100359;Alto Boa Vista;Norte Araguaia;Nordeste Mato-grossense;Confresa - Vila Rica;Barra do Garças
5100409;Alto Garças;Alto Araguaia;Sudeste Mato-grossense;Rondonópolis;Rondonópolis
5100508;Alto Paraguai;Alto Paraguai;Centro-Sul Mato-grossense;Diamantino;Cuiabá
5100607;Alto Taquari;Alto Araguaia;Sudeste Mato-grossense;Rondonópolis;Rondonópolis
5100805;Apiacás;Alta Floresta;Norte Mato-grossense;Alta Floresta;Sinop
5101001;Araguaiana;Médio Araguaia;Nordeste Mato-grossense;Barra do Garças;Barra do Garças
5101209;Araguainha;Tesouro;Sudeste Mato-grossense;Rondonópolis;Rondonópolis
5101258;Araputanga;Jauru;Sudoeste Mato-grossense;Mirassol D'oeste;Cáceres
5101308;Arenápolis;Alto Paraguai;Centro-Sul Mato-grossense;Diamantino;Cuiabá
5101407;Aripuanã;Aripuanã;Norte Mato-grossense;Juína;Sinop
5101704;Barra do Bugres;Tangará da Serra;Sudoeste Mato-grossense;Tangará da Serra;Cuiabá
5101803;Barra do Garças;Médio Araguaia;Nordeste Mato-grossense;Barra do Garças;Barra do Garças
5101605;Barão de Melgaço;Alto Pantanal;Centro-Sul Mato-grossense;Cuiabá;Cuiabá
5101837;Boa Esperança do Norte;;;Sorriso;Sinop
5101852;Bom Jesus do Araguaia;Norte Araguaia;Nordeste Mato-grossense;Confresa - Vila Rica;Barra do Garças
5101902;Brasnorte;Aripuanã;Norte Mato-grossense;Tangará da Serra;Cuiabá
5102603;Campinápolis;Canarana;Nordeste Mato-grossense;Água Boa;Barra do Garças
5102637;Campo Novo do Parecis;Parecis;Norte Mato-grossense;Tangará da Serra;Cuiabá
5102678;Campo Verde;Primavera do Leste;Sudeste Mato-grossense;Cuiabá;Cuiabá
5102686;Campos de Júlio;Parecis;Norte Mato-grossense;Pontes e Lacerda - Comodoro;Cáceres
5102694;Canabrava do Norte;Norte Araguaia;Nordeste Mato-grossense;Confresa - Vila Rica;Barra do Garças
5102702;Canarana;Canarana;Nordeste Mato-grossense;Água Boa;Barra do Garças
5102793;Carlinda;Alta Floresta;Norte Mato-grossense;Alta Floresta;Sinop
5102850;Castanheira;Aripuanã;Norte Mato-grossense;Juína;Sinop
5103007;Chapada dos Guimarães;Cuiabá;Centro-Sul Mato-grossense;Cuiabá;Cuiabá
5103056;Cláudia;Sinop;Norte Mato-grossense;Sinop;Sinop
5103106;Cocalinho;Médio Araguaia;Nordeste Mato-grossense;Água Boa;Barra do Garças
5103254;Colniza;Aripuanã;Norte Mato-grossense;Juína;Sinop
5103205;Colíder;Colíder;Norte Mato-grossense;Sinop;Sinop
5103304;Comodoro;Parecis;Norte Mato-grossense;Pontes e Lacerda - Comodoro;Cáceres
5103353;Confresa;Norte Araguaia;Nordeste Mato-grossense;Confresa - Vila Rica;Barra do Garças
5103361;Conquista D'Oeste;Alto Guaporé;Sudoeste Mato-grossense;Pontes e Lacerda - Comodoro;Cáceres
5103379;Cotriguaçu;Aripuanã;Norte Mato-grossense;Juína;Sinop
5103403;Cuiabá;Cuiabá;Centro-Sul Mato-grossense;Cuiabá;Cuiabá
5103437;Curvelândia;Alto Pantanal;Centro-Sul Mato-grossense;Cáceres;Cáceres
5102504;Cáceres;Alto Pantanal;Centro-Sul Mato-grossense;Cáceres;Cáceres
5103452;Denise;Tangará da Serra;Sudoeste Mato-grossense;Tangará da Serra;Cuiabá
5103502;Diamantino;Parecis;Norte Mato-grossense;Diamantino;Cuiabá
5103601;Dom Aquino;Rondonópolis;Sudeste Mato-grossense;Jaciara;Rondonópolis
5103700;Feliz Natal;Sinop;Norte Mato-grossense;Sinop;Sinop
5103809;Figueirópolis D'Oeste;Jauru;Sudoeste Mato-grossense;Mirassol D'oeste;Cáceres
5103858;Gaúcha do Norte;Paranatinga;Norte Mato-grossense;Água Boa;Barra do Garças
5103908;General Carneiro;Tesouro;Sudeste Mato-grossense;Barra do Garças;Barra do Garças
5103957;Glória D'Oeste;Jauru;Sudoeste Mato-grossense;Mirassol D'oeste;Cáceres
5104104;Guarantã do Norte;Colíder;Norte Mato-grossense;Peixoto de Azevedo - Guarantã do Norte;Sinop
5104203;Guiratinga;Tesouro;Sudeste Mato-grossense;Rondonópolis;Rondonópolis
5104500;Indiavaí;Jauru;Sudoeste Mato-grossense;Mirassol D'oeste;Cáceres
5104526;Ipiranga do Norte;Alto Teles Pires;Norte Mato-grossense;Sorriso;Sinop
5104542;Itanhangá;Alto Teles Pires;Norte Mato-grossense;Sorriso;Sinop
5104559;Itaúba;Sinop;Norte Mato-grossense;Sinop;Sinop
5104609;Itiquira;Rondonópolis;Sudeste Mato-grossense;Rondonópolis;Rondonópolis
5104807;Jaciara;Rondonópolis;Sudeste Mato-grossense;Jaciara;Rondonópolis
5104906;Jangada;Rosário Oeste;Centro-Sul Mato-grossense;Cuiabá;Cuiabá
5105002;Jauru;Jauru;Sudoeste Mato-grossense;Mirassol D'oeste;Cáceres
5105101;Juara;Arinos;Norte Mato-grossense;Juara;Sinop
5105176;Juruena;Aripuanã;Norte Mato-grossense;Juína;Sinop
5105200;Juscimeira;Rondonópolis;Sudeste Mato-grossense;Jaciara;Rondonópolis
5105150;Juína;Aripuanã;Norte Mato-grossense;Juína;Sinop
5105234;Lambari D'Oeste;Jauru;Sudoeste Mato-grossense;Cáceres;Cáceres
5105259;Lucas do Rio Verde;Alto Teles Pires;Norte Mato-grossense;Sorriso;Sinop
5105309;Luciara;Norte Araguaia;Nordeste Mato-grossense;Confresa - Vila Rica;Barra do Garças
5105580;Marcelândia;Sinop;Norte Mato-grossense;Sinop;Sinop
5105606;Matupá;Colíder;Norte Mato-grossense;Peixoto de Azevedo - Guarantã do Norte;Sinop
5105622;Mirassol d'Oeste;Jauru;Sudoeste Mato-grossense;Mirassol D'oeste;Cáceres
5105903;Nobres;Alto Teles Pires;Norte Mato-grossense;Cuiabá;Cuiabá
5106000;Nortelândia;Alto Paraguai;Centro-Sul Mato-grossense;Diamantino;Cuiabá
5106109;Nossa Senhora do Livramento;Cuiabá;Centro-Sul Mato-grossense;Cuiabá;Cuiabá
5106158;Nova Bandeirantes;Alta Floresta;Norte Mato-grossense;Alta Floresta;Sinop
5106208;Nova Brasilândia;Paranatinga;Norte Mato-grossense;Cuiabá;Cuiabá
5106216;Nova Canaã do Norte;Colíder;Norte Mato-grossense;Sinop;Sinop
5108808;Nova Guarita;Colíder;Norte Mato-grossense;Sinop;Sinop
5106182;Nova Lacerda;Alto Guaporé;Sudoeste Mato-grossense;Pontes e Lacerda - Comodoro;Cáceres
5108857;Nova Marilândia;Alto Paraguai;Centro-Sul Mato-grossense;Diamantino;Cuiabá
5108907;Nova Maringá;Arinos;Norte Mato-grossense;Diamantino;Cuiabá
5108956;Nova Monte Verde;Alta Floresta;Norte Mato-grossense;Alta Floresta;Sinop
5106224;Nova Mutum;Alto Teles Pires;Norte Mato-grossense;Sorriso;Sinop
5106174;Nova Nazaré;Canarana;Nordeste Mato-grossense;Água Boa;Barra do Garças
5106232;Nova Olímpia;Tangará da Serra;Sudoeste Mato-grossense;Tangará da Serra;Cuiabá
5106190;Nova Santa Helena;Sinop;Norte Mato-grossense;Sinop;Sinop
5106240;Nova Ubiratã;Alto Teles Pires;Norte Mato-grossense;Sorriso;Sinop
5106257;Nova Xavantina;Canarana;Nordeste Mato-grossense;Barra do Garças;Barra do Garças
5106273;Novo Horizonte do Norte;Arinos;Norte Mato-grossense;Juara;Sinop
5106265;Novo Mundo;Colíder;Norte Mato-grossense;Peixoto de Azevedo - Guarantã do Norte;Sinop
5106315;Novo Santo Antônio;Norte Araguaia;Nordeste Mato-grossense;Confresa - Vila Rica;Barra do Garças
5106281;Novo São Joaquim;Canarana;Nordeste Mato-grossense;Barra do Garças;Barra do Garças
5106307;Paranatinga;Paranatinga;Norte Mato-grossense;Primavera do Leste;Rondonópolis
5106299;Paranaíta;Alta Floresta;Norte Mato-grossense;Alta Floresta;Sinop
5106372;Pedra Preta;Rondonópolis;Sudeste Mato-grossense;Rondonópolis;Rondonópolis
5106422;Peixoto de Azevedo;Colíder;Norte Mato-grossense;Peixoto de Azevedo - Guarantã do Norte;Sinop
5106455;Planalto da Serra;Paranatinga;Norte Mato-grossense;Cuiabá;Cuiabá
5106505;Poconé;Alto Pantanal;Centro-Sul Mato-grossense;Cuiabá;Cuiabá
5106653;Pontal do Araguaia;Tesouro;Sudeste Mato-grossense;Barra do Garças;Barra do Garças
5106703;Ponte Branca;Tesouro;Sudeste Mato-grossense;Barra do Garças;Barra do Garças
5106752;Pontes e Lacerda;Alto Guaporé;Sudoeste Mato-grossense;Pontes e Lacerda - Comodoro;Cáceres
5106778;Porto Alegre do Norte;Norte Araguaia;Nordeste Mato-grossense;Confresa - Vila Rica;Barra do Garças
5106828;Porto Esperidião;Jauru;Sudoeste Mato-grossense;Mirassol D'oeste;Cáceres
5106851;Porto Estrela;Tangará da Serra;Sudoeste Mato-grossense;Tangará da Serra;Cuiabá
5106802;Porto dos Gaúchos;Arinos;Norte Mato-grossense;Juara;Sinop
5107008;Poxoréu;Tesouro;Sudeste Mato-grossense;Primavera do Leste;Rondonópolis
5107040;Primavera do Leste;Primavera do Leste;Sudeste Mato-grossense;Primavera do Leste;Rondonópolis
5107065;Querência;Canarana;Nordeste Mato-grossense;Água Boa;Barra do Garças
5107156;Reserva do Cabaçal;Jauru;Sudoeste Mato-grossense;Mirassol D'oeste;Cáceres
5107180;Ribeirão Cascalheira;Norte Araguaia;Nordeste Mato-grossense;Água Boa;Barra do Garças
5107198;Ribeirãozinho;Tesouro;Sudeste Mato-grossense;Barra do Garças;Barra do Garças
5107206;Rio Branco;Jauru;Sudoeste Mato-grossense;Cáceres;Cáceres
5107578;Rondolândia;Aripuanã;Norte Mato-grossense;Juína;Sinop
5107602;Rondonópolis;Rondonópolis;Sudeste Mato-grossense;Rondonópolis;Rondonópolis
5107701;Rosário Oeste;Rosário Oeste;Centro-Sul Mato-grossense;Cuiabá;Cuiabá
5107750;Salto do Céu;Jauru;Sudoeste Mato-grossense;Cáceres;Cáceres
5107248;Santa Carmem;Sinop;Norte Mato-grossense;Sinop;Sinop
5107743;Santa Cruz do Xingu;Norte Araguaia;Nordeste Mato-grossense;Confresa - Vila Rica;Barra do Garças
5107768;Santa Rita do Trivelato;Alto Teles Pires;Norte Mato-grossense;Sorriso;Sinop
5107776;Santa Terezinha;Norte Araguaia;Nordeste Mato-grossense;Confresa - Vila Rica;Barra do Garças
5107263;Santo Afonso;Alto Paraguai;Centro-Sul Mato-grossense;Diamantino;Cuiabá
5107800;Santo Antônio de Leverger;Cuiabá;Centro-Sul Mato-grossense;Cuiabá;Cuiabá
5107792;Santo Antônio do Leste;Canarana;Nordeste Mato-grossense;Primavera do Leste;Rondonópolis
5107875;Sapezal;Parecis;Norte Mato-grossense;Tangará da Serra;Cuiabá
5107883;Serra Nova Dourada;Norte Araguaia;Nordeste Mato-grossense;Confresa - Vila Rica;Barra do Garças
5107909;Sinop;Sinop;Norte Mato-grossense;Sinop;Sinop
5107925;Sorriso;Alto Teles Pires;Norte Mato-grossense;Sorriso;Sinop
5107859;São Félix do Araguaia;Norte Araguaia;Nordeste Mato-grossense;Confresa - Vila Rica;Barra do Garças
5107297;São José do Povo;Rondonópolis;Sudeste Mato-grossense;Rondonópolis;Rondonópolis
5107305;São José do Rio Claro;Arinos;Norte Mato-grossense;Diamantino;Cuiabá
5107354;São José do Xingu;Norte Araguaia;Nordeste Mato-grossense;Confresa - Vila Rica;Barra do Garças
5107107;São José dos Quatro Marcos;Jauru;Sudoeste Mato-grossense;Mirassol D'oeste;Cáceres
5107404;São Pedro da Cipa;Rondonópolis;Sudeste Mato-grossense;Jaciara;Rondonópolis
5107941;Tabaporã;Arinos;Norte Mato-grossense;Juara;Sinop
5107958;Tangará da Serra;Tangará da Serra;Sudoeste Mato-grossense;Tangará da Serra;Cuiabá
5108006;Tapurah;Alto Teles Pires;Norte Mato-grossense;Sorriso;Sinop
5108055;Terra Nova do Norte;Colíder;Norte Mato-grossense;Sinop;Sinop
5108105;Tesouro;Tesouro;Sudeste Mato-grossense;Rondonópolis;Rondonópolis
5108204;Torixoréu;Tesouro;Sudeste Mato-grossense;Barra do Garças;Barra do Garças
5108303;União do Sul;Sinop;Norte Mato-grossense;Sinop;Sinop
5108352;Vale de São Domingos;Alto Guaporé;Sudoeste Mato-grossense;Pontes e Lacerda - Comodoro;Cáceres
5108501;Vera;Sinop;Norte Mato-grossense;Sorriso;Sinop
5105507;Vila Bela da Santíssima Trindade;Alto Guaporé;Sudoeste Mato-grossense;Pontes e Lacerda - Comodoro;Cáceres
5108600;Vila Rica;Norte Araguaia;Nordeste Mato-grossense;Confresa - Vila Rica;Barra do Garças
5108402;Várzea Grande;Cuiabá;Centro-Sul Mato-grossense;Cuiabá;Cuiabá
5100201;Água Boa;Canarana;Nordeste Mato-grossense;Água Boa;Barra do Garças
