area_calc_ha;area_hectare_declarada;capacidade;cd_sipra;data_de_criacao;data_obtencao;descricao_fase;fase;forma_obtencao;gid;municipio;nome_projeto;num_familias;sr
35017.2604;35000.0000;775;MT0203000;29/12/1997;16/01/1997;;5;Desapropriação;17997;PARANAITA;PA SÃO PEDRO;772;
;1549.4342;57;MT0806000;15/03/2007;28/09/2004;;3;Compra e Venda;21081;NOVA OLIMPIA;PA USIEL PEREIRA;57;
;17700.7379;346;MT0057000;10/06/1992;22/04/1991;;3;Doação;21082;COLNIZA;PA PERSEVERANÇA PACUTINGA;317;
;1649.2222;72;MT0261000;14/12/1998;04/12/1998;;6;Compra e Venda;21135;SAO JOSE DO POVO;PA SANDRINI;70;
;8988.6722;270;MT0950000;21/08/2018;26/12/2013;;3;Desapropriação;21142;BARRA DO GARCAS;PA PASSA VINTE;0;
18111.0994;18131.6997;266;MT0017000;11/12/1986;25/02/1986;;6;Desapropriação;7979;NOVA LACERDA;PA SARARÉ;254;
23257.9881;22674.0974;325;MT0026000;21/05/1987;11/03/1987;;3;Arrecadação;11471;PEIXOTO DE AZEVEDO;PA ETA;304;
9356.0970;9481.6913;131;MT0066000;10/01/1995;02/10/1989;;3;Desapropriação;17980;NOVA NAZARE;PA PONTAL;123;
7274.5315;7029.4470;203;MT0689000;12/12/2003;25/02/2003;;3;Desapropriação;4067;BARRA DO BUGRES;PA CABAÇAS;176;
24832.8588;24835.4432;570;MT0845000;16/11/2009;18/12/2008;;3;Desapropriação;17973;RIBEIRAO CASCALHEIRA;PA SANTA RITA;279;
2603.1386;2497.4687;54;MT0808000;02/08/2010;18/05/2006;;3;Desapropriação;18012;UNIAO DO SUL;PDS SONHO DE ANDERSON;64;
27635.5990;28995.6065;360;MT0265000;31/12/1998;12/08/1998;;3;Desapropriação;18015;NOVA MUTUM;PA PONTAL DO MARAPE;360;
3840.4188;3983.0000;68;MT0108000;14/12/1995;25/01/1985;;6;Desapropriação;2063;MIRASSOL D'OESTE;PA PROVIDÊNCIA - I;67;
12466.4539;12420.4855;245;MT0307000;28/01/1999;10/02/1998;;3;Desapropriação;11654;COLNIZA;PA NATAL;216;
22823.1450;22538.3847;212;MT0067000;10/01/1995;16/11/1985;;3;Desapropriação;17966;CONFRESA;PA PIRACICABA;215;
15129.9849;15057.9595;232;MT0028000;28/05/1987;16/12/1986;;3;Desapropriação;16019;AGUA BOA;PA JATOBAZINHO;219;
1589.0678;2124.3500;37;MT0129000;29/12/1995;03/03/1980;;3;Arrecadação;4400;NOVO MUNDO;PA CASTANHAL;22;
1215.3215;1216.9924;20;MT0821000;28/03/2011;09/11/2007;;3;Compra e Venda;9859;CLAUDIA;PDS TERRA DE VIVER;15;
27934.8399;27464.6994;400;MT0818000;09/11/2007;24/11/2005;;3;Desapropriação;20601;ARIPUANA;PA MEDALHA MILAGROSA;187;
7985.6431;7790.8328;95;MT0731000;25/05/2005;25/05/2005;;3;Arrecadação;11589;PEIXOTO DE AZEVEDO;PA ANTONIO SOARES;94;
1605.8868;1597.5318;27;MT0667000;24/11/2003;24/11/2003;;6;Arrecadação;4436;NOVA MUTUM;PA RIBEIRÃO GRANDE - III;39;
2529.2393;6300.0000;90;MT0262000;10/12/1999;22/12/1997;;4;Desapropriação;4810;NOVA OLIMPIA;PA RIO BRANCO;85;
1512.6121;1043.0000;73;MT0050000;06/10/1988;02/05/1986;;3;Desapropriação;20484;NOBRES;PA SERRAGEM;67;
29658.0706;8273.1815;115;MT0140000;24/05/1996;24/05/1996;;3;Arrecadação;19058;GUARANTA DO NORTE;PA HORIZONTE II;72;
1073.1515;1050.5363;38;MT0642000;10/09/2003;18/07/2002;;3;Desapropriação;4437;PRIMAVERA DO LESTE;PA BR-070;32;
6891.0384;6829.6219;200;MT0853000;11/06/2012;30/06/2010;;3;Desapropriação;9868;CANARANA;PA GUATAPARA;118;
6536.2895;6422.8600;240;MT0187000;24/10/1997;18/07/1996;;3;Desapropriação;10967;VILA BELA DA SANTISSIMA TRINDADE;PA SERINGAL;225;
10213.3266;10216.3717;130;MT0088000;27/09/1995;03/03/1980;;4;Arrecadação;12482;NOVO MUNDO;PA COTREL;121;
1045.6452;1043.7025;35;MT0702000;29/03/2004;25/03/2004;;3;Desapropriação;11879;PEDRA PRETA;PA FREI SERVACIO SCHULT;35;
11777.2807;11749.1643;375;MT0111000;14/12/1995;20/12/1994;;6;Desapropriação;497;MARCELANDIA;PA BONJAGUÁ;362;
1276.3093;1276.7043;80;MT0640000;09/09/2003;05/08/2001;;3;Desapropriação;4070;PEIXOTO DE AZEVEDO;PA BELMONTE;36;
8308.3620;7500.0000;200;MT0022000;01/04/1987;26/06/1986;;5;Desapropriação;8593;PONTES E LACERDA;PA CORONEL ARI;138;
796.6064;659.8400;25;MT0746000;17/11/2005;17/11/2005;;3;Desapropriação;4250;NOVA MARINGA;PA SANTO ANTONIO;11;
3117.9411;3152.4340;120;MT0228000;06/07/1998;04/12/1997;;4;Desapropriação;2232;SAO JOSE DO POVO;PA PADRE JOSIMO TAVARES;115;
7952.8983;8002.9772;51;MT0125000;29/12/1995;29/12/1995;;7;Desapropriação;2175;SAO JOSE DO XINGU;PA YAMIN;94;
4347.1768;4796.9832;107;MT0087000;27/09/1995;16/01/1979;;7;Arrecadação;2061;TERRA NOVA DO NORTE;PA UNIÃO DE TODOS;104;
8237.9661;8193.9839;128;MT0084000;01/09/1995;21/06/1994;;3;Desapropriação;2044;NOVA XAVANTINA;PA RANCHO AMIGO;115;
63289.0901;63249.0740;1063;MT0167000;27/11/1997;06/09/1996;;3;Desapropriação;10838;TABAPORA;PA MERCEDES BENS I E II;1010;
28343.0136;27583.0171;139;MT0068000;10/01/1995;17/05/1984;;7;Desapropriação;19976;SAO FELIX DO ARAGUAIA;PA AZULONA GAMELEIRA;132;
950.1895;949.6580;23;MT0820000;05/10/2010;17/03/2008;;3;Compra e Venda;9861;UNIAO DO SUL;PDS NOVO RENASCER;21;
4184.0790;4183.8386;64;MT0120000;29/12/1995;24/03/1985;;7;Desapropriação;2172;CONFRESA;PA PORTO ESPERANÇA;61;
2134.3413;2125.0000;28;MT0016000;08/08/1986;07/05/1981;;3;Arrecadação;4169;GENERAL CARNEIRO;PA MORRINHO;27;
1342.9417;1352.2550;60;MT0294000;28/12/1998;16/07/1998;;3;Desapropriação;17961;NOVO SAO JOAQUIM;PA TAMBORIL;58;
15744.6142;15742.3372;172;MT0064000;10/01/1995;26/10/1993;;7;Desapropriação;2055;QUERENCIA;PA COUTINHO UNIÃO;171;
9010.8874;9073.0000;170;MT0241000;28/07/1999;10/12/1998;;3;Desapropriação;17945;SAO JOSE DO XINGU;PA BRASIPAIVA;146;
1733.6127;1621.0400;40;MT0822000;18/01/2012;24/10/2007;;3;Desapropriação;18001;UNIAO DO SUL;PDS FREI CRISPIN;10;
913.8020;948.0000;17;MT0043000;17/09/1987;12/11/1986;;3;Desapropriação;1975;PLANALTO DA SERRA;PA VINAGRE LOTE 31;12;
2407.8723;2407.4621;47;MT0198000;19/12/1997;05/12/1996;;3;Desapropriação;17675;CACERES;PA RANCHO DA SAUDADE;45;
3082.3500;8098.6450;450;MT0346000;17/03/2000;18/10/1999;;3;Desapropriação;11043;NOVA MONTE VERDE;PA MONTE VERDE;123;
3110.0673;3107.7993;71;MT0247000;24/02/1999;30/04/1998;;6;Desapropriação;11090;TAPURAH;PA SANTA LUZIA I;67;
1448.7335;1486.7150;25;MT0824000;27/12/2011;22/12/2003;;3;Desapropriação;18005;UNIAO DO SUL;PDS OLGA BENARIO;29;
5890.7320;5806.7700;169;MT0014000;05/06/1986;05/02/1985;;7;Desapropriação;18040;ALTO PARAGUAI;PA CAPÃO VERDE;153;
13342.7854;13272.4503;219;MT0123000;29/12/1995;05/05/1980;;3;Arrecadação;2174;GUARANTA DO NORTE;PA CACHOEIRA DA UNIÃO;143;
1967.2344;4123.9734;67;MT0735000;28/05/2005;28/05/2005;;6;Arrecadação;5960;PORTO ALEGRE DO NORTE;PA UIRAPURU;66;
1528.9287;1528.6940;75;MT0109000;19/12/1995;25/10/1985;;7;Desapropriação;2048;CURVELANDIA;PA PROVIDÊNCIA III;74;
24967.1018;31273.3432;630;MT0349000;28/02/2000;23/11/1999;;4;Desapropriação;11549;CONFRESA;PA SÃO VICENTE;365;
3725.1919;3493.0000;51;MT0248000;28/12/1998;13/04/1998;;3;Desapropriação;9415;IPIRANGA DO NORTE;PA CRISTALMEL;51;
4508.4957;4505.3635;104;MT0610000;11/09/2002;11/09/2002;;3;Arrecadação;10900;ROSARIO OESTE;PA NOSSA SENHORA DA ESPERANÇA;104;
855.9321;826.0000;27;MT0151000;09/01/1997;26/12/1995;;6;Compra e Venda;3721;RONDONOPOLIS;PA SANTA LUZIA;26;
4031.2342;4065.0000;45;MT0090000;06/12/1995;08/11/1994;;3;Desapropriação;2263;CHAPADA DOS GUIMARAES;PA PRAIA RICA;43;
14493.7523;14616.6164;186;MT0169000;02/12/1996;09/05/1996;;3;Desapropriação;2071;RIBEIRAO CASCALHEIRA;PA CANCELA;168;
3143.9850;3075.0765;99;MT0303000;24/02/1999;06/10/1998;;3;Desapropriação;16029;RONDONOPOLIS;PA 17 DE MARÇO;95;
114463.1093;115035.0000;1149;MT0127000;29/12/1995;29/01/1995;;7;Desapropriação;18017;TAPURAH;PA TAPURAH/ITANHANGA;1124;
9264.3483;9259.9533;108;MT0737000;09/09/2005;09/09/2005;;3;Arrecadação;18234;PEIXOTO DE AZEVEDO;PA VIDA NOVA II;87;
4425.3766;4536.2487;60;MT0142000;25/07/1996;24/03/1995;;6;Desapropriação;1722;VILA RICA;PA COLONIA BOM JESUS;62;
3447.8336;3445.1365;48;MT0189000;13/11/1997;25/11/1996;;3;Desapropriação;2229;TAPURAH;PA BONANZA;43;
60.0865;60.1254;14;MT0855000;19/03/2012;03/06/1998;;3;Compra e Venda;9843;PONTES E LACERDA;PA BARRA DO MARCO II;13;
5674.5371;6206.8531;118;MT0079000;15/08/1995;05/11/1986;;3;Desapropriação;17990;NOVA CANAA DO NORTE;PA AVAÍ;114;
1141.9452;1148.2211;26;MT0854000;28/11/2011;18/05/2006;;3;Desapropriação;18053;SANTO ANTONIO DO LEVERGER;PA PAU DALHO;26;
4162.9991;3528.0000;117;MT0071000;23/02/1995;12/12/1989;;3;Desapropriação;219;COMODORO;PA GRANJA;115;
2431.4991;2433.1948;87;MT0838000;22/09/2009;28/03/2008;;3;Compra e Venda;9867;GAUCHA DO NORTE;PDS NOVA ALIANÇA;79;
13607.0062;13607.6714;439;MT0634000;24/04/2003;24/04/2003;;3;Compra e Venda;16030;CACERES;PA SADIA VALE VERDE;428;
1102.4510;1081.9170;25;MT0621000;30/11/2002;30/11/2002;;3;Arrecadação;2146;DIAMANTINO;PA RIO PRETO;12;
1797.2954;1887.0272;73;MT0196000;31/12/1997;25/04/1997;;6;Desapropriação;2253;SAO JOSE DOS QUATRO MARCOS;PA SANTA ROSA I;73;
21592.5949;21582.3093;214;MT0119000;29/12/1995;24/03/1995;;6;Desapropriação;2157;RIBEIRAO CASCALHEIRA;PA MARIA TEREZA;202;
10210.0561;10641.3527;300;MT0143000;11/07/1996;24/03/1995;;3;Desapropriação;20563;VILA RICA;PA ITAPORÃ DO NORTE;158;
299.8560;300.0000;18;MT0173000;08/01/1997;13/02/1979;;6;Arrecadação;9853;VILA BELA DA SANTISSIMA TRINDADE;PA BOCAINA;18;
4184.9875;7870.0000;123;MT0019000;17/12/1986;16/05/1986;;7;Arrecadação;345;COMODORO;PA NOVA ALVORADA;94;
714.3113;726.0000;37;MT0324000;16/11/1999;18/09/1998;;6;Desapropriação;2115;POXOREO;PA TIETÊ;24;
459.2111;469.0000;26;MT0756000;27/03/2006;27/03/2006;;3;Desapropriação;9844;DIAMANTINO;PA DIOCESE DE DIAMANTINO/MT;26;
7523.5318;7514.5862;232;MT0201000;04/06/1998;19/08/2002;;6;Desapropriação;2016;VERA;PA CALIFORNIA;221;
33831.0027;32769.9496;500;MT0075000;02/08/1995;20/12/1993;;3;Desapropriação;2245;CONFRESA;PA FARTURA;452;
43938.9540;44023.7000;1016;MT0305000;28/12/1998;17/08/1998;;3;Desapropriação;2283;COLNIZA;PA COLNIZA-I;966;
9825.5837;11509.0000;150;MT0232000;13/07/1998;03/02/1998;;3;Desapropriação;16025;NOVA UBIRATA;PA SANTA TEREZINHA II;134;
30002.1594;30072.0000;524;MT0199000;26/11/1997;19/08/2002;;4;Desapropriação;20208;COTRIGUACU;PA JURUENA;476;
1587.4979;900.0000;28;MT0101000;27/11/1995;11/10/1983;;3;Arrecadação;19960;PORTO ESTRELA;PA VÃO GRANDE;28;
16688.4640;16447.5000;183;MT0137000;19/03/1996;24/03/1995;;4;Desapropriação;11592;VILA BELA DA SANTISSIMA TRINDADE;PA SANTA HELENA;181;
11576.3420;11573.3872;217;MT0331000;10/04/2001;10/04/2001;;3;Desapropriação;11633;VILA RICA;PA SANTO ANTONIO DO BELEZA;164;
33121.0756;33035.9344;130;MT0074000;06/10/1995;28/12/1983;;5;Desapropriação;220;SAO FELIX DO ARAGUAIA;PA CHAPADINHA;127;
7251.0215;7250.5673;102;MT0217000;19/12/1997;19/08/2002;;3;Arrecadação;2411;GUARANTA DO NORTE;PA IRIRIZINHO;72;
2246.5894;1971.6141;72;MT0941000;02/02/2015;26/12/2013;;3;Desapropriação;14256;JUSCIMEIRA;PA EGIDIO BRUNETTO;72;
5214.8145;5331.1210;86;MT0758000;25/09/2006;31/05/2005;;3;Desapropriação;4051;VILA BELA DA SANTISSIMA TRINDADE;PA MARUMBI;86;
1694.2728;1826.4365;62;MT0732000;28/05/2005;28/05/2005;;3;Arrecadação;11969;PEDRA PRETA;PA FURNAS;48;
386.5776;440.0000;18;MT0301000;17/12/1998;07/07/1998;;3;Desapropriação;8591;RONDONOPOLIS;PA ÁGUAS DA SERRA;18;
22551.4014;22277.7133;222;MT0776000;18/11/2005;16/11/2005;;3;Arrecadação;19114;PEIXOTO DE AZEVEDO;PA PLANALTO DO IRIRI;180;
20323.8715;20591.9820;244;MT0172000;14/10/1997;14/10/1997;;6;Desapropriação;2246;CONFRESA;PA MARGARIDA UNIÃO;217;
10761.2845;7500.0000;194;MT0150000;31/10/1996;05/12/1984;;5;Arrecadação;18232;NOVA CANAA DO NORTE;PA RONDON;185;
4289.4383;4286.5666;103;MT0473000;02/08/2001;01/07/1999;;3;Desapropriação;1872;NOSSA SENHORA DO LIVRAMENTO;PA FRANCISCO JOSÉ NASCIMENTO;83;
6429.8479;6430.2554;861;MT0045000;17/09/1987;31/12/1984;;5;Arrecadação;13015;PORTO ALEGRE DO NORTE;PA LIBERDADE;268;
93334.9143;93960.7697;2076;MT0113000;06/12/1995;06/12/1995;;6;Desapropriação;499;CONFRESA;PA CONFRESA/RONCADOR;1184;
10797.2939;1994.0000;129;MT0162000;24/02/1997;23/09/1996;;3;Desapropriação;5125;CACERES;PA LARANJEIRA I;133;
1198.6315;1210.0000;36;MT0736000;28/05/2005;28/05/2005;;3;Confisco;9842;VILA BELA DA SANTISSIMA TRINDADE;PA LOURIVAL D´ABIC;36;
7512.1879;7546.9669;107;MT0061000;12/11/1992;11/12/1991;;7;Compra e Venda;2205;NOVA XAVANTINA;PA PIAU;97;
6312.9914;6262.7875;118;MT0027000;28/05/1987;18/12/1986;;7;Desapropriação;11571;ALTO PARAGUAI;PA TIRA SENTIDO;117;
7642.3469;7643.5196;174;MT0825000;18/12/2007;11/12/2006;;3;Desapropriação;11591;NOVA LACERDA;PA SANTA ELINA;163;
781.5436;766.3000;31;MT0769000;17/11/2005;17/11/2005;;3;Desapropriação;13110;NOVA MARINGA;PA SANTO ANTONIO II;14;
3371.5925;3413.1808;73;MT0313000;05/04/2001;17/09/1998;;3;Desapropriação;2394;CACERES;PA CORIXO;73;
4722.0904;4782.4698;170;MT0755000;27/03/2006;27/03/2006;;3;Desapropriação;5217;CACERES;PA FACÃO/BOM JARDIM;170;
7578.3032;7513.4777;270;MT0344000;04/06/2001;19/08/2002;;3;Desapropriação;18063;CAMPO VERDE;PA SANTO ANTONIO DA FARTURA;265;
1256.9258;1154.7000;50;MT0154000;04/04/1997;30/09/1996;;6;Compra e Venda;1726;RONDONOPOLIS;PA PRIMAVERA;47;
1644.2445;1644.3816;42;MT0915000;28/03/2014;20/09/2013;;3;Arrecadação;14264;NOVO MUNDO;PDS TABAPUA;41;
7358.7192;7327.6700;155;MT0164000;24/12/1996;23/03/1996;;3;Desapropriação;2256;VALE DE SÃO DOMINGOS;PA AERORANCHO;122;
6828.8713;6472.9773;145;MT0133000;08/02/1996;17/01/1984;;3;Arrecadação;1976;CHAPADA DOS GUIMARAES;PA QUILOMBO;103;
60414.3938;60505.8578;1231;MT0174000;05/12/1996;05/12/1996;;3;Desapropriação;13085;PEIXOTO DE AZEVEDO;PA SÃO JOSÉ UNIÃO;981;
6968.1524;6218.8981;50;MT0184000;04/12/1997;06/09/1996;;3;Desapropriação;11551;SAO FELIX DO ARAGUAIA;PA LAGO DE PEDRA;45;
1066.4183;1069.6319;27;MT0724000;04/02/2005;04/02/2005;;3;Arrecadação;17977;NOVO MUNDO;PA ALIANÇA;21;
29414.2482;29417.3280;358;MT0031000;28/05/1987;25/09/1986;;3;Desapropriação;17985;NOVA XAVANTINA;PA SAFRA;376;
1281.1289;994.4946;48;MT0326000;10/02/2000;10/02/2000;;3;Desapropriação;2019;PEDRA PRETA;PA SANTO ANTONIO DO NORTE;47;
9413.8620;9916.5589;158;MT0063000;24/09/1992;18/03/1987;;3;Desapropriação;1914;AGUA BOA;PA SERRINHA;36;
2161.6074;2161.5045;85;MT0943000;13/11/2015;17/11/2015;;3;Arrecadação;13251;INDIAVAI;PA SANTA AURELIA;0;
1082.8283;983.0000;40;MT0472000;13/07/2001;19/08/2002;;3;Desapropriação;1957;VARZEA GRANDE;PA DORCELINA FOLADOR;34;
1181.1059;1247.0000;30;MT0282000;31/12/1998;03/07/1998;;3;Desapropriação;4283;CACERES;PA IPÊ ROXO;26;
1641.7438;1569.0000;45;MT0157000;31/10/1996;16/01/1979;;5;Arrecadação;4069;TERRA NOVA DO NORTE;PA ALTO PARAISO;45;
7804.9321;5661.3896;198;MT0701000;29/03/2004;29/03/2004;;10;Arrecadação;16022;JACIARA;PA MESTRE;0;
5186.3388;5187.3694;62;MT0231000;28/12/1998;28/12/1998;;3;Desapropriação;16028;GUIRATINGA;PA SANTO ANTONIO;63;
107142.4479;109913.0000;600;MT0069000;10/01/1995;24/02/1981;;5;Desapropriação;2059;BOM JESUS DO ARAGUAIA;PA SANTO ANTONIO DA MATA AZUL;598;
12222.6413;12214.0141;222;MT0946000;01/02/2018;26/12/2013;;3;Desapropriação;13366;JURUENA;PA SOMAPAR;0;
2078.1284;2439.5000;85;MT0309000;20/01/1999;08/10/1997;;3;Desapropriação;2079;ROSARIO OESTE;PA RAIZAMA;82;
52278.2085;52283.0667;980;MT0132000;29/12/1995;24/03/1995;;3;Desapropriação;18079;PEIXOTO DE AZEVEDO;PA CACHIMBO;922;
48820.2811;49811.0574;824;MT0356000;10/02/2000;28/07/1999;;3;Desapropriação;18080;PEIXOTO DE AZEVEDO;PA CACHIMBO II;768;
434.5188;433.2607;14;MT0627000;18/12/2002;18/12/2002;;3;Arrecadação;2095;CACERES;PA BOM SUCESSO;13;
2358.2378;2188.9446;43;MT0726000;04/02/2005;14/04/2000;;6;Arrecadação;17942;NOVO MUNDO;PA CRISTALINO II;41;
20094.0100;20162.3996;420;MT0212000;11/05/1998;17/11/1997;;3;Desapropriação;17979;AGUA BOA;PA JARAGUÁ;410;
638.2923;643.7129;34;MT0112000;14/12/1995;02/01/1995;;5;Arrecadação;17996;NOVA GUARITA;PA SANTA IZABEL;30;
2650.8025;2450.3548;43;MT0046000;24/09/1987;31/12/1984;;4;Arrecadação;5027;BOM JESUS DO ARAGUAIA;PA SERRA NOVA I;43;
18744.9919;18656.5771;400;MT0815000;10/08/2007;10/08/2007;;3;Desapropriação;9324;CONFRESA;PA BRIDÃO BRASILEIRO;379;
2417.3192;2540.0000;101;MT0102000;27/11/1995;19/12/1989;;3;Desapropriação;2108;SAO FELIX DO ARAGUAIA;PA OLARIA;45;
1224.8084;1230.5818;40;MT0224000;05/05/1998;15/01/1998;;6;Desapropriação;1793;RONDONOPOLIS;PA COQUEIRO;40;
1480.7511;1633.0000;22;MT0252000;28/12/1998;29/03/1976;;3;Desapropriação;1921;IPIRANGA DO NORTE;PA MOGIANA II;21;
2427.1644;2425.3885;68;MT0840000;15/05/2012;27/12/2007;;3;Compra e Venda;9863;NOVA OLIMPIA;PDS NOVA CONQUISTA;66;
911.5519;911.6195;29;MT0197000;24/10/1997;05/11/1996;;3;Desapropriação;17676;CACERES;PA JATOBÁ;28;
48910.1886;50409.7648;728;MT0053000;13/06/1990;01/01/1988;;3;Desapropriação;18035;NOBRES;PA COQUEIRAL/QUEBÓ;559;
62864.4876;66891.2939;924;MT0297000;02/07/1999;25/09/1998;;4;Desapropriação;2223;NOVA BANDEIRANTES;PA JAPURANÃ;922;
2581.4099;2534.3951;112;MT0720000;10/09/2004;08/11/2002;;3;Desapropriação;4574;POCONE;PA SANTA FILOMENA;111;
1635.2009;1575.5225;38;MT0778000;18/11/2005;18/11/2005;;3;Arrecadação;17937;NOVO MUNDO;PA ARAUNA II;32;
1135.4545;1134.0000;60;MT0458000;03/04/2001;19/08/2002;;3;Desapropriação;4412;JUSCIMEIRA;PA SANTO EXPEDITO;38;
1474.9104;1495.0455;60;MT0225000;18/06/1998;15/01/1998;;5;Desapropriação;1794;GUIRATINGA;PA DOIS IRMÃOS;58;
20423.3316;20488.0000;732;MT0047000;23/03/1988;30/08/1987;;3;Compra e Venda;11285;JAURU;PA MIRASSOLZINHO;687;
1289.0076;1249.7748;40;MT0314000;30/08/1999;17/11/1998;;6;Desapropriação;2395;CACERES;PA SAPICUÁ;39;
5808.2103;5827.6826;72;MT0034000;14/08/1987;14/08/1987;;3;Desapropriação;2102;SAO JOSE DO XINGU;PA AYMORÉ;68;
38280.5480;38337.8261;999;MT0181000;12/12/1997;05/05/1997;;3;Desapropriação;17998;TANGARA DA SERRA;PA ANTONIO CONSELHEIRO;667;
2783.1188;4033.7352;29;MT0107000;14/12/1995;25/01/1994;;4;Arrecadação;16017;CACERES;PA SÃO LUIZ;26;
1369.8073;1396.6757;40;MT0703000;29/03/2004;25/02/2003;;3;Desapropriação;4478;DOM AQUINO;PA SÃO BENTO;40;
6436.6214;6087.0000;145;MT0193000;06/11/1997;26/09/1996;;3;Desapropriação;2077;NOVA BRASILANDIA;PA SANTA ROSA;134;
1895.7243;1886.3684;48;MT0668000;27/09/2003;05/09/2002;;3;Desapropriação;4007;CACERES;PA KATIRA;48;
2124.3504;2326.0482;80;MT0274000;20/01/1999;08/10/1997;;3;Desapropriação;221;CACERES;PA BARRANQUEIRA;78;
8545.6692;8541.2223;85;MT0312000;20/04/1999;17/04/1998;;6;Desapropriação;5674;BRASNORTE;PA PALOMA;100;
4967.2509;4964.7255;56;MT0035000;14/08/1987;14/08/1987;;3;Desapropriação;1912;RIBEIRAO CASCALHEIRA;PA CRUZEIRO DO NORTE;57;
1223.3372;1221.0000;47;MT0149000;02/12/1996;22/11/1996;;6;Compra e Venda;1901;DOM AQUINO;PA PARAISO;43;
999.8804;1061.6000;28;MT0186000;30/05/1997;25/11/1996;;3;Desapropriação;2227;POCONE;PA FURNAS DO BURITI;26;
10911.7943;10786.0369;139;MT0072000;23/02/1995;23/02/1987;;6;Desapropriação;4049;ALTO BOA VISTA;PA BANDEIRANTES;127;
1069.0380;1187.0743;30;MT0719000;02/08/2004;25/01/1994;;4;Arrecadação;5139;CACERES;PA FLOR DA MATA;21;
3189.1933;3124.1534;62;MT0725000;04/02/2005;14/07/2000;;3;Arrecadação;17939;NOVO MUNDO;PA CRISTALINO;44;
14034.5278;14147.5700;523;MT0202000;15/12/1997;01/09/1997;;6;Desapropriação;2017;COLIDER;PA VERANEIO;523;
969.4169;968.0000;45;MT0292000;25/01/1999;01/10/1997;;3;Desapropriação;2389;SANTO ANTONIO DO LEVERGER;PA RIBEIRÃO DA GLÓRIA;40;
9145.7284;9140.3903;153;MT0706000;04/06/2004;14/07/1997;;3;Desapropriação;2437;RIBEIRAO CASCALHEIRA;PA SANTA LUCIA;130;
3782.7897;3780.1758;57;MT0250000;28/12/1998;16/06/1998;;3;Desapropriação;11734;IPIRANGA DO NORTE;PA BOGORNI;56;
8736.6196;7896.0000;181;MT0300000;26/07/1999;26/07/1999;;3;Desapropriação;2014;PARANATINGA;PA COLORADO;178;
6743.1807;5823.1246;210;MT0636000;10/07/2003;06/11/2002;;3;Desapropriação;4065;NORTELANDIA;PA RAIMUNDO ROCHA;198;
8847.5700;8892.9572;115;MT0121000;29/12/1995;29/12/1995;;3;Desapropriação;2173;CONFRESA;PA INDEPENDENTE II;111;
30041.5187;30000.0000;388;MT0200000;26/11/1997;25/11/1996;;3;Desapropriação;223;FELIZ NATAL;PA ENA;378;
1658.7951;1232.1451;24;MT0727000;05/02/2005;05/02/2005;;3;Arrecadação;17938;NOVO MUNDO;PA CRISTALINO - IV;18;
1330.0341;1344.2450;58;MT0734000;28/05/2005;16/06/2003;;3;Desapropriação;5694;SANTO AFONSO;PA PADRE JOSÉ TENCATE;58;
3144.5819;3293.7568;55;MT0249000;14/12/1998;28/05/1998;;3;Desapropriação;14257;CAMPO NOVO DO PARECIS;PA GUAPIRAMA;54;
6045.6675;6009.2400;144;MT0809000;08/05/2007;18/12/2006;;3;Compra e Venda;9848;ROSARIO OESTE;PA MARIA BENVINDA DE AVILA SOARES;90;
1683.4530;1695.2860;51;MT0183000;15/12/1997;09/07/1997;;3;Desapropriação;4199;CACERES;PA NOVA ESPERANÇA;51;
31275.0738;29969.0000;450;MT0192000;13/11/1997;23/10/1996;;4;Desapropriação;16031;MATUPA;PA PADOVANI;402;
2188.2096;2770.3810;105;MT0733000;28/05/2005;28/05/2005;;3;Arrecadação;9850;DENISE;PA NOSSA SENHORA DE FÁTIMA;82;
582.3513;581.9178;13;MT0492000;28/11/2001;27/09/2000;;4;Desapropriação;2272;DIAMANTINO;PA NOSSA SENHORA APARECIDA;13;
1222.4898;1222.5918;37;MT0256000;13/10/1999;16/06/1999;;3;Desapropriação;18092;NOVO HORIZONTE DO NORTE;PA BOSMAGI;37;
2397.7202;2355.7177;48;MT0837000;27/03/2012;11/09/2008;;3;Desapropriação;11015;CARLINDA;PDS SÃO PAULO;47;
312.3621;312.3792;13;MT0629000;18/12/2002;18/12/2002;;3;Arrecadação;13382;CACERES;PA FLEXAS;11;
7296.5280;7056.9263;180;MT0764000;02/10/2006;18/08/2006;;3;Desapropriação;11593;NOVA LACERDA;PA SÃO JUDAS;167;
32051.0893;32040.9256;409;MT0233000;13/07/1998;13/07/1998;;6;Desapropriação;19134;NOVA UBIRATA;PA BOA ESPERANÇA I, II E III;393;
30465.8369;29691.0000;436;MT0819000;17/12/2007;16/02/2007;;3;Desapropriação;9866;RIBEIRAO CASCALHEIRA;PA PRIMOROSA;292;
1537.5921;1577.4499;51;MT0311000;14/04/1999;12/11/1998;;3;Desapropriação;3985;ALTO ARAGUAIA;PA CÓRREGO RICO;47;
14420.4554;14417.1719;359;MT0360000;29/02/2000;19/08/2002;;4;Desapropriação;4247;BRASNORTE;PA JURUENA I;264;
1193.6210;1210.0000;46;MT0163000;03/03/1997;23/09/1996;;3;Desapropriação;230;CACERES;PA LARANJEIRA II;34;
2091.7531;2071.0000;71;MT0251000;20/11/1998;19/12/1997;;3;Desapropriação;1920;NORTELANDIA;PA SAO FRANCISCO II;70;
9166.6107;20162.3996;420;MT0212000;11/05/1998;17/11/1997;;3;Desapropriação;17587;AGUA BOA;PA JARAGUÁ;410;
3843.2796;3847.8967;70;MT0070000;10/01/1995;17/02/1987;;7;Arrecadação;17933;AGUA BOA;PA MARTINS I;54;
4766.3485;4781.2669;111;MT0635000;23/06/2003;31/08/2001;;3;Desapropriação;17983;AGUA BOA;PA SANTA CRUZ;109;
24760.9622;24762.7914;469;MT0242000;16/03/1999;17/08/1998;;3;Desapropriação;17971;ALTO BOA VISTA;PA MÃE MARIA;499;
13596.6790;13586.8181;217;MT0179000;30/05/1997;02/07/1996;;3;Desapropriação;16020;AGUA BOA;PA SANTA MARIA;209;
4368.0608;4551.1200;153;MT0444000;04/09/2000;22/07/1998;;3;Desapropriação;18071;ARAPUTANGA;PA FLORESTAN FERNANDES;153;
4983.7453;5056.2102;123;MT0798000;07/11/2006;07/11/2006;;3;Desapropriação;18045;ALTO PARAGUAI;PA EMA;122;
2573.1629;2581.3965;70;MT0606000;09/09/2002;31/08/2001;;3;Desapropriação;4011;ALTO PARAGUAI;PA SERRA DA ESPERANÇA;46;
1705.9508;1536.1511;35;MT0055000;03/09/1991;05/07/1986;;3;Desapropriação;1725;ARAGUAIANA;PA VOLTA GRANDE;33;
1218.4629;1219.6246;49;MT0195000;05/05/1998;29/04/1997;;6;Desapropriação;2239;ARAPUTANGA;PA SÃO BENEDITO;44;
3497.0191;3586.5614;115;MT0124000;29/12/1995;11/11/1994;;7;Desapropriação;1932;ARAPUTANGA;PA VEREDA;109;
11405.3737;8649.3900;172;MT0315000;02/02/2000;12/05/1999;;3;Desapropriação;2396;CACERES;PA LIMOEIRO;164;
1397.7194;1392.4213;46;MT0616000;20/12/2002;21/12/2001;;4;Desapropriação;16032;BARRA DO GARCAS;PA SANTA EMILIA;46;
2268.8339;2272.4892;88;MT0230000;31/07/1998;03/03/1998;;3;Desapropriação;1720;NOSSA SENHORA DO LIVRAMENTO;PA ESTRELA DO ORIENTE;85;
2634.4385;2634.8811;100;MT0812000;16/11/2009;16/04/2007;;3;Desapropriação;9858;BARRA DO GARCAS;PA SERRA VERDE;100;
19648.6411;19650.2678;236;MT0122000;29/11/1995;24/03/1995;;3;Desapropriação;10861;BOM JESUS DO ARAGUAIA;PA MACIFE II;256;
56385.9283;50062.0250;601;MT0744000;22/10/2007;30/09/2004;;3;Desapropriação;4018;BOM JESUS DO ARAGUAIA;PDS BORDOLÃNDIA;610;
15937.7644;16067.4100;449;MT0166000;24/02/1997;22/08/1996;;6;Desapropriação;2243;CACERES;PA PAIOL;240;
1259.6309;1217.4993;43;MT0078000;15/08/1995;05/07/1989;;7;Desapropriação;2152;NOVA GUARITA;PA NOVO HORIZONTE;42;
4332.8480;4330.0498;61;MT0626000;05/12/2002;27/09/2000;;3;Desapropriação;11066;CANABRAVA DO NORTE;PA TABAJARA;57;
35264.2478;35467.8700;465;MT0023000;01/04/1987;12/07/1984;;6;Desapropriação;8668;CANABRAVA DO NORTE;PA CANA BRAVA;451;
1121.2600;1126.0141;30;MT0020000;29/01/1987;25/10/1985;;3;Desapropriação;17673;PORTO ESPERIDIAO;PA PAPIRO;28;
1198.9854;1225.4376;20;MT0835000;19/03/2012;15/07/2008;;3;Desapropriação;9871;CACERES;PA RECOMPENSA II;20;
1763.0780;2099.8000;71;MT0153000;09/01/1997;09/01/1997;;6;Desapropriação;1958;CAMPO VERDE;PA TERRA FORTE;70;
18280.4050;17443.0000;200;MT0170000;02/12/1996;02/12/1995;;3;Desapropriação;13137;CAMPINAPOLIS;PA NOIDORINHO/VITÓRIA;178;
9933.3365;9934.7227;262;MT0639000;09/09/2003;25/02/2003;;3;Desapropriação;17986;CAMPINAPOLIS;PA SANTA CELIA;261;
8648.4116;8720.1460;140;MT0081000;15/08/1995;06/12/1994;;3;Desapropriação;2225;CANABRAVA DO NORTE;PA MANAH;137;
18709.4930;18711.4463;517;MT0152000;31/10/1996;09/08/1996;;3;Compra e Venda;16027;CAMPINAPOLIS;PA SANTO IDELFONSO;504;
950.9942;959.0767;45;MT0470000;04/06/2001;04/06/2001;;3;Desapropriação;18059;CAMPO VERDE;PA 04 DE OUTUBRO;44;
2373.3538;2262.0000;70;MT0156000;30/12/1996;18/10/1996;;3;Desapropriação;10889;CAMPO VERDE;PA 28 DE OUTUBRO;71;
10447.7318;10454.0033;540;MT0810000;02/04/2007;14/02/2003;;3;Desapropriação;8607;CAMPO VERDE;PA DOM OZORIO STOFELL;408;
902.5317;902.7416;29;MT0302000;10/12/1999;30/06/1999;;3;Desapropriação;14259;CAMPO VERDE;PA PAULO FREIRE;28;
12649.0387;12642.4415;152;MT0180000;24/10/1997;10/06/1996;;6;Desapropriação;11016;CANABRAVA DO NORTE;PA TATUIBY;151;
3012.7556;3010.5706;68;MT0760000;27/12/2006;05/10/2005;;3;Desapropriação;5220;CARLINDA;PA PINHEIRO VELHO;68;
35143.9868;35986.8774;583;MT0243000;28/12/1998;22/07/1998;;3;Desapropriação;1837;CASTANHEIRA;PA VALE DO SERINGAL;566;
6182.8593;6374.1620;140;MT0856000;27/03/2012;03/07/2009;;3;Compra e Venda;11527;CLAUDIA;PDS 12 DE OUTUBRO;136;
22378.3979;22380.6067;500;MT0841000;16/11/2009;24/01/1992;;3;Compra e Venda;10930;CLAUDIA;PDS KENO;482;
865.1810;945.5759;9;MT0089000;14/12/1995;17/01/1983;;6;Arrecadação;19111;DIAMANTINO;PA PIRAPUTANGA;9;
9879.7808;9963.7824;194;MT0021000;29/01/1987;13/08/1984;;7;Desapropriação;16024;COLIDER;PA NOVO MÉXICO;177;
3398.3918;3400.6433;120;MT0304000;20/01/1999;20/08/1998;;3;Desapropriação;2282;COLNIZA;PA COLNIZA - II;90;
26751.8962;26439.1128;500;MT0306000;20/01/1999;20/01/1999;;3;Desapropriação;11652;COLNIZA;PA ESCOL SUL;452;
12374.0698;12375.0517;127;MT0316000;23/06/1999;23/06/1999;;6;Desapropriação;17955;CONFRESA;PA SANTO ANTONIO DO FONTOURA III;126;
5588.2404;6700.0000;55;MT0115000;19/12/1995;21/08/1987;;5;Arrecadação;4043;COMODORO;PA CABIXI;43;
4654.1259;5284.0000;100;MT0106000;02/12/1996;24/03/1995;;6;Desapropriação;18086;COMODORO;PA COLONIA DOS MINEIROS;100;
6146.8725;6162.0000;250;MT0136000;19/03/1996;21/03/1995;;6;Desapropriação;1989;COMODORO;PA MACUCO;230;
19546.1729;18402.0000;330;MT0056000;27/02/1992;23/11/1988;;5;Compra e Venda;2219;COMODORO;PA MIRANDA ESTÂNCIA;302;
11661.4116;16008.0000;280;MT0054000;11/07/1991;23/11/1988;;6;Compra e Venda;1962;COMODORO;PA NOROAGRO;250;
14487.3791;13936.0000;398;MT0110000;14/12/1995;11/11/1994;;5;Desapropriação;11590;CONQUISTA D'OESTE;PA NOVA CONQUISTA;390;
32181.6250;31444.0406;589;MT0052000;20/10/1989;11/10/1989;;5;Desapropriação;17947;CONFRESA;PA CANTA GALO;477;
13724.0879;15149.0936;256;MT0131000;29/12/1995;29/12/1995;;6;Desapropriação;1934;CONFRESA;PA INDEPENDENTE I;290;
1500.6660;1452.0000;37;MT0608000;13/09/2002;06/08/2001;;3;Desapropriação;11041;DENISE;PA GAVIÃO;36;
25060.9476;25062.8775;317;MT0051000;20/10/1989;13/01/1989;;3;Desapropriação;17964;CONFRESA;PA JACARÉ VALENTE;402;
40460.8396;40593.0000;536;MT0239000;28/01/1999;24/08/1998;;5;Desapropriação;17953;CONFRESA;PA SANTO ANTONIO DO FONTOURA I;535;
99670.3104;99988.5027;1502;MT0077000;22/09/1995;18/03/1992;;6;Compra e Venda;13256;COTRIGUACU;PA NOVA COTRIGUAÇU;1179;
2858.5990;2866.5584;126;MT0015000;08/08/1986;05/06/1984;;7;Desapropriação;343;CURVELANDIA;PA TUPÃ;113;
1669.6481;2050.0000;71;MT0105000;19/12/1995;09/08/1988;;3;Arrecadação;11286;JAURU;PA MIRASSOLZINHO II;64;
15719.2793;15368.7106;276;MT0076000;11/08/1995;22/07/1994;;5;Desapropriação;18033;DIAMANTINO;PA BOJUI;276;
2013.9711;2014.1226;40;MT0308000;28/12/1998;17/08/1998;;4;Desapropriação;17921;VILA RICA;PA SÃO GABRIEL;36;
9740.4281;9724.5256;237;MT0481000;13/11/2001;12/11/2001;;3;Desapropriação;10856;DIAMANTINO;PA CAETÉ;235;
5026.2229;5023.5779;138;MT0468000;11/04/2001;21/12/1999;;3;Desapropriação;16021;GENERAL CARNEIRO;PA SANTA CÁSSIA;134;
2968.1914;2876.6250;41;MT0128000;29/12/1995;01/01/1987;;3;Arrecadação;5961;GUARANTA DO NORTE;PA SÃO CRISTÓVÃO;38;
7148.9157;6914.3668;132;MT0126000;29/12/1995;29/12/1995;;7;Arrecadação;2176;GUARANTA DO NORTE;PA SÃO JOSÉ;109;
750.7160;1049.0000;39;MT0471000;04/06/2001;04/06/2001;;6;Desapropriação;4872;GUIRATINGA;PA SALETE STROZAK;31;
14750.0212;14400.0000;250;MT0244000;28/12/1998;14/11/1998;;3;Desapropriação;18090;JURUENA;PA VALE DO AMANHECER;223;
3182.0577;3180.3126;45;MT0210000;23/01/1998;23/01/1998;;3;Desapropriação;2080;IPIRANGA DO NORTE;PA FURNAS III;47;
2646.6650;2333.0000;38;MT0209000;31/12/1997;24/07/1997;;3;Desapropriação;18018;IPIRANGA DO NORTE;PA MOGIANA I;38;
5332.7990;5693.6732;80;MT0235000;31/07/1998;03/03/1998;;6;Desapropriação;9846;ITIQUIRA;PA NOSSA SENHORA DO CARMO;71;
6483.4237;5002.0000;160;MT0104000;27/11/1995;01/12/1995;;5;Desapropriação;2241;JAURU;PA CORGÃO;151;
6719.9410;18120.5104;354;MT0145000;14/08/1996;10/11/1995;;3;Desapropriação;18085;JUINA;PA IRACEMA;343;
1531.9519;1074.0000;51;MT0040000;14/08/1987;12/11/1986;;6;Desapropriação;18036;NOSSA SENHORA DO LIVRAMENTO;PA RIBERÃO DOS COCAIS;51;
23013.9970;22800.3725;243;MT0641000;09/09/2003;09/09/2003;;3;Desapropriação;11029;JUARA;PA VALE DO ARINOS;227;
3830.8735;3925.0000;136;MT0146000;06/11/1996;07/08/1996;;3;Compra e Venda;11594;JUSCIMEIRA;PA GERALDO PEREIRA DE ANDRADE (MARIA IZABEL);135;
3696.5592;3872.0000;100;MT0330000;10/12/1999;05/08/1999;;3;Desapropriação;4015;NOVA UBIRATA;PA CEDRO ROSA;100;
8275.7594;8463.0000;150;MT0073000;19/07/1995;27/12/1983;;3;Arrecadação;17959;CONFRESA;PA XAVANTE FIGURA A;105;
6856.5579;6883.0000;231;MT0339000;04/02/2000;22/10/1999;;6;Desapropriação;18094;JUSCIMEIRA;PA BELEZA;162;
3829.2964;4976.0000;145;MT0253000;10/02/2000;10/02/2000;;3;Desapropriação;4256;JUARA;PA ESCONDIDO;45;
3888.2118;3888.9404;146;MT0165000;09/05/1997;22/08/1996;;6;Desapropriação;18078;MIRASSOL D'OESTE;PA MARGARIDA ALVES;142;
10200.7702;10611.0000;331;MT0278000;02/04/2001;25/09/1998;;3;Desapropriação;2073;MIRASSOL D'OESTE;PA ROSELI NUNES;331;
1215.6067;1182.1502;53;MT0168000;30/12/1996;18/10/1996;;6;Compra e Venda;18073;MIRASSOL D'OESTE;PA SANTA HELENA II;53;
4294.5376;4522.3600;160;MT0857000;23/05/2012;18/12/2008;;3;Desapropriação;9864;MIRASSOL D'OESTE;PA SILVIO RODRIGUES;158;
10613.9630;10606.8355;127;MT0607000;09/09/2002;31/08/2001;;3;Desapropriação;9416;RIBEIRAO CASCALHEIRA;PA GUERREIRO;168;
31988.5831;40027.3530;321;MT0827000;21/11/2007;31/08/2001;;3;Desapropriação;12814;NOVA BANDEIRANTES;PA JAPURANOMANN;284;
7414.9994;7423.4946;107;MT0065000;10/01/1995;01/04/1988;;3;Desapropriação;18098;NOVA BRASILANDIA;PA FICA FACA;79;
2416.0684;2044.4909;50;MT0044000;17/09/1987;26/09/1986;;6;Desapropriação;17999;NOVA CANAA DO NORTE;PA CRUZEIRO DO SUL;48;
1772.2480;1760.7004;24;MT0479000;04/10/2001;23/08/1984;;3;Arrecadação;18029;NOVA MUTUM;PA MARIA DE OLIVEIRA I;24;
828.1941;823.3437;15;MT0942000;08/07/2015;30/12/2010;;3;Arrecadação;14260;NOVA MUTUM;PA RIO VERDE;13;
3024.1452;2550.0000;60;MT0117000;19/12/1995;05/12/1988;;3;Arrecadação;18000;NOVA CANAA DO NORTE;PA MONTE DAS OLIVEIRAS;58;
2486.0189;2482.0222;41;MT0037000;14/08/1987;29/01/1987;;3;Desapropriação;2103;NOVA NAZARE;PA MARAGATOS;40;
5488.4291;4420.0000;105;MT0116000;19/12/1995;05/12/1984;;5;Arrecadação;18002;NOVA CANAA DO NORTE;PA OURO BRANCO;96;
2437.0234;2541.0000;71;MT0223000;29/04/1998;10/12/1997;;3;Desapropriação;11519;NOVA OLIMPIA;PA RIOZINHO;65;
1999.6756;2000.0000;96;MT0947000;18/04/2018;22/03/2017;;3;Desafetação;17946;NOVO MUNDO;PDS NOVA CONQUISTA II;92;
2748.4039;2700.0000;45;MT0134000;29/12/1995;05/12/1984;;5;Arrecadação;18009;NOVA CANAA DO NORTE;PA TAPAYUNA;42;
844.5231;844.5937;32;MT0295000;23/08/2000;02/01/1985;;5;Arrecadação;17967;NOVA CANAA DO NORTE;PA UNIÃO FLOR DA SERRA;32;
1644.7669;2044.4909;34;MT0086000;27/11/1995;16/01/1979;;7;Arrecadação;2060;NOVA GUARITA;PA CRISTO REI;33;
2430.0004;2372.9662;65;MT0796000;03/08/2006;03/08/2006;;3;Desapropriação;13398;NOVA GUARITA;PA RAIMUNDO VIEIRA;64;
1659.6547;1656.8751;34;MT0114000;14/12/1995;02/01/1995;;5;Arrecadação;17995;NOVA GUARITA;PA SERRA NEGRA;29;
2353.2426;2300.0000;52;MT0227000;27/05/1998;19/12/1997;;3;Desapropriação;11702;NOVA OLIMPIA;PA VALE DO SOL;48;
1980.0774;1287.1731;24;MT0366000;01/09/2000;01/09/2000;;3;Arrecadação;4401;NOVA GUARITA;PA VALE DA ESPERANÇA;37;
2852.0454;2723.0000;34;MT0039000;14/08/1987;26/09/1986;;6;Desapropriação;17987;NOVA XAVANTINA;PA ILHA DO COCO;29;
433.3286;436.8000;18;MT0768000;17/11/2005;17/11/2005;;3;Desapropriação;13109;NOVA MARINGA;PA SANTO ANTONIO I;7;
490.2496;470.5134;9;MT0478000;04/10/2001;04/10/2001;;3;Arrecadação;18024;NOVA MUTUM;PA MARIA DE OLIVEIRA;9;
3077.8939;3078.1469;107;MT0258000;13/10/1999;13/08/1998;;3;Desapropriação;18058;NOVO HORIZONTE DO NORTE;PA JULIETA II;105;
2349.5277;2313.9734;29;MT0041000;14/08/1987;25/09/1986;;7;Desapropriação;1973;NOVA XAVANTINA;PA MELLO;29;
3522.3493;3522.7812;75;MT0777000;18/11/2005;18/11/2005;;6;Arrecadação;17978;NOVO MUNDO;PA ARAUNA;62;
3701.6258;3701.9373;74;MT0494000;04/12/2001;04/12/2001;;4;Arrecadação;4059;NOVO MUNDO;PA BARRA NORTE;70;
7052.5950;8549.7500;130;MT0118000;29/12/1995;03/03/1980;;3;Arrecadação;4625;NOVO MUNDO;PA BELA VISTA;101;
9279.8301;14907.7990;260;MT0194000;06/11/1997;07/02/1997;;3;Desapropriação;12891;PARANATINGA;PA BOA VISTA;246;
9287.3050;10726.0197;190;MT0945000;21/09/2017;23/11/1999;;3;Desapropriação;13399;PARANATINGA;PDS RIO JATOBA;155;
3003.3046;5063.1802;273;MT0361000;20/07/2000;06/01/1999;;5;Desapropriação;1795;POCONE;PA AGROANA/GIRAU;183;
979.7575;1022.3192;50;MT0219000;12/02/1998;01/10/1997;;3;Desapropriação;18037;POCONE;PA CAMPO LIMPO;45;
1837.3259;2063.5250;62;MT0728000;03/03/2005;18/07/2003;;3;Desapropriação;2206;PEDRA PRETA;PA 26 DE JANEIRO;60;
1279.1183;1263.3318;42;MT0750000;22/12/2008;23/12/2003;;3;Desapropriação;12574;PEDRA PRETA;PA 28 DE DEZEMBRO;39;
1336.3795;2929.0000;108;MT0364000;29/08/2000;19/08/2002;;3;Desapropriação;197;PEDRA PRETA;PA WILSON MEDEIROS;105;
15780.5573;15430.2812;300;MT0191000;06/11/1997;16/01/1997;;3;Desapropriação;18021;SAO JOSE DO RIO CLARO;PA CAMPINAS;281;
4000.9991;3344.2657;87;MT0814000;09/08/2007;09/08/2007;;3;Desapropriação;5064;PEDRA PRETA;PA MONTE AZUL;88;
3276.6570;3282.2039;100;MT0704000;29/03/2004;26/03/2002;;3;Desapropriação;4036;PEDRA PRETA;PA VALE DO PRATA;96;
3386.4564;3630.0000;78;MT0018000;11/12/1986;18/12/1985;;7;Desapropriação;11732;PONTES E LACERDA;PA 1.500 ALQUEIRES;69;
1563.6835;1578.0000;82;MT0103000;27/11/1995;27/07/1986;;7;Desapropriação;11046;PONTES E LACERDA;PA CÓRREGO DA ONÇA;81;
2098.2988;2099.9290;37;MT0329000;10/02/2000;25/05/1998;;3;Desapropriação;9845;PONTES E LACERDA;PA LAGOA RICA;36;
12839.1761;12506.7865;392;MT0138000;10/05/1996;25/03/1995;;3;Desapropriação;1991;PONTES E LACERDA;PA RIO ALEGRE;362;
1793.2957;1810.0000;70;MT0293000;17/11/1999;17/11/1999;;3;Desapropriação;2390;POXOREO;PA ALMINHAS;64;
995.6055;982.0000;38;MT0321000;10/02/2000;19/08/2002;;3;Desapropriação;18052;POXOREO;PA JOÃO DE BARRO;37;
5317.3949;5250.5353;166;MT0325000;10/12/1999;16/06/1999;;3;Desapropriação;18049;POXOREO;PA CARLOS MARIGHELA-PONTAL DA AREIA;163;
3279.4944;3225.3360;120;MT0753000;17/11/2005;17/11/2005;;3;Desapropriação;10877;POXOREO;PA MÁRTIRES DOS CARAJÁS;102;
13564.8492;12756.0764;183;MT0264000;28/01/1999;10/02/1998;;3;Desapropriação;17910;QUERENCIA;PA SÃO MANOEL;179;
1704.2386;1706.0920;63;MT0263000;28/12/1998;07/10/1998;;3;Desapropriação;18057;POXOREO;PA SANTO ANTONIO DA ALDEIA;62;
28506.7503;28577.6944;317;MT0213000;30/01/1998;07/11/1997;;3;Desapropriação;2066;QUERENCIA;PA BRASIL NOVO;299;
3745.9978;3769.1400;75;MT0793000;02/10/2006;04/10/2005;;3;Desapropriação;11472;QUERENCIA;PA CANÃA I;36;
38807.8468;38811.6814;551;MT0234000;09/07/1998;09/01/1998;;3;Desapropriação;8624;QUERENCIA;PA PINGOS DÁGUA;540;
5922.0649;5990.5956;194;MT0158000;21/01/1997;18/10/1996;;6;Compra e Venda;18064;RONDONOPOLIS;PA CARIMÃ;176;
639.2580;622.8743;30;MT0148000;02/12/1996;11/10/1995;;3;Compra e Venda;18050;RONDONOPOLIS;PA VALE DO BACURI;22;
118234.9709;103411.3811;3580;MT0082000;15/08/1995;17/08/1993;;3;Desapropriação;5698;RIBEIRAO CASCALHEIRA;PA MACIFE;1166;
3147.3071;2691.7051;117;MT0042000;19/08/1987;07/01/1987;;5;Desapropriação;1974;RIO BRANCO;PA MONTECHI;104;
645.5882;607.2781;25;MT0780000;23/11/2005;23/11/2005;;6;Desapropriação;18077;RONDONOPOLIS;PA PAU D´ALHO;22;
7705.5584;7710.4345;305;MT0049000;23/03/1988;26/06/1987;;3;Desapropriação;9421;RONDONOPOLIS;PA RIO VERMELHO;262;
1358.9358;1332.1963;50;MT0155000;10/01/1997;18/10/1996;;6;Desapropriação;18041;RONDONOPOLIS;PA SÃO FRANCISCO;49;
1745.5270;1660.0621;40;MT0268000;27/11/1998;06/11/1997;;3;Desapropriação;2259;ROSARIO OESTE;PA SANTA HELENA III;36;
2183.4569;2288.6000;90;MT0185000;30/05/1997;05/11/1996;;3;Desapropriação;2226;SAO JOSE DO POVO;PA MÁRCIO PEREIRA;87;
17170.1487;17171.2957;368;MT0141000;10/05/1996;24/03/1995;;6;Desapropriação;18038;ROSARIO OESTE;PA FORQUILHA DO RIO MANSO;367;
6269.2701;6269.7882;63;MT0323000;15/10/1999;01/11/1999;;6;Desapropriação;17954;CONFRESA;PA SANTO ANTONIO DO FONTOURA II;92;
1250.5411;1253.9533;46;MT0609000;09/09/2002;18/08/2001;;3;Desapropriação;18070;SALTO DO CEU;PA CECILIA ANTUNES;44;
12043.0012;12043.9899;211;MT0237000;28/12/1998;28/12/1998;;3;Desapropriação;17919;VILA RICA;PA IPE;221;
12736.8911;12727.2335;128;MT0080000;15/08/1995;29/10/1984;;3;Desapropriação;4017;SERRA NOVA DOURADA;PA RONCADOR;141;
16833.1238;19680.3411;490;MT0240000;10/02/2000;10/12/1998;;3;Desapropriação;1733;SANTA CRUZ DO XINGU;PA SANTA CLARA;263;
39396.4482;39359.0158;400;MT0048000;23/03/1988;22/12/1986;;4;Desapropriação;17927;SANTA TEREZINHA;PA PRESIDENTE;309;
4390.3400;4397.0000;60;MT0754000;27/03/2006;27/03/2006;;3;Desapropriação;8670;SANTA RITA DO TRIVELATO;PA PONTE DE BARRO;29;
18112.8186;18096.6386;300;MT0332000;09/10/1999;14/12/1998;;4;Desapropriação;13280;SANTA TEREZINHA;PA REUNIDAS;240;
3311.9741;3306.6465;110;MT0347000;14/02/2000;12/05/1999;;3;Desapropriação;2082;SANTO ANTONIO DO LEVERGER;PA PONTAL DO GLÓRIA;110;
4596.1876;4595.3641;97;MT0269000;25/01/1999;25/01/1999;;3;Desapropriação;9855;SANTO ANTONIO DO LEVERGER;PA SANTANA DO TAQUARAL;97;
4205.5355;4205.7778;140;MT0705000;04/06/2004;23/06/2003;;4;Desapropriação;18034;VARZEA GRANDE;PA NOSSA SENHORA APARECIDA I;140;
345.2228;356.7353;17;MT0781000;23/11/2005;23/11/2005;;3;Desapropriação;5692;PEDRA PRETA;PA VISTA ALEGRE;17;
24090.7282;13114.0000;130;MT0085000;27/09/1995;19/12/1989;;3;Desapropriação;2045;SAO FELIX DO ARAGUAIA;PA CARNAÚBA;101;
30335.4221;30373.4969;650;MT0160000;14/10/1997;24/07/1996;;3;Desapropriação;17972;SAO FELIX DO ARAGUAIA;PA DOM PEDRO;459;
2757.1403;2754.0000;112;MT0322000;10/12/1999;14/07/1999;;3;Desapropriação;18044;SAO JOSE DO POVO;PA JOÃO PESSOA;109;
19866.8797;18904.3939;471;MT0259000;29/07/1999;19/11/1998;;3;Desapropriação;18028;SAO JOSE DO RIO CLARO;PA SANTANA DÁGUA LIMPA;398;
10604.7475;10605.7541;114;MT0083000;06/10/1995;31/12/1984;;4;Arrecadação;17907;SERRA NOVA DOURADA;PA SERRA NOVA II;80;
2766.8272;2767.0948;139;MT0062000;28/01/1994;28/01/1994;;3;Desapropriação;17958;TANGARA DA SERRA;PA TRIANGULO;120;
29834.6319;29844.7880;305;MT0139000;10/05/1996;10/05/1996;;6;Desapropriação;12939;SORRISO;PA PIRATININGA;303;
7465.2739;7459.5930;101;MT0188000;24/10/1997;24/11/1996;;6;Desapropriação;8612;TAPURAH;PA RIO BORGES;101;
38285.0195;38274.6251;502;MT0218000;26/11/1997;18/10/1996;;5;Desapropriação;13271;SINOP;PA WESLEY MANOEL DOS SANTOS;546;
7737.3719;7305.3365;447;MT0495000;17/12/2001;12/11/1999;;3;Desapropriação;18025;SORRISO;PA JONAS PINHEIRO;367;
1980.4984;1980.6709;66;MT0257000;13/10/1999;02/06/1998;;5;Desapropriação;18056;NOVO HORIZONTE DO NORTE;PA CARACOL;66;
8202.1776;7432.9527;81;MT0794000;03/11/2006;03/11/2006;;3;Desapropriação;4004;VILA BELA DA SANTISSIMA TRINDADE;PA SÃO PEDRO/CAMBARA;80;
34203.7471;34047.0000;351;MT0060000;12/08/1993;06/07/1993;;7;Compra e Venda;19115;TAPURAH;PA ELDORADO I;349;
21004.1420;21182.3958;357;MT0025000;21/05/1987;16/01/1979;;7;Arrecadação;458;TERRA NOVA DO NORTE;PA HIJ;357;
4725.5652;5003.5846;151;MT0221000;12/02/1998;09/06/1997;;3;Desapropriação;2425;VARZEA GRANDE;PA SADIA III;146;
14546.1996;13327.0500;241;MT0029000;28/05/1987;27/07/1986;;7;Desapropriação;12557;VILA BELA DA SANTISSIMA TRINDADE;PA FORMOSA;215;
13630.2665;14380.3072;180;MT0491000;28/11/2001;28/11/2001;;6;Desapropriação;4039;VILA BELA DA SANTISSIMA TRINDADE;PA GUAPORÉ;181;
2605.2498;2579.2192;69;MT0816000;15/08/2007;15/08/2007;;3;Compra e Venda;9849;VILA BELA DA SANTISSIMA TRINDADE;PA MIURA;69;
362.0819;363.0000;33;MT0147000;24/09/1996;24/10/1983;;6;Arrecadação;1834;VILA BELA DA SANTISSIMA TRINDADE;PA MORRINHO DO TARUMÃ;34;
6910.3945;5575.0000;133;MT0207000;20/11/1997;23/10/1996;;6;Desapropriação;18082;VILA BELA DA SANTISSIMA TRINDADE;PA RITINHA;133;
527.9645;500.0000;14;MT0176000;17/06/1997;13/02/1979;;4;Arrecadação;18081;VILA BELA DA SANTISSIMA TRINDADE;PA SÃO SEBASTIÃO;14;
2987.4294;2987.8515;43;MT0130000;29/12/1995;24/03/1995;;6;Desapropriação;17918;VILA RICA;PA ALVORADA;45;
2113.5643;2113.7504;45;MT0159000;05/12/1996;24/06/1996;;6;Desapropriação;17930;VILA RICA;PA ARACATY;43;
2264.2270;2286.9000;54;MT0457000;02/04/2001;21/12/1999;;3;Desapropriação;16026;SAO JOSE DO RIO CLARO;PA POUSO ALEGRE;54;
7509.4387;7523.3158;88;MT0030000;28/05/1987;26/06/1986;;3;Desapropriação;8609;ALTO ARAGUAIA;PA GATO PRETO;80;
14075.3272;14076.2053;256;MT0236000;28/12/1998;28/12/1998;;4;Desapropriação;17940;VILA RICA;PA SÃO JOSÉ DA VILA RICA;152;
3113.5611;2846.0000;50;MT0190000;13/11/1997;03/12/1996;;3;Desapropriação;9417;IPIRANGA DO NORTE;PA SANTA IRENE;47;
149870.7706;115050.0000;2530;MT0013000;30/03/1981;30/03/1981;;7;Arrecadação;11545;GUARANTA DO NORTE;PA BRAÇO SUL;1879;
11324.1296;11367.8253;217;MT0799000;15/12/2006;28/12/2005;;3;Desapropriação;9857;SANTA TEREZINHA;PA PORTO VELHO;166;
339.9531;330.9000;8;MT0789000;25/09/2006;25/09/2006;;3;Desapropriação;5679;JUINA;PA BOA ESPERANÇA I;0;
2896.9336;2927.0000;114;MT0275000;04/08/2000;19/08/2002;;3;Desapropriação;5127;MIRASSOL D'OESTE;PA SÃO SATURNINO;113;
10951.5686;11500.0000;326;MT0299000;10/02/2000;10/11/1999;;3;Desapropriação;8625;PONTES E LACERDA;PA TRIUNFO;325;
