ref;nome;highway;bridge;jurisdicao;km_aprox;latitude;longitude;osm_id;fonte;observacao
BR-070;BR-070;trunk;sim;federal;188.0;-15.679166;-56.296407;139293283;OSM;"Proxy DNIT/Sinfra — refs BR/MT no OSM; substituir por SNV oficial quando o portal responder"
MT-040;MT-040;secondary;sim;estadual;169.4;-16.198860;-55.810747;31568045;OSM;"Proxy DNIT/Sinfra — refs BR/MT no OSM; substituir por SNV oficial quando o portal responder"
MT-343;MT-343;primary;sim;estadual;159.38;-14.712425;-57.040196;31551831;OSM;"Proxy DNIT/Sinfra — refs BR/MT no OSM; substituir por SNV oficial quando o portal responder"
"BR-163;BR-364";"BR-163;BR-364";trunk;sim;federal;156.93;-15.592069;-56.231306;28997331;OSM;"Proxy DNIT/Sinfra — refs BR/MT no OSM; substituir por SNV oficial quando o portal responder"
MT-246;MT-246;primary;sim;estadual;150.45;-15.119613;-57.131925;31551758;OSM;"Proxy DNIT/Sinfra — refs BR/MT no OSM; substituir por SNV oficial quando o portal responder"
MT-241;Avenida Marzagão;secondary;sim;estadual;117.7;-14.720376;-56.314520;31553451;OSM;"Proxy DNIT/Sinfra — refs BR/MT no OSM; substituir por SNV oficial quando o portal responder"
"BR-070;BR-163;BR-364";Avenida Ayrton Senna da Silva;motorway;sim;federal;99.56;-15.663976;-55.965601;28997066;OSM;"Proxy DNIT/Sinfra — refs BR/MT no OSM; substituir por SNV oficial quando o portal responder"
MT-010;Rodovia Deputado Ary Leite de Campos;primary;sim;estadual;88.46;-14.824217;-56.427215;31553533;OSM;"Proxy DNIT/Sinfra — refs BR/MT no OSM; substituir por SNV oficial quando o portal responder"
MT-060;Rodovia Governador José Monteiro de Figueiredo;primary;sim;estadual;86.06;-15.769696;-56.347999;31554718;OSM;"Proxy DNIT/Sinfra — refs BR/MT no OSM; substituir por SNV oficial quando o portal responder"
MT-351;Avenida Alzira Santana;secondary;sim;estadual;85.66;-15.656021;-56.137583;32957073;OSM;"Proxy DNIT/Sinfra — refs BR/MT no OSM; substituir por SNV oficial quando o portal responder"
"BR-163;BR-364;MT-010";"BR-163;BR-364;MT-010";trunk;sim;federal_estadual;77.36;-14.723833;-56.318425;43999343;OSM;"Proxy DNIT/Sinfra — refs BR/MT no OSM; substituir por SNV oficial quando o portal responder"
MT-361;Rodovia Ugo Padilha;secondary;nao;estadual;65.51;-15.963207;-55.676303;31553038;OSM;"Proxy DNIT/Sinfra — refs BR/MT no OSM; substituir por SNV oficial quando o portal responder"
MT-247;Avenida Pedro de Campos Borges;secondary;sim;estadual;63.4;-15.071202;-57.187168;31553650;OSM;"Proxy DNIT/Sinfra — refs BR/MT no OSM; substituir por SNV oficial quando o portal responder"
MT-020;Rodovia Emanuel Pinheiro;primary;sim;estadual;55.69;-15.490818;-56.061667;33853304;OSM;"Proxy DNIT/Sinfra — refs BR/MT no OSM; substituir por SNV oficial quando o portal responder"
MT-408;Caminhões Carregados UISA;secondary;sim;estadual;53.9;-14.805100;-57.259240;97843244;OSM;"Proxy DNIT/Sinfra — refs BR/MT no OSM; substituir por SNV oficial quando o portal responder"
MT-451;MT-451;primary;sim;estadual;50.04;-16.044390;-56.871240;28996480;OSM;"Proxy DNIT/Sinfra — refs BR/MT no OSM; substituir por SNV oficial quando o portal responder"
"BR-070;MT-407";Rodovia dos Imigrantes;trunk;sim;federal_estadual;44.8;-15.649318;-56.000640;28997067;OSM;"Proxy DNIT/Sinfra — refs BR/MT no OSM; substituir por SNV oficial quando o portal responder"
MT-358;MT-358;primary;sim;estadual;43.78;-14.848674;-57.219890;31551770;OSM;"Proxy DNIT/Sinfra — refs BR/MT no OSM; substituir por SNV oficial quando o portal responder"
MT-240;MT-240;secondary;nao;estadual;37.72;-14.578008;-57.109903;31553115;OSM;"Proxy DNIT/Sinfra — refs BR/MT no OSM; substituir por SNV oficial quando o portal responder"
MT-494;MT-494;secondary;sim;estadual;36.46;-14.761450;-55.824737;62353454;OSM;"Proxy DNIT/Sinfra — refs BR/MT no OSM; substituir por SNV oficial quando o portal responder"
MT-344;MT-344;primary;nao;estadual;22.44;-14.935679;-57.177331;31551756;OSM;"Proxy DNIT/Sinfra — refs BR/MT no OSM; substituir por SNV oficial quando o portal responder"
MT-402;Rodovia dos Coxiponés “Leonel de Freitas Lucialdo”;secondary;sim;estadual;20.12;-15.469969;-56.006536;34025155;OSM;"Proxy DNIT/Sinfra — refs BR/MT no OSM; substituir por SNV oficial quando o portal responder"
"BR-163;BR-364;MT-351";Avenida Miguel Sutil;primary;sim;federal_estadual;19.95;-15.620772;-56.119695;32233749;OSM;"Proxy DNIT/Sinfra — refs BR/MT no OSM; substituir por SNV oficial quando o portal responder"
MT-444;Ponte Engenheiro Orlando Monteiro da Silva;trunk;sim;estadual;19.15;-15.607957;-56.136727;32207472;OSM;"Proxy DNIT/Sinfra — refs BR/MT no OSM; substituir por SNV oficial quando o portal responder"
"MT-251;MT-020";Rodovia Emanuel Pinheiro;primary;sim;estadual;18.87;-15.533162;-56.075120;32520769;OSM;"Proxy DNIT/Sinfra — refs BR/MT no OSM; substituir por SNV oficial quando o portal responder"
MT-030;Avenida Governador Dante Martins de Oliveira;primary;sim;estadual;18.1;-15.595366;-56.077592;32519902;OSM;"Proxy DNIT/Sinfra — refs BR/MT no OSM; substituir por SNV oficial quando o portal responder"
BR-163;Cotorno Norte de Cuiabá;secondary;sim;federal;15.59;-15.549449;-56.143261;171812828;OSM;"Proxy DNIT/Sinfra — refs BR/MT no OSM; substituir por SNV oficial quando o portal responder"
"BR-070;BR-163;BR-364;MT-551";"BR-070;BR-163;BR-364;MT-551";motorway;nao;federal_estadual;15.01;-15.704701;-55.712070;431043168;OSM;"Proxy DNIT/Sinfra — refs BR/MT no OSM; substituir por SNV oficial quando o portal responder"
"MT-010;MT-402";Rodovia Arquiteto Helder Cândia;primary;sim;estadual;12.41;-15.560238;-56.091857;32474477;OSM;"Proxy DNIT/Sinfra — refs BR/MT no OSM; substituir por SNV oficial quando o portal responder"
MT-045;MT-045;secondary;sim;estadual;11.96;-15.634954;-56.086322;28997830;OSM;"Proxy DNIT/Sinfra — refs BR/MT no OSM; substituir por SNV oficial quando o portal responder"
"BR-251;MT-251";Rodovia Antônio Clarismundo Scheffer;primary;nao;federal_estadual;11.78;-15.480292;-55.721082;137977496;OSM;"Proxy DNIT/Sinfra — refs BR/MT no OSM; substituir por SNV oficial quando o portal responder"
"BR-070;MT-060";"BR-070;MT-060";trunk;nao;federal_estadual;11.45;-15.671779;-56.247050;28997314;OSM;"Proxy DNIT/Sinfra — refs BR/MT no OSM; substituir por SNV oficial quando o portal responder"
"BR-163;BR-364;MT-060";Avenida Governador Júlio José de Campos;primary;nao;federal_estadual;11.16;-15.641277;-56.165847;32500272;OSM;"Proxy DNIT/Sinfra — refs BR/MT no OSM; substituir por SNV oficial quando o portal responder"
"MT-351;MT-246";"MT-351;MT-246";secondary;nao;estadual;9.85;-15.062030;-55.975257;1236283583;OSM;"Proxy DNIT/Sinfra — refs BR/MT no OSM; substituir por SNV oficial quando o portal responder"
MT-251;MT-251;primary;nao;estadual;9.02;-15.468438;-55.752229;53220864;OSM;"Proxy DNIT/Sinfra — refs BR/MT no OSM; substituir por SNV oficial quando o portal responder"
MT-400;Avenida Antártica;secondary;sim;estadual;8.46;-15.583175;-56.118189;32474714;OSM;"Proxy DNIT/Sinfra — refs BR/MT no OSM; substituir por SNV oficial quando o portal responder"
"MT-010;MT-246";"MT-010;MT-246";primary;nao;estadual;7.06;-15.142672;-56.335742;661241271;OSM;"Proxy DNIT/Sinfra — refs BR/MT no OSM; substituir por SNV oficial quando o portal responder"
"MT-246;MT-343";Avenida Marechal Cândido Rondon;primary;sim;estadual;6.59;-15.075286;-57.183037;31551729;OSM;"Proxy DNIT/Sinfra — refs BR/MT no OSM; substituir por SNV oficial quando o portal responder"
"MT-010;MT-020;MT-251;MT-351;BR-251";Avenida República do Líbano;primary;sim;federal_estadual;4.86;-15.581618;-56.089478;32315486;OSM;"Proxy DNIT/Sinfra — refs BR/MT no OSM; substituir por SNV oficial quando o portal responder"
"MT-358;MT-408";MT-358;primary;sim;estadual;3.8;-14.800606;-57.263699;97843235;OSM;"Proxy DNIT/Sinfra — refs BR/MT no OSM; substituir por SNV oficial quando o portal responder"
MT-050;Estrada da Praia Grande;secondary;sim;estadual;2.69;-15.706303;-56.132660;32311578;OSM;"Proxy DNIT/Sinfra — refs BR/MT no OSM; substituir por SNV oficial quando o portal responder"
"MT-241;MT-351";"MT-241;MT-351";secondary;sim;estadual;1.57;-14.576473;-55.917753;295538557;OSM;"Proxy DNIT/Sinfra — refs BR/MT no OSM; substituir por SNV oficial quando o portal responder"
"MT-050;MT-060";Avenida Couto Magalhães;secondary;nao;estadual;1.05;-15.642688;-56.123826;28997513;OSM;"Proxy DNIT/Sinfra — refs BR/MT no OSM; substituir por SNV oficial quando o portal responder"
"MT-361;MT-040";"MT-361;MT-040";secondary;nao;estadual;0.71;-16.093922;-55.804631;494567677;OSM;"Proxy DNIT/Sinfra — refs BR/MT no OSM; substituir por SNV oficial quando o portal responder"
"BR-163;BR-364;MT-045";Avenida Dom Orlando Chaves;primary;nao;federal_estadual;0.3;-15.628197;-56.111711;207242153;OSM;"Proxy DNIT/Sinfra — refs BR/MT no OSM; substituir por SNV oficial quando o portal responder"
MT-160;MT-160;tertiary;sim;estadual;0.27;-14.815478;-56.838738;386560619;OSM;"Proxy DNIT/Sinfra — refs BR/MT no OSM; substituir por SNV oficial quando o portal responder"
MT-244;MT-244;tertiary;sim;estadual;0.26;-14.675873;-55.699303;295538554;OSM;"Proxy DNIT/Sinfra — refs BR/MT no OSM; substituir por SNV oficial quando o portal responder"
MT-524;MT-524;tertiary;sim;estadual;0.26;-16.329805;-55.828977;286683038;OSM;"Proxy DNIT/Sinfra — refs BR/MT no OSM; substituir por SNV oficial quando o portal responder"
"MT-351;MT-494";"MT-351;MT-494";secondary;nao;estadual;0.25;-14.856155;-55.798745;545571819;OSM;"Proxy DNIT/Sinfra — refs BR/MT no OSM; substituir por SNV oficial quando o portal responder"
"MT-407;MT-040";"MT-407;MT-040";trunk;nao;estadual;0.22;-15.700009;-56.042404;457411696;OSM;"Proxy DNIT/Sinfra — refs BR/MT no OSM; substituir por SNV oficial quando o portal responder"
"MT-351;MT-241";"MT-351;MT-241";secondary;nao;estadual;0.21;-14.577146;-55.913421;295538618;OSM;"Proxy DNIT/Sinfra — refs BR/MT no OSM; substituir por SNV oficial quando o portal responder"
"BR-163;BR-364;MT-351;MT-045";Avenida Dom Orlando Chaves;primary;nao;federal_estadual;0.18;-15.628724;-56.112043;312059299;OSM;"Proxy DNIT/Sinfra — refs BR/MT no OSM; substituir por SNV oficial quando o portal responder"
MT-447;MT-447;tertiary;sim;estadual;0.17;-14.957249;-57.221371;582624171;OSM;"Proxy DNIT/Sinfra — refs BR/MT no OSM; substituir por SNV oficial quando o portal responder"
MT-370;Rodovia Francisca Figueiredo Arruda Martins;tertiary;sim;estadual;0.16;-16.477672;-56.397202;286831408;OSM;"Proxy DNIT/Sinfra — refs BR/MT no OSM; substituir por SNV oficial quando o portal responder"
MT-60;MT-60;secondary;nao;estadual;0.11;-16.250823;-56.630620;136213152;OSM;"Proxy DNIT/Sinfra — refs BR/MT no OSM; substituir por SNV oficial quando o portal responder"
"MT-343;MT-408";MT-358;primary;nao;estadual;0.1;-14.779986;-57.286954;239323534;OSM;"Proxy DNIT/Sinfra — refs BR/MT no OSM; substituir por SNV oficial quando o portal responder"
"BR-251;MT-020;MT-351";"BR-251;MT-020;MT-351";primary;nao;federal_estadual;0.08;-15.429719;-56.020215;241946631;OSM;"Proxy DNIT/Sinfra — refs BR/MT no OSM; substituir por SNV oficial quando o portal responder"
MT-270;MT-270;unclassified;sim;estadual;0.06;-16.303076;-55.718727;499161100;OSM;"Proxy DNIT/Sinfra — refs BR/MT no OSM; substituir por SNV oficial quando o portal responder"
MT-401;MT-401;tertiary;sim;estadual;0.04;-15.320350;-56.176960;882686085;OSM;"Proxy DNIT/Sinfra — refs BR/MT no OSM; substituir por SNV oficial quando o portal responder"
"BR-163;BR-364;MT-050;MT-060";Trevo do Zero Quilômetro;primary;nao;federal_estadual;0.03;-15.638063;-56.120781;312059311;OSM;"Proxy DNIT/Sinfra — refs BR/MT no OSM; substituir por SNV oficial quando o portal responder"
BR-364;Trevo do Lagarto;trunk;nao;federal;0.03;-15.649571;-56.196038;663507877;OSM;"Proxy DNIT/Sinfra — refs BR/MT no OSM; substituir por SNV oficial quando o portal responder"
MT-140;MT-140;tertiary;sim;estadual;0.02;-17.084853;-55.765245;1029162690;OSM;"Proxy DNIT/Sinfra — refs BR/MT no OSM; substituir por SNV oficial quando o portal responder"
MT-409;MT-409;tertiary;sim;estadual;0.02;-14.670872;-56.675926;481460708;OSM;"Proxy DNIT/Sinfra — refs BR/MT no OSM; substituir por SNV oficial quando o portal responder"
MT-452;MT-452;tertiary;sim;estadual;0.02;-15.924903;-56.196901;859522525;OSM;"Proxy DNIT/Sinfra — refs BR/MT no OSM; substituir por SNV oficial quando o portal responder"
MT-551;MT-551;tertiary;sim;estadual;0.02;-15.606958;-55.914191;880884902;OSM;"Proxy DNIT/Sinfra — refs BR/MT no OSM; substituir por SNV oficial quando o portal responder"
"BR-070;BR-163;BR-364;MT-351";"BR-070;BR-163;BR-364;MT-351";primary;nao;federal_estadual;0.0;-15.620128;-56.120091;206290738;OSM;"Proxy DNIT/Sinfra — refs BR/MT no OSM; substituir por SNV oficial quando o portal responder"
