id_snisb;nome;municipio;n_ok;n_atencao;n_nao;n_lacuna;n_lacunas_criticas;pae_01;pae_04_zas
31990;1A;Alta Floresta;0;0;2;6;8;lacuna;lacuna
31977;2B;Alta Floresta;0;0;2;6;8;lacuna;lacuna
20196;Afluente do Pitomba;Várzea Grande;0;0;2;6;8;lacuna;lacuna
36475;Agropecuária Madeirinha ? Barramento;Colniza;0;0;2;6;8;lacuna;lacuna
8106;Assentamento Tio Elias;Itiquira;0;0;2;6;8;lacuna;lacuna
26334;Associação dos Trabalhadores Rurais do Projeto de Assentamento Mãe Maria Núcleo Imbu e Vizinhos - ITOG;São Félix do Araguaia;0;0;2;6;8;lacuna;lacuna
29889;B2;Araguaiana;0;0;2;6;8;lacuna;lacuna
29894;B3;Araguaiana;0;0;2;6;8;lacuna;lacuna
35637;BA-01;Nossa Senhora do Livramento;0;0;2;6;8;lacuna;lacuna
32071;BARRAGEM 03;Ribeirão Cascalheira;0;0;2;6;8;lacuna;lacuna
28918;BARRAGEM 03;Santa Cruz do Xingu;0;0;2;6;8;lacuna;lacuna
34732;BARRAGEM 1;Cuiabá;0;0;2;6;8;lacuna;lacuna
28863;BARRAGEM 13;Santa Cruz do Xingu;0;0;2;6;8;lacuna;lacuna
34733;BARRAGEM 2 SUPERIOR;Cuiabá;0;0;2;6;8;lacuna;lacuna
34734;BARRAGEM 3;Cuiabá;0;0;2;6;8;lacuna;lacuna
36541;BARRAGEM ANGICO;Vila Rica;0;0;2;6;8;lacuna;lacuna
35232;BARRAGEM CRUZEIRO DO SUL 2;Tabaporã;0;0;2;6;8;lacuna;lacuna
35857;BARRAGEM FORTALEZA;Nova Lacerda;0;0;2;6;8;lacuna;lacuna
36570;BARRAGEM I;Ribeirão Cascalheira;0;0;2;6;8;lacuna;lacuna
36494;BARRAGEM IBF;Primavera do Leste;0;0;2;6;8;lacuna;lacuna
35109;BARRAGEM II;Querência;0;0;2;6;8;lacuna;lacuna
36515;BARRAGEM LAGOA TREVISAN;Cuiabá;0;0;2;6;8;lacuna;lacuna
32118;BARRAGEM NA FAZENDA WENTZ;Querência;0;0;2;6;8;lacuna;lacuna
32029;BARRAGEM NA FAZENDA ÁGUA SANTA II;Lucas do Rio Verde;0;0;2;6;8;lacuna;lacuna
31468;BARRAGEM PRINCIPAL;Sorriso;0;0;2;6;8;lacuna;lacuna
35253;BARRAGEM PRINCIPAL 1A;Canarana;0;0;2;6;8;lacuna;lacuna
35119;BARRAGEM ROSA CRISTINA I;Várzea Grande;0;0;2;6;8;lacuna;lacuna
35629;BARRAGEM SM3;Itiquira;0;0;2;6;8;lacuna;lacuna
35170;BARRAGEM SÃO JOSÉ I;Querência;0;0;2;6;8;lacuna;lacuna
35650;BARRAGEM SÃO JOSÉ II;Querência;0;0;2;6;8;lacuna;lacuna
36068;BARRAGEM TRIUNFO IV;Nova Lacerda;0;0;2;6;8;lacuna;lacuna
35164;BARRAGEM TROJAN;Primavera do Leste;0;0;2;6;8;lacuna;lacuna
31563;BARRAGEM URUTAU;Barra do Garças;0;0;2;6;8;lacuna;lacuna
35114;BARRAGEM XI - DO PERERECA;Querência;0;0;2;6;8;lacuna;lacuna
35155;BARRAMENTO I;Guarantã do Norte;0;0;2;6;8;lacuna;lacuna
35177;BARRAMENTO PRINCIPAL FAZ. REUNIDAS SÃO ROBERTO;Vera;0;0;2;6;8;lacuna;lacuna
21862;BONANZA;Alta Floresta;0;0;2;6;8;lacuna;lacuna
5891;Balneário Boa Esperança;Sorriso;0;0;2;6;8;lacuna;lacuna
35193;Barragem - Fazenda Jaçanã;Vera;0;0;2;6;8;lacuna;lacuna
35000;Barragem 01 - Fazenda 3 Irmãos;Cuiabá;0;0;2;6;8;lacuna;lacuna
33352;Barragem 01 – Fazenda Esplanada;São Félix do Araguaia;0;0;2;6;8;lacuna;lacuna
31371;Barragem 01 – Fazenda Ubatuba;São José do Xingu;0;0;2;6;8;lacuna;lacuna
32398;Barragem 02 – Fazenda 3 Irmãos;Cuiabá;0;0;2;6;8;lacuna;lacuna
33384;Barragem 02 – Fazenda Esplanada;São Félix do Araguaia;0;0;2;6;8;lacuna;lacuna
32421;Barragem 03 – Fazenda 3 Irmãos;Cuiabá;0;0;2;6;8;lacuna;lacuna
31551;Barragem 07 - Fazenda Zeniiti III;Alta Floresta;0;0;2;6;8;lacuna;lacuna
28709;Barragem 1;Ipiranga do Norte;0;0;2;6;8;lacuna;lacuna
34718;Barragem 1 - Fazenda Dois Filhos;Nortelândia;0;0;2;6;8;lacuna;lacuna
32386;Barragem 1 - Fazenda Mirandopolis;Juscimeira;0;0;2;6;8;lacuna;lacuna
31622;Barragem 1 Fazenda Pesa III;São José do Xingu;0;0;2;6;8;lacuna;lacuna
36103;Barragem 1 Fazenda Primavera;Vila Rica;0;0;2;6;8;lacuna;lacuna
34567;Barragem 1 Fazenda Santa Maria;Barra do Bugres;0;0;2;6;8;lacuna;lacuna
20118;Barragem 1 na Fazenda São João;Ribeirão Cascalheira;0;0;2;6;8;lacuna;lacuna
26671;Barragem 2;Nossa Senhora do Livramento;0;0;2;6;8;lacuna;lacuna
28361;Barragem 2;Santa Cruz do Xingu;0;0;2;6;8;lacuna;lacuna
20139;Barragem 2;Sorriso;0;0;2;6;8;lacuna;lacuna
31722;Barragem 2  Fazenda Sossego;Nossa Senhora do Livramento;0;0;2;6;8;lacuna;lacuna
34731;Barragem 2  Principal;Cuiabá;0;0;2;6;8;lacuna;lacuna
34535;Barragem 4;Santa Cruz do Xingu;0;0;2;6;8;lacuna;lacuna
28304;Barragem 4;Várzea Grande;0;0;2;6;8;lacuna;lacuna
34536;Barragem 5;Santa Cruz do Xingu;0;0;2;6;8;lacuna;lacuna
34537;Barragem 6;Santa Cruz do Xingu;0;0;2;6;8;lacuna;lacuna
34534;Barragem 7;Santa Cruz do Xingu;0;0;2;6;8;lacuna;lacuna
338;Barragem A2;Nova Ubiratã;0;0;2;6;8;lacuna;lacuna
37413;Barragem Adelcir Grigoletto;Cláudia;0;0;2;6;8;lacuna;lacuna
35283;Barragem Agrocentro;Barra do Garças;0;0;2;6;8;lacuna;lacuna
22627;Barragem Aldeia Isibaiadzatsi;Bom Jesus do Araguaia;0;0;2;6;8;lacuna;lacuna
35161;Barragem B1 - Fazenda Sol Nascente;Pontal do Araguaia;0;0;2;6;8;lacuna;lacuna
36477;Barragem B2;Araguaiana;0;0;2;6;8;lacuna;lacuna
36473;Barragem B3;Araguaiana;0;0;2;6;8;lacuna;lacuna
27753;Barragem B9;Santa Cruz do Xingu;0;0;2;6;8;lacuna;lacuna
31517;Barragem Bem-te-vi;Lucas do Rio Verde;0;0;2;6;8;lacuna;lacuna
35489;Barragem Bom Jesus do Kuluene;Gaúcha do Norte;0;0;2;6;8;lacuna;lacuna
34730;Barragem Bravin;Primavera do Leste;0;0;2;6;8;lacuna;lacuna
8035;Barragem Caititu;Sorriso;0;0;2;6;8;lacuna;lacuna
6156;Barragem Carnaíba;Mirassol d'Oeste;0;0;2;6;8;lacuna;lacuna
28719;Barragem Carnaíba;Mirassol d'Oeste;0;0;2;6;8;lacuna;lacuna
35021;Barragem Charrua;Campo Verde;0;0;2;6;8;lacuna;lacuna
36573;Barragem Comodoro;Comodoro;0;0;2;6;8;lacuna;lacuna
33359;Barragem Goiana II;Querência;0;0;2;6;8;lacuna;lacuna
36532;Barragem Gran Fish - Jusante;Nova Marilândia;0;0;2;6;8;lacuna;lacuna
36533;Barragem Gran Fish – Montante;Nova Marilândia;0;0;2;6;8;lacuna;lacuna
36066;Barragem I;Confresa;0;0;2;6;8;lacuna;lacuna
31635;Barragem I - Fazenda Batista;Brasnorte;0;0;2;6;8;lacuna;lacuna
35339;Barragem I - Fazenda Jerusalém VIII;Água Boa;0;0;2;6;8;lacuna;lacuna
34767;Barragem I - Fazenda Lagoa Vermelha;Canarana;0;0;2;6;8;lacuna;lacuna
34712;Barragem I - Fazenda Lucion;Vera;0;0;2;6;8;lacuna;lacuna
37352;Barragem I - Fazenda Mariana II;Alta Floresta;0;0;2;6;8;lacuna;lacuna
5873;Barragem I - Fazenda Militância I;Vera;0;0;2;6;8;lacuna;lacuna
30908;Barragem I - Fazenda Nandico;Vera;0;0;2;6;8;lacuna;lacuna
36689;Barragem I - Fazenda Pouso da Garça;Cuiabá;0;0;2;6;8;lacuna;lacuna
19988;Barragem I - Fazenda Santa Ernestina I;Sorriso;0;0;2;6;8;lacuna;lacuna
34774;Barragem I - Fazenda Santa Maria do Jurigue;Pedra Preta;0;0;2;6;8;lacuna;lacuna
34599;Barragem I - Fazenda Tapena – Gleba Santa Maria-M-4863;Tabaporã;0;0;2;6;8;lacuna;lacuna
32441;Barragem I - Fazenda Vedana;Vera;0;0;2;6;8;lacuna;lacuna
36649;Barragem I - Fazenda Água Cristalina;Alto Boa Vista;0;0;2;6;8;lacuna;lacuna
36555;Barragem I ? Fazenda Machado I;Denise;0;0;2;6;8;lacuna;lacuna
31648;Barragem I Fazenda Santana;Sorriso;0;0;2;6;8;lacuna;lacuna
33949;Barragem I Fazenda Talismã;Rondonópolis;0;0;2;6;8;lacuna;lacuna
34857;Barragem I Jangada Agropastoril;Jangada;0;0;2;6;8;lacuna;lacuna
31362;Barragem II;Querência;0;0;2;6;8;lacuna;lacuna
37353;Barragem II - Fazenda Mariana II;Alta Floresta;0;0;2;6;8;lacuna;lacuna
36690;Barragem II - Fazenda Pouso da Garça;Cuiabá;0;0;2;6;8;lacuna;lacuna
36534;Barragem II - Fazenda Santa Maria do Jurigue;Pedra Preta;0;0;2;6;8;lacuna;lacuna
35483;Barragem II - Tanque II;Serra Nova Dourada;0;0;2;6;8;lacuna;lacuna
31363;Barragem III;Querência;0;0;2;6;8;lacuna;lacuna
35484;Barragem III;Serra Nova Dourada;0;0;2;6;8;lacuna;lacuna
36691;Barragem III - Fazenda Pouso da Garça;Cuiabá;0;0;2;6;8;lacuna;lacuna
35126;Barragem III ? Fazenda Nossa Senhora Aparecida;Araguaiana;0;0;2;6;8;lacuna;lacuna
19995;Barragem IMA;Sorriso;0;0;2;6;8;lacuna;lacuna
35485;Barragem IV;São Félix do Araguaia;0;0;2;6;8;lacuna;lacuna
36278;Barragem Jusante Fazenda Santa Filipina;Santa Cruz do Xingu;0;0;2;6;8;lacuna;lacuna
36559;Barragem Lago Bétis;Querência;0;0;2;6;8;lacuna;lacuna
35568;Barragem Lagoa Dourada;Querência;0;0;2;6;8;lacuna;lacuna
36503;Barragem Montante Fazenda Passo Fundo;Canarana;0;0;2;6;8;lacuna;lacuna
34750;Barragem Mutuca;Nossa Senhora do Livramento;0;0;2;6;8;lacuna;lacuna
32740;Barragem Nogueira I e II;Santo Antônio do Leste;0;0;2;6;8;lacuna;lacuna
35273;Barragem Nossa Senhora Aparecida;Barra do Garças;0;0;2;6;8;lacuna;lacuna
34482;Barragem Paranoá;Mirassol d'Oeste;0;0;2;6;8;lacuna;lacuna
36679;Barragem Perin II;Tangará da Serra;0;0;2;6;8;lacuna;lacuna
36680;Barragem Perin II (a montante);Tangará da Serra;0;0;2;6;8;lacuna;lacuna
20151;Barragem Planalto;Primavera do Leste;0;0;2;6;8;lacuna;lacuna
36543;Barragem Prefeitura Ponte Branca;Ponte Branca;0;0;2;6;8;lacuna;lacuna
35077;Barragem Primavera;Tangará da Serra;0;0;2;6;8;lacuna;lacuna
35409;Barragem Principal;Santa Cruz do Xingu;0;0;2;6;8;lacuna;lacuna
30909;Barragem Principal;Água Boa;0;0;3;5;8;nao;lacuna
35227;Barragem Principal - Fazenda Juliana;Sorriso;0;0;2;6;8;lacuna;lacuna
26401;Barragem Principal na Fazenda Campo Claro;Ribeirão Cascalheira;0;0;2;6;8;lacuna;lacuna
27404;Barragem Ramax;Novo Horizonte do Norte;0;0;2;6;8;lacuna;lacuna
34694;Barragem Rios Psicultura;Tangará da Serra;0;0;2;6;8;lacuna;lacuna
34700;Barragem Rios Psicultura - a montante;Tangará da Serra;0;0;2;6;8;lacuna;lacuna
35176;Barragem Rotacionado 15 ? Fazenda Gravataí;Itiquira;0;0;2;6;8;lacuna;lacuna
35256;Barragem São Miguel;Sorriso;0;0;2;6;8;lacuna;lacuna
31578;Barragem Taguá;Cuiabá;0;0;2;6;8;lacuna;lacuna
35103;Barragem Tamboril I;Pontes e Lacerda;0;0;2;6;8;lacuna;lacuna
35104;Barragem Tamboril II;Pontes e Lacerda;0;0;2;6;8;lacuna;lacuna
33351;Barragem Taquaral I;Nossa Senhora do Livramento;0;0;2;6;8;lacuna;lacuna
37412;Barragem Terra Nova;Barra do Garças;0;0;2;6;8;lacuna;lacuna
35084;Barragem Terra Nova;Gaúcha do Norte;0;0;2;6;8;lacuna;lacuna
35127;Barragem V -  Fazenda Nossa Senhora Aparecida;Araguaiana;0;0;2;6;8;lacuna;lacuna
35488;Barragem VI;Serra Nova Dourada;0;0;2;6;8;lacuna;lacuna
35108;Barragem VI (montante);Nossa Senhora do Livramento;0;0;2;6;8;lacuna;lacuna
35107;Barragem VII (montante);Nossa Senhora do Livramento;0;0;2;6;8;lacuna;lacuna
35106;Barragem VIII (principal);Nossa Senhora do Livramento;0;0;2;6;8;lacuna;lacuna
35152;Barragem Vitória I ? Principal;Barra do Garças;0;0;2;6;8;lacuna;lacuna
36615;Barragem XIV ? Fazenda Buriti;Araguaiana;0;0;2;6;8;lacuna;lacuna
35115;Barragem XIX;Nossa Senhora do Livramento;0;0;2;6;8;lacuna;lacuna
35102;Barragem XVII;Nossa Senhora do Livramento;0;0;2;6;8;lacuna;lacuna
35116;Barragem XVIII;Nossa Senhora do Livramento;0;0;2;6;8;lacuna;lacuna
36100;Barragem a montante;Cláudia;0;0;2;6;8;lacuna;lacuna
30591;Barragem na Fazenda Gera;Campo Novo do Parecis;0;0;2;6;8;lacuna;lacuna
35059;Barragem na Fazenda Havaí;São José do Xingu;0;0;2;6;8;lacuna;lacuna
32159;Barragem na Fazenda Iguaçu;Santo Antônio do Leste;0;0;2;6;8;lacuna;lacuna
30922;Barragem na Fazenda Izabel;Rondonópolis;0;0;2;6;8;lacuna;lacuna
31661;Barragem na Fazenda Nova Esperança II;Canarana;0;0;2;6;8;lacuna;lacuna
30884;Barragem na Fazenda Paulista III;Nova Marilândia;0;0;2;6;8;lacuna;lacuna
31633;Barragem na Fazenda Remanso I;Sinop;0;0;2;6;8;lacuna;lacuna
31048;Barragem na Fazenda Santa Fé;Canarana;0;0;2;6;8;lacuna;lacuna
31228;Barragem na Fazenda dos Sonhos;Alto Araguaia;0;0;2;6;8;lacuna;lacuna
8176;Barragem principal Estância Bahia Leilões;Água Boa;0;0;2;6;8;lacuna;lacuna
35091;Barragem Ághata II;Santa Cruz do Xingu;0;0;2;6;8;lacuna;lacuna
35223;Barramento (Principal) - Fazenda Progresso;Tabaporã;0;0;2;6;8;lacuna;lacuna
35166;Barramento (montante) - Fazenda Ranchinho;Nova Maringá;0;0;2;6;8;lacuna;lacuna
34480;Barramento - Fazenda Alvorada II;Sinop;0;0;2;6;8;lacuna;lacuna
35072;Barramento - Fazenda Belo Horizonte;Barra do Garças;0;0;2;6;8;lacuna;lacuna
35076;Barramento - Fazenda Belo Horizonte II;Barra do Garças;0;0;2;6;8;lacuna;lacuna
34585;Barramento - Fazenda Cristalino III;Alta Floresta;0;0;2;6;8;lacuna;lacuna
35075;Barramento - Fazenda Estância Gaúcha;Campo Novo do Parecis;0;0;2;6;8;lacuna;lacuna
34545;Barramento - Fazenda Fiorese I;Feliz Natal;0;0;2;6;8;lacuna;lacuna
35913;Barramento - Fazenda Galerinha;Vila Bela da Santíssima Trindade;0;0;2;6;8;lacuna;lacuna
35383;Barramento - Fazenda Gema;Santo Afonso;0;0;2;6;8;lacuna;lacuna
26335;Barramento - Fazenda Guapeva;Bom Jesus do Araguaia;0;0;2;6;8;lacuna;lacuna
7966;Barramento - Fazenda Horizonte VI;Campo Novo do Parecis;0;0;2;6;8;lacuna;lacuna
35070;Barramento - Fazenda Lagoa Azul;Tangará da Serra;0;0;2;6;8;lacuna;lacuna
34610;Barramento - Fazenda Luchese I;Primavera do Leste;0;0;2;6;8;lacuna;lacuna
35019;Barramento - Fazenda Paraná - São Bento;Brasnorte;0;0;2;6;8;lacuna;lacuna
30960;Barramento - Fazenda Progresso I e II;Primavera do Leste;0;0;2;6;8;lacuna;lacuna
35390;Barramento - Fazenda Rancho Alegre;Vila Bela da Santíssima Trindade;0;0;2;6;8;lacuna;lacuna
35132;Barramento - Fazenda Santa Maria - Gleba A;Campo Novo do Parecis;0;0;2;6;8;lacuna;lacuna
35461;Barramento - Fazenda Santo Antônio;Sorriso;0;0;2;6;8;lacuna;lacuna
35123;Barramento - Fazenda Seriema;Sorriso;0;0;2;6;8;lacuna;lacuna
35785;Barramento - Fazenda Sorriso I;União do Sul;0;0;2;6;8;lacuna;lacuna
36061;Barramento - Fazenda São Matheus I;Poxoréu;0;0;2;6;8;lacuna;lacuna
35005;Barramento - Fazenda Tropeiro Velho IV e V;Alta Floresta;0;0;2;6;8;lacuna;lacuna
35023;Barramento - Mineração Casa de Pedra;Cuiabá;0;0;2;6;8;lacuna;lacuna
34025;Barramento 01 (Montante) São Cristóvão;Sorriso;0;0;2;6;8;lacuna;lacuna
20070;Barramento 02 (Montante) - São Cristóvão;Sorriso;0;0;2;6;8;lacuna;lacuna
35272;Barramento 02 Fazenda Água Azul;Sorriso;0;0;2;6;8;lacuna;lacuna
35118;Barramento 05 - Fazenda Zeniiti III;Alta Floresta;0;0;2;6;8;lacuna;lacuna
30939;Barramento 09;Barra do Bugres;0;0;2;6;8;lacuna;lacuna
35410;Barramento 1 (montante);Santa Cruz do Xingu;0;0;2;6;8;lacuna;lacuna
35020;Barramento 1 (montante) - Fazenda Paraná - São Bento;Brasnorte;0;0;2;6;8;lacuna;lacuna
30962;Barramento 1 - Fazenda Guanabara – Gleba A;Nova Olímpia;0;0;2;6;8;lacuna;lacuna
34001;Barramento 1 - Fazenda Progresso Vista Alegre;Canarana;0;0;2;6;8;lacuna;lacuna
33960;Barramento 1 - Mangaba Urbanismo LTDA;Cuiabá;0;0;2;6;8;lacuna;lacuna
35071;Barramento 1 ? Lote n° 114-B, 114-C E 115;Cláudia;0;0;2;6;8;lacuna;lacuna
36578;Barramento 1 a montante ? Fazenda Celentano;Porto dos Gaúchos;0;0;2;6;8;lacuna;lacuna
35411;Barramento 1.1;Santa Cruz do Xingu;0;0;2;6;8;lacuna;lacuna
35110;Barramento 10 - Fazenda Zeniiti III;Alta Floresta;0;0;2;6;8;lacuna;lacuna
35113;Barramento 12 - fazenda Zeniiti III;Alta Floresta;0;0;2;6;8;lacuna;lacuna
34519;Barramento 15 - Fazenda Zeniiti III;Alta Floresta;0;0;2;6;8;lacuna;lacuna
34520;Barramento 16 - Montante;Alta Floresta;0;0;2;6;8;lacuna;lacuna
34521;Barramento 17 (montante) - Fazenda Zeniiti III;Alta Floresta;0;0;2;6;8;lacuna;lacuna
34522;Barramento 18 (montante) - Fazenda Zeniiti III;Alta Floresta;0;0;2;6;8;lacuna;lacuna
36517;Barramento 2 (Montante);Cuiabá;0;0;2;6;8;lacuna;lacuna
33355;Barramento 2 - Mangaba Urbanismo LTDA;Cuiabá;0;0;2;6;8;lacuna;lacuna
35179;Barramento 2 MONTANTE - Fazenda São Luiz;São Félix do Araguaia;0;0;2;6;8;lacuna;lacuna
34991;Barramento 2 Principal - Fazenda Cocal;Canarana;0;0;2;6;8;lacuna;lacuna
34707;Barramento 2 – Fazenda Santa Maria;Barra do Bugres;0;0;2;6;8;lacuna;lacuna
35630;Barramento 2A - Fazenda Santa Helena;Canarana;0;0;2;6;8;lacuna;lacuna
36516;Barramento 3;Cuiabá;0;0;2;6;8;lacuna;lacuna
34992;Barramento 3 Montante - Fazenda Cocal;Canarana;0;0;2;6;8;lacuna;lacuna
34706;Barramento 3 – Fazenda Santa Maria;Barra do Bugres;0;0;2;6;8;lacuna;lacuna
34024;Barramento 3-  São Cristóvão;Sorriso;0;0;2;6;8;lacuna;lacuna
35136;Barramento 4;Cuiabá;0;0;2;6;8;lacuna;lacuna
30902;Barramento 4 - Fazenda Guanabara – Gleba A;Denise;0;0;2;6;8;lacuna;lacuna
35182;Barramento 5;Cuiabá;0;0;2;6;8;lacuna;lacuna
35181;Barramento 6;Cuiabá;0;0;2;6;8;lacuna;lacuna
35180;Barramento 7;Cuiabá;0;0;2;6;8;lacuna;lacuna
30947;Barramento 8 - Fazenda Guanabara – Gleba A;Denise;0;0;2;6;8;lacuna;lacuna
35027;Barramento ? Fazenda Jardim;Cuiabá;0;0;2;6;8;lacuna;lacuna
31998;Barramento Aeroporto Municipal de Juína;Juína;0;0;2;6;8;lacuna;lacuna
8122;Barramento Atto Agropecuária LTDA;Alto Garças;0;0;2;6;8;lacuna;lacuna
37430;Barramento Caxambu II;Querência;0;0;2;6;8;lacuna;lacuna
32077;Barramento Fazenda Bonanza;Santa Cruz do Xingu;0;0;2;6;8;lacuna;lacuna
20051;Barramento Fazenda Carajas  - Lote 64;Lucas do Rio Verde;0;0;2;6;8;lacuna;lacuna
36511;Barramento Fazenda Cascata e Cascata II;Sorriso;0;0;2;6;8;lacuna;lacuna
243;Barramento Fazenda Maranata e Maranata II;Primavera do Leste;0;0;2;6;8;lacuna;lacuna
36671;Barramento Fazenda Ouro Branco;Barra do Bugres;0;0;2;6;8;lacuna;lacuna
36496;Barramento Fazenda Primavera;Vila Rica;0;0;2;6;8;lacuna;lacuna
31632;Barramento Fazenda Remanso II;Sinop;0;0;2;6;8;lacuna;lacuna
8050;Barramento Fazenda Rodeio;Sorriso;0;0;2;6;8;lacuna;lacuna
36436;Barramento Fazenda Santana;Água Boa;0;0;2;6;8;lacuna;lacuna
31665;Barramento Fazenda Sossego 2;Nova Mutum;0;0;2;6;8;lacuna;lacuna
35185;Barramento Fazenda São Luiz;Água Boa;0;0;2;6;8;lacuna;lacuna
26570;Barramento Fazenda Trabuco;Poconé;0;0;2;6;8;lacuna;lacuna
31568;Barramento Fazenda Vera Cruz;Barra do Garças;0;0;2;6;8;lacuna;lacuna
35534;Barramento Fazenda Água Azul II;Sorriso;0;0;2;6;8;lacuna;lacuna
35135;Barramento Green Fish;Paranaíta;0;0;2;6;8;lacuna;lacuna
36409;Barramento I;Gaúcha do Norte;0;0;2;6;8;lacuna;lacuna
331;Barramento I (montante)  Fazenda São Domingos;Primavera do Leste;0;0;2;6;8;lacuna;lacuna
330;Barramento I (montante) ?  Fazenda São Domingos;Primavera do Leste;0;0;2;6;8;lacuna;lacuna
34580;Barramento I - Fazenda Recanto;Tabaporã;0;0;2;6;8;lacuna;lacuna
36365;Barramento I - Fazenda Três Coqueiros;Brasnorte;0;0;2;6;8;lacuna;lacuna
31360;Barramento I - Rio Fontoura Agropecuária;São Félix do Araguaia;0;0;2;6;8;lacuna;lacuna
36618;Barramento I ? Fazenda Caetetu;Sapezal;0;0;2;6;8;lacuna;lacuna
36622;Barramento I ? Fazenda Froes;Denise;0;0;2;6;8;lacuna;lacuna
36518;Barramento I ? Fazenda Ponte de Pedra;Torixoréu;0;0;2;6;8;lacuna;lacuna
34995;Barramento I – Fazenda Futura;Nova Ubiratã;0;0;2;6;8;lacuna;lacuna
29579;Barramento II;Confresa;0;0;2;6;8;lacuna;lacuna
35225;Barramento II (Montante) - Fazenda Progresso;Tabaporã;0;0;2;6;8;lacuna;lacuna
35391;Barramento II (Montante) - Fazenda Rancho Alegre;Vila Bela da Santíssima Trindade;0;0;2;6;8;lacuna;lacuna
31000;Barramento II - Fazenda Cabeceira;Ipiranga do Norte;0;0;2;6;8;lacuna;lacuna
28620;Barramento II - Fazenda Cascata;Ipiranga do Norte;0;0;2;6;8;lacuna;lacuna
34554;Barramento II - Fazenda Fiorese I;Feliz Natal;0;0;2;6;8;lacuna;lacuna
31779;Barramento II - Fazenda Gravataí;Itiquira;0;0;2;6;8;lacuna;lacuna
36519;Barramento II - Fazenda Ponte de Pedra;Torixoréu;0;0;2;6;8;lacuna;lacuna
36004;Barramento II - Fazenda São Domingos;Primavera do Leste;0;0;2;6;8;lacuna;lacuna
36366;Barramento II - Fazenda Três Coqueiros;Brasnorte;0;0;2;6;8;lacuna;lacuna
36332;Barramento II ? Fazenda São Domingos;Primavera do Leste;0;0;2;6;8;lacuna;lacuna
36493;Barramento II Fazenda Espigão do Leste;São Félix do Araguaia;0;0;2;6;8;lacuna;lacuna
36650;Barramento II Fazenda Água Cristalina;Serra Nova Dourada;0;0;2;6;8;lacuna;lacuna
36005;Barramento III (montante) ? Fazenda São Domingos;Primavera do Leste;0;0;2;6;8;lacuna;lacuna
35197;Barramento III - Fazenda Cruzeiro ? Montante II;General Carneiro;0;0;2;6;8;lacuna;lacuna
35477;Barramento III - Fazenda São José I;Rosário Oeste;0;0;2;6;8;lacuna;lacuna
36367;Barramento III - Fazenda Três Coqueiros;Brasnorte;0;0;2;6;8;lacuna;lacuna
36642;Barramento III ? Fazenda Froes;Denise;0;0;2;6;8;lacuna;lacuna
35250;Barramento III Fazenda Cocal;Canarana;0;0;2;6;8;lacuna;lacuna
36520;Barramento III- Fazenda Ponte de Pedra;Torixoréu;0;0;2;6;8;lacuna;lacuna
36335;Barramento III? Fazenda São Domingos;Primavera do Leste;0;0;2;6;8;lacuna;lacuna
35728;Barramento Jerusalém;Porto dos Gaúchos;0;0;2;6;8;lacuna;lacuna
36612;Barramento Juruena;Juruena;0;0;2;6;8;lacuna;lacuna
33943;Barramento Juína - Montante;Juína;0;0;2;6;8;lacuna;lacuna
33942;Barramento Juína - Principal;Juína;0;0;2;6;8;lacuna;lacuna
33944;Barramento Juína – Montante 2;Juína;0;0;2;6;8;lacuna;lacuna
32067;Barramento Lagoa da Garça;Juína;0;0;2;6;8;lacuna;lacuna
35130;Barramento MONTANTE;Sorriso;0;0;2;6;8;lacuna;lacuna
35131;Barramento MONTANTE 2;Sorriso;0;0;2;6;8;lacuna;lacuna
31785;Barramento Montante;Tapurah;0;0;2;6;8;lacuna;lacuna
35230;Barramento Montante - Fazenda Juliana;Sorriso;0;0;2;6;8;lacuna;lacuna
31577;Barramento Montante Fazenda Carajas  - Lote 64;Lucas do Rio Verde;0;0;2;6;8;lacuna;lacuna
35128;Barramento PRINCIPAL;Sorriso;0;0;2;6;8;lacuna;lacuna
8166;Barramento Principal - Fazenda Estância Bahia II;Água Boa;0;0;2;6;8;lacuna;lacuna
36577;Barramento Principal ? Fazenda Celentano;Porto dos Gaúchos;0;0;2;6;8;lacuna;lacuna
32449;Barramento Principal – Fazenda Jaó;Nova Xavantina;0;0;2;6;8;lacuna;lacuna
36539;Barramento Pé de Pequi I;Chapada dos Guimarães;0;0;2;6;8;lacuna;lacuna
36574;Barramento Rancho Grande;Indiavaí;0;0;2;6;8;lacuna;lacuna
35856;Barramento Salinas 2;Nossa Senhora do Livramento;0;0;2;6;8;lacuna;lacuna
35001;Barramento Santa Rita;Porto dos Gaúchos;0;0;2;6;8;lacuna;lacuna
35760;Barramento Santa Rita;São José do Povo;0;0;2;6;8;lacuna;lacuna
8043;Barramento Sede;Sorriso;0;0;2;6;8;lacuna;lacuna
37418;Barramento Sítio Nossa Senhora Aparecida;Tangará da Serra;0;0;2;6;8;lacuna;lacuna
35124;Barramento Sítio Recanto da Natureza;Sinop;0;0;2;6;8;lacuna;lacuna
34590;Barramento a montante 2;Vera;0;0;2;6;8;lacuna;lacuna
34581;Barramento montante - Fazenda Recanto;Tabaporã;0;0;2;6;8;lacuna;lacuna
35914;Barramento montante - Galerinha;Vila Bela da Santíssima Trindade;0;0;2;6;8;lacuna;lacuna
34623;Barramento montante – Fazenda São Sebastião;Barra do Bugres;0;0;2;6;8;lacuna;lacuna
31541;Barramento principal (1A);Carlinda;0;0;2;6;8;lacuna;lacuna
35228;Barramento principal - Fazenda Rio da Mata;Carlinda;0;0;2;6;8;lacuna;lacuna
34978;Barramento principal - Fazenda Sinop I;Porto dos Gaúchos;0;0;2;6;8;lacuna;lacuna
34622;Barramento – Fazenda São Sebastião;Barra do Bugres;0;0;2;6;8;lacuna;lacuna
33076;Barramento – Munícipio de Bom Jesus do Araguaia;Bom Jesus do Araguaia;0;0;2;6;8;lacuna;lacuna
34589;Barrametno a montante 2;Vera;0;0;2;6;8;lacuna;lacuna
26670;Buriti;Denise;0;0;2;6;8;lacuna;lacuna
304;CARLOS ALBERTO CAPELETTI - FAZENDA TOLEDO;Tapurah;0;0;2;6;8;lacuna;lacuna
34184;CGH Agromar - BARRAMENTO 1;Diamantino;0;0;2;6;8;lacuna;lacuna
24104;CGH Alto Garças - ALTO GARÇAS;Alto Araguaia;0;0;2;6;8;lacuna;lacuna
34136;CGH Aprovale - Associação Dos Produtores Do Vale Do Cedro - cedro;Lucas do Rio Verde;0;0;2;6;8;lacuna;lacuna
24105;CGH Araguaia - ARAGUAIA;Alto Araguaia;0;0;2;6;8;lacuna;lacuna
24106;CGH Araguainha - ARAGUAINHA;Alto Araguaia;0;0;2;6;8;lacuna;lacuna
4739;CGH Aripuanã - Dique da UHE Dardanelos;Aripuanã;0;0;2;6;8;lacuna;lacuna
20472;CGH Buritizal - NÃO POSSUI BARRAMENTO, DERIVAÇÃO LATERAL DIRETA;São José do Rio Claro;0;0;2;6;8;lacuna;lacuna
23960;CGH Cambará - Cambará;Jaciara;0;0;2;6;8;lacuna;lacuna
23957;CGH Caramujo - Barramento Caramujo;Salto do Céu;0;0;2;6;8;lacuna;lacuna
34185;CGH Cocal (75 Kw) - MCH COCAL;Canarana;0;0;2;6;8;lacuna;lacuna
35025;CGH DUAS PONTES - Barramento Duas Pontes;Nova Maringá;0;0;2;6;8;lacuna;lacuna
23987;CGH Desiderio - Barragem 1;Campinápolis;0;0;2;6;8;lacuna;lacuna
23988;CGH Dona Assunta - Barragem 01;Campinápolis;0;0;2;6;8;lacuna;lacuna
23961;CGH Embaúba - Embaúba;Jaciara;0;0;2;6;8;lacuna;lacuna
20736;CGH Faxinal I - CAPTAÇÃO LATERAL SIMPLES;Aripuanã;0;0;3;5;8;nao;lacuna
34157;CGH Faxinal I - CAPTAÇÃO LATERAL SIMPLES (CGH FAXINAL I);Aripuanã;0;0;2;6;8;lacuna;lacuna
34039;CGH Fazenda Dois Irmãos - Córrego Seixas - Fazenda Dois Irmãos;Conquista D'Oeste;0;0;2;6;8;lacuna;lacuna
34225;CGH Fazenda Galera 1 - Galera 1A;Nova Lacerda;0;0;2;6;8;lacuna;lacuna
34130;CGH Fazenda Sao Jose I - Sorriso - BARRAGEM - FAZ. SÃO JOSÉ;Sorriso;0;0;2;6;8;lacuna;lacuna
34226;CGH Galera Centrais Eletricas 1a - 1;Conquista D'Oeste;0;0;2;6;8;lacuna;lacuna
34834;CGH Guimarães 02 - Guimarães 2;Cuiabá;0;0;2;6;8;lacuna;lacuna
34135;CGH ITAUBÁ - USINA;Itaúba;0;0;2;6;8;lacuna;lacuna
24306;CGH Itaquerê I - Barragem 1;Novo São Joaquim;0;0;2;6;8;lacuna;lacuna
24307;CGH Itaquerê II - Barragem 1;Novo São Joaquim;0;0;2;6;8;lacuna;lacuna
34138;CGH Jatobazinho - Jatobazinho;Paranatinga;0;0;2;6;8;lacuna;lacuna
24107;CGH MAX-01 (Nova Lacerda)  - NOVA LACERDA;Nova Lacerda;0;0;2;6;8;lacuna;lacuna
23992;CGH Margarida 2 Duplicidade  - MARGARIDA;Comodoro;0;0;2;6;8;lacuna;lacuna
23998;CGH Masutti - MASUTTI;Campos de Júlio;0;0;2;6;8;lacuna;lacuna
24302;CGH Matula - CGH Matula;Novo São Joaquim;0;0;2;6;8;lacuna;lacuna
34038;CGH Matula I - CGH MATULA I;Novo São Joaquim;0;0;2;6;8;lacuna;lacuna
24089;CGH Mestre - Mestre;Jaciara;0;0;2;6;8;lacuna;lacuna
34836;CGH Michelin - Michelin;Itiquira;0;0;2;6;8;lacuna;lacuna
34123;CGH Miranda Estância - CGH Rio Piolho;Comodoro;0;0;2;6;8;lacuna;lacuna
23989;CGH Noidore - Barragem 01;Campinápolis;0;0;2;6;8;lacuna;lacuna
34040;CGH Oeiras - principal;Chapada dos Guimarães;0;0;2;6;8;lacuna;lacuna
34137;CGH PICCINI V - CGH Piccini V;Tabaporã;0;0;2;6;8;lacuna;lacuna
34820;CGH PICCINI V - CGH Piccini V;Tabaporã;0;0;2;6;8;lacuna;lacuna
34041;CGH Portal do Vale - principal;Chapada dos Guimarães;0;0;2;6;8;lacuna;lacuna
34034;CGH Rancho Fundo - CGH RANCHO FUNDO;Porto dos Gaúchos;0;0;2;6;8;lacuna;lacuna
23999;CGH Rio Margarida 2 - MARGARIDA;Comodoro;0;0;2;6;8;lacuna;lacuna
24061;CGH Rio Vermelho - Usina Rio Vermelho;Itaúba;0;0;2;6;8;lacuna;lacuna
24181;CGH Ronuro - 1;Boa Esperança do Norte;0;0;2;6;8;lacuna;lacuna
23993;CGH SM-01 - CGH SM-01;Itiquira;0;0;2;6;8;lacuna;lacuna
23994;CGH SM-06 - CGH SM-06;Itiquira;0;0;2;6;8;lacuna;lacuna
5115;CGH Salto Belo - Barragem 01;Novo São Joaquim;0;0;2;6;8;lacuna;lacuna
24088;CGH Santa Cecília - Santa Cecília;Jaciara;0;0;2;6;8;lacuna;lacuna
34134;CGH Santiago Fazenda Agrochapada - SANTIAGO;Paranatinga;0;0;2;6;8;lacuna;lacuna
23991;CGH Sapezal - CGH Sapezal;Sapezal;0;0;2;6;8;lacuna;lacuna
34043;CGH Saxão - principal;Nova Lacerda;0;0;2;6;8;lacuna;lacuna
23962;CGH Sucupira - Sucupira;Jaciara;0;0;2;6;8;lacuna;lacuna
24022;CGH Tucunaré - CGH Tucunaré;Sapezal;0;0;2;6;8;lacuna;lacuna
34042;CGH Vale do Roncador - principal;Chapada dos Guimarães;0;0;2;6;8;lacuna;lacuna
34159;CGH Água Clara - Agua Clara;Jaciara;0;0;2;6;8;lacuna;lacuna
336;CHACARA NOSSA SENHORA DE FATIMA;Juína;0;0;2;6;8;lacuna;lacuna
6026;COOP. SERINGUEIROS DE OURO BRANCO;Itiquira;0;0;2;6;8;lacuna;lacuna
31533;Campinas;Novo São Joaquim;0;0;2;6;8;lacuna;lacuna
19977;Campo Experimental Empaer;Nossa Senhora do Livramento;0;0;2;6;8;lacuna;lacuna
36626;Casa do Lago;Tangará da Serra;0;0;2;6;8;lacuna;lacuna
20141;Chapéu do Sol;Várzea Grande;0;0;2;6;8;lacuna;lacuna
36651;Chácara Esteio - Barramento I;Alta Floresta;0;0;2;6;8;lacuna;lacuna
36669;Chácara Esteio ? Barramento 02;Alta Floresta;0;0;2;6;8;lacuna;lacuna
7959;Chácara Patrícia;Juína;0;0;2;6;8;lacuna;lacuna
19992;Chácara Santa Cristina;Sorriso;0;0;2;6;8;lacuna;lacuna
32379;Condomínio Adama Duvalle – Barragem 1;Água Boa;0;0;2;6;8;lacuna;lacuna
26632;Córrego Tonto;Tabaporã;0;0;2;6;8;lacuna;lacuna
32989;Dall Asta 2;Canarana;0;0;2;6;8;lacuna;lacuna
31117;Depósito Mocelin;Tabaporã;0;0;2;6;8;lacuna;lacuna
8007;Destilaria de Álcool Libra LTDA;São José do Rio Claro;0;0;2;6;8;lacuna;lacuna
5339;ESTÂNCIA RANCHO DOURADO;Várzea Grande;0;0;2;6;8;lacuna;lacuna
5321;ETA QUEIMA-PÉ;Tangará da Serra;0;0;2;6;8;lacuna;lacuna
33406;Estrela de Fogo;Sorriso;0;0;2;6;8;lacuna;lacuna
27940;Estância 2R - Retiro Vista Alegre;Rosário Oeste;0;0;2;6;8;lacuna;lacuna
7984;Estância Céu Azul;Tangará da Serra;0;0;2;6;8;lacuna;lacuna
20998;Estância Maristela - Barragem 01;Porto Esperidião;0;0;2;6;8;lacuna;lacuna
20999;Estância Maristela - Barragem 02;Porto Esperidião;0;0;2;6;8;lacuna;lacuna
21000;Estância Maristela - Barragem 03;Porto Esperidião;0;0;2;6;8;lacuna;lacuna
35795;Estância Nogueira Agropecuária - Barramento;Rondonópolis;0;0;2;6;8;lacuna;lacuna
8008;Estância Recreio;Nossa Senhora do Livramento;0;0;2;6;8;lacuna;lacuna
21007;Estância Santa Mônica;Cáceres;0;0;2;6;8;lacuna;lacuna
8042;FAZ. CEOLATTO;Sorriso;0;0;2;6;8;lacuna;lacuna
31827;FAZENDA CAMPO FLORIDO;Canarana;0;0;2;6;8;lacuna;lacuna
295;FAZENDA CAROL I, II e III - Barragem II;Sorriso;0;0;2;6;8;lacuna;lacuna
20032;FAZENDA CASCATA;Sorriso;0;0;2;6;8;lacuna;lacuna
30852;FAZENDA CELESTE III;Vera;0;0;2;6;8;lacuna;lacuna
8028;FAZENDA DONA IRILDE;Lucas do Rio Verde;0;0;2;6;8;lacuna;lacuna
19996;FAZENDA GUAPORÉ;Canarana;0;0;2;6;8;lacuna;lacuna
20035;FAZENDA JABORANDI;Sorriso;0;0;2;6;8;lacuna;lacuna
35608;FAZENDA JAÇANÃ - RESERVATÓRIO PULMÃO;Vera;0;0;2;6;8;lacuna;lacuna
19991;FAZENDA LUAR;Cuiabá;0;0;2;6;8;lacuna;lacuna
294;FAZENDA LUIZ EDUARDO I e II;Sorriso;0;0;2;6;8;lacuna;lacuna
305;FAZENDA MEU PEDAÇO;Sorriso;0;0;2;6;8;lacuna;lacuna
26535;FAZENDA NOSSA SENHORA APARECIDA;Nova Ubiratã;0;0;2;6;8;lacuna;lacuna
8034;FAZENDA OGLIARI;Lucas do Rio Verde;0;0;2;6;8;lacuna;lacuna
5371;FAZENDA OURO BRANCO;Barra do Bugres;0;0;2;6;8;lacuna;lacuna
5364;FAZENDA OURO FINO;Barra do Bugres;0;0;2;6;8;lacuna;lacuna
5362;FAZENDA OURO FINO - Barragem 02;Barra do Bugres;0;0;2;6;8;lacuna;lacuna
5361;FAZENDA OURO FINO- Barragem 01;Barra do Bugres;0;0;2;6;8;lacuna;lacuna
306;FAZENDA POTRICH;Sorriso;0;0;2;6;8;lacuna;lacuna
20036;FAZENDA RINCÃO FLORIDO;Ipiranga do Norte;0;0;2;6;8;lacuna;lacuna
20034;FAZENDA RIO VERDE;Sorriso;0;0;2;6;8;lacuna;lacuna
31590;FLG Agro e Investimento LTDA;Itiquira;0;0;2;6;8;lacuna;lacuna
26539;FRIGOPESCA PSICULTURA E FRIGORÍFICO LTDA-EPP;Poconé;0;0;2;6;8;lacuna;lacuna
26672;Faz São Paulo;Barra do Bugres;0;0;2;6;8;lacuna;lacuna
8174;Faz. Agrocentro Barra Brasil;Barra do Garças;0;0;2;6;8;lacuna;lacuna
20317;Faz. Agrovera;Porto dos Gaúchos;0;0;2;6;8;lacuna;lacuna
20113;Faz. Amanhecer II;Gaúcha do Norte;0;0;2;6;8;lacuna;lacuna
20088;Faz. Boca da Mata;Nova Ubiratã;0;0;2;6;8;lacuna;lacuna
8022;Faz. Bogorni;Ipiranga do Norte;0;0;2;6;8;lacuna;lacuna
7994;Faz. Cabeça Branca - Barragem 01;Nossa Senhora do Livramento;0;0;2;6;8;lacuna;lacuna
7993;Faz. Cabeça Branca - Barragem 02;Nossa Senhora do Livramento;0;0;2;6;8;lacuna;lacuna
7991;Faz. Cabeça Branca - Barragem 04;Nossa Senhora do Livramento;0;0;2;6;8;lacuna;lacuna
7990;Faz. Cabeça Branca - Barragem 05;Nossa Senhora do Livramento;0;0;2;6;8;lacuna;lacuna
7989;Faz. Cabeça Branca - Barragem 06;Nossa Senhora do Livramento;0;0;2;6;8;lacuna;lacuna
20177;Faz. Carvalho;Nobres;0;0;2;6;8;lacuna;lacuna
20214;Faz. Chapadão Verde;Sorriso;0;0;2;6;8;lacuna;lacuna
8009;Faz. Dona Leila - Reservatório 12;Rosário Oeste;0;0;2;6;8;lacuna;lacuna
8010;Faz. Dona Leila - Reservatório 13;Rosário Oeste;0;0;2;6;8;lacuna;lacuna
8013;Faz. Dona Leila - Reservatório 27;Rosário Oeste;0;0;2;6;8;lacuna;lacuna
8012;Faz. Dona Leila - Reservatório 28;Rosário Oeste;0;0;2;6;8;lacuna;lacuna
8011;Faz. Dona Leila - Reservatório 29;Rosário Oeste;0;0;2;6;8;lacuna;lacuna
341;Faz. Espera Feliz;Lucas do Rio Verde;0;0;2;6;8;lacuna;lacuna
8024;Faz. Guarantã - Lotes 21, 22 e 23;Tapurah;0;0;2;6;8;lacuna;lacuna
20739;Faz. Jacarandá;Araguaiana;0;0;2;6;8;lacuna;lacuna
8066;Faz. Jatobá;Feliz Natal;0;0;2;6;8;lacuna;lacuna
20078;Faz. Karnoski;Nova Mutum;0;0;2;6;8;lacuna;lacuna
20140;Faz. Lavínia;Novo São Joaquim;0;0;2;6;8;lacuna;lacuna
20085;Faz. Lote 69-A;Feliz Natal;0;0;2;6;8;lacuna;lacuna
8023;Faz. Mafra - Barragem 01;Nova Mutum;0;0;2;6;8;lacuna;lacuna
8027;Faz. Mafra - Barragem 02;Nova Mutum;0;0;2;6;8;lacuna;lacuna
8019;Faz. Mafra - Barragem 03;Nova Mutum;0;0;2;6;8;lacuna;lacuna
20213;Faz. Mata Velha;Tapurah;0;0;2;6;8;lacuna;lacuna
19850;Faz. Netolândia;Tangará da Serra;0;0;2;6;8;lacuna;lacuna
20119;Faz. Olho d'Água;Nova Canaã do Norte;0;0;2;6;8;lacuna;lacuna
7987;Faz. Ouro Fino - Barragem 05;Barra do Bugres;0;0;2;6;8;lacuna;lacuna
7985;Faz. Ouro Fino - Barragem 06;Barra do Bugres;0;0;2;6;8;lacuna;lacuna
7986;Faz. Ouro Fino - Barragem 07;Barra do Bugres;0;0;2;6;8;lacuna;lacuna
20129;Faz. Paraná;Brasnorte;0;0;2;6;8;lacuna;lacuna
8039;Faz. Paraíso;Sorriso;0;0;2;6;8;lacuna;lacuna
8038;Faz. Pinheiros;Sorriso;0;0;2;6;8;lacuna;lacuna
7988;Faz. Ponte de Pedra;Nova Maringá;0;0;2;6;8;lacuna;lacuna
8015;Faz. Porta do Céu;Nova Mutum;0;0;2;6;8;lacuna;lacuna
8197;Faz. Produtiva;São Félix do Araguaia;0;0;2;6;8;lacuna;lacuna
8018;Faz. Propecus - Lagoa 02;Nova Mutum;0;0;2;6;8;lacuna;lacuna
8020;Faz. Propecus - Lagoa 04;Nova Mutum;0;0;2;6;8;lacuna;lacuna
19952;Faz. Reunidas 15;Paranatinga;0;0;2;6;8;lacuna;lacuna
20116;Faz. Santa Terezinha;Querência;0;0;2;6;8;lacuna;lacuna
8092;Faz. Sopave;Nova Ubiratã;0;0;2;6;8;lacuna;lacuna
20114;Faz. Telles Pires;Nova Canaã do Norte;0;0;2;6;8;lacuna;lacuna
19946;Faz. Toledo;Tapurah;0;0;2;6;8;lacuna;lacuna
7982;Faz. Triângulo - Reservatório 01;Nova Olímpia;0;0;2;6;8;lacuna;lacuna
7981;Faz. Triângulo - Reservatório 02;Nova Olímpia;0;0;2;6;8;lacuna;lacuna
7979;Faz. Triângulo - Reservatório 03;Nova Olímpia;0;0;2;6;8;lacuna;lacuna
7980;Faz. Triângulo - Reservatório 04 / 05 / 13;Nova Olímpia;0;0;2;6;8;lacuna;lacuna
7978;Faz. Triângulo - Reservatório 06 / 10 / 11;Nova Olímpia;0;0;2;6;8;lacuna;lacuna
7983;Faz. Triângulo - Reservatório 12;Nova Olímpia;0;0;2;6;8;lacuna;lacuna
20077;Faz. Três Pinheiros;Santa Rita do Trivelato;0;0;2;6;8;lacuna;lacuna
20754;Fazenda 3 irmãos;Cuiabá;0;0;2;6;8;lacuna;lacuna
6475;Fazenda AFB Brasil;Barra do Garças;0;0;2;6;8;lacuna;lacuna
19966;Fazenda AFB Brasil;Barra do Garças;0;0;2;6;8;lacuna;lacuna
19967;Fazenda AFB Brasil;Barra do Garças;0;0;2;6;8;lacuna;lacuna
19987;Fazenda Admar Galle & Filhos;Água Boa;0;0;2;6;8;lacuna;lacuna
31748;Fazenda Agrocondor II;Alta Floresta;0;0;2;6;8;lacuna;lacuna
36407;Fazenda Alegria - Reservatório Pulmão  I;Sorriso;0;0;2;6;8;lacuna;lacuna
35487;Fazenda Aline ? Reservatório Pulmão;Querência;0;0;2;6;8;lacuna;lacuna
8164;Fazenda Alto Areões - Barragem 01;Água Boa;0;0;2;6;8;lacuna;lacuna
8165;Fazenda Alto Areões-Barragem 02;Água Boa;0;0;2;6;8;lacuna;lacuna
20764;Fazenda Alvorada;Nova Ubiratã;0;0;2;6;8;lacuna;lacuna
32150;Fazenda Alvorada III;Sinop;0;0;2;6;8;lacuna;lacuna
20061;Fazenda Apiacás;Paranaíta;0;0;2;6;8;lacuna;lacuna
20137;Fazenda Arara Azul;Itaúba;0;0;2;6;8;lacuna;lacuna
8159;Fazenda Araribá;Canarana;0;0;2;6;8;lacuna;lacuna
37452;Fazenda Atlântica - Araras;Vera;0;0;2;6;8;lacuna;lacuna
34484;Fazenda Bacuri, Cachoeira e Castanheira;Juara;0;0;2;6;8;lacuna;lacuna
26655;Fazenda Bacurí;Arenápolis;0;0;2;6;8;lacuna;lacuna
7961;Fazenda Barra Grande II- Barragem I;Juruena;0;0;2;6;8;lacuna;lacuna
7962;Fazenda Barra Grande II- Barragem II;Juruena;0;0;2;6;8;lacuna;lacuna
7960;Fazenda Barra Grande II- Barragem III;Juruena;0;0;2;6;8;lacuna;lacuna
335;Fazenda Barreiro;Sorriso;0;0;2;6;8;lacuna;lacuna
6192;Fazenda Batovi;Tesouro;0;0;2;6;8;lacuna;lacuna
21011;Fazenda Bela Vista;Guarantã do Norte;0;0;2;6;8;lacuna;lacuna
8054;Fazenda Bela Vista II;Vera;0;0;2;6;8;lacuna;lacuna
21001;Fazenda Boa Vista;Planalto da Serra;0;0;2;6;8;lacuna;lacuna
27745;Fazenda Boitanga;Tangará da Serra;0;0;2;6;8;lacuna;lacuna
37351;Fazenda Bom Jesus;Campo Novo do Parecis;0;0;2;6;8;lacuna;lacuna
21010;Fazenda Bom Pastor;Cáceres;0;0;2;6;8;lacuna;lacuna
8033;Fazenda Botucatu lll;Lucas do Rio Verde;0;0;2;6;8;lacuna;lacuna
36571;Fazenda Brasil Central;Confresa;0;0;2;6;8;lacuna;lacuna
34993;Fazenda Brasil Central ? Barramento I;Confresa;0;0;2;6;8;lacuna;lacuna
35003;Fazenda Brasil Central ? Barramento II;Confresa;0;0;2;6;8;lacuna;lacuna
36499;Fazenda Buriti  - Barramento Montante 1;Nova Mutum;0;0;2;6;8;lacuna;lacuna
36498;Fazenda Buriti  - Barramento Principal;Nova Mutum;0;0;2;6;8;lacuna;lacuna
36500;Fazenda Buriti ? Barramento Montante 2;Nova Mutum;0;0;2;6;8;lacuna;lacuna
36581;Fazenda Cabanha da Vitória;Comodoro;0;0;2;6;8;lacuna;lacuna
388;Fazenda Cabeceira;Ipiranga do Norte;0;0;2;6;8;lacuna;lacuna
7992;Fazenda Cabeça Branca - Barragem 03;Nossa Senhora do Livramento;0;0;2;6;8;lacuna;lacuna
36556;Fazenda Cachoeira II;Sorriso;0;0;2;6;8;lacuna;lacuna
32064;Fazenda Cafundó - Barramento I;Ipiranga do Norte;0;0;2;6;8;lacuna;lacuna
30819;Fazenda Cambará;Paranatinga;0;0;2;6;8;lacuna;lacuna
30821;Fazenda Cambará;Paranatinga;0;0;2;6;8;lacuna;lacuna
35389;Fazenda Campo Forte I, II, III e IV;Ribeirão Cascalheira;0;0;2;6;8;lacuna;lacuna
34793;Fazenda Canarana – Barramento 01;Canarana;0;0;2;6;8;lacuna;lacuna
33041;Fazenda Canaã – Barragem 1;Santa Terezinha;0;0;2;6;8;lacuna;lacuna
8046;Fazenda Capixaba;Sorriso;0;0;2;6;8;lacuna;lacuna
8053;Fazenda Caravaggio;Sorriso;0;0;2;6;8;lacuna;lacuna
293;Fazenda Carol I, II e III - Barragem I;Sorriso;0;0;2;6;8;lacuna;lacuna
35892;Fazenda Casa Grande ? Lote 202;Querência;0;0;2;6;8;lacuna;lacuna
7963;Fazenda Catavento jusante;Brasnorte;0;0;2;6;8;lacuna;lacuna
7964;Fazenda Catavento montante;Brasnorte;0;0;2;6;8;lacuna;lacuna
20144;Fazenda Ceita Porã;Barra do Bugres;0;0;2;6;8;lacuna;lacuna
36474;Fazenda Centro Oeste;Nova Maringá;0;0;2;6;8;lacuna;lacuna
19989;Fazenda Cocal;Canarana;0;0;2;6;8;lacuna;lacuna
35251;Fazenda Cocal (Barramento III) - Montante;Canarana;0;0;2;6;8;lacuna;lacuna
35633;Fazenda Cocal - Barramento 05;Canarana;0;0;2;6;8;lacuna;lacuna
35338;Fazenda Cocal ? Barramento 04;Canarana;0;0;2;6;8;lacuna;lacuna
36627;Fazenda Concorcia;Nova Ubiratã;0;0;2;6;8;lacuna;lacuna
36632;Fazenda Concordia - Reservatório 2;Nova Ubiratã;0;0;2;6;8;lacuna;lacuna
37519;Fazenda Confiança (Reservatório 1);Vera;0;0;2;6;8;lacuna;lacuna
37571;Fazenda Confiança (Reservatório 2);Vera;0;0;2;6;8;lacuna;lacuna
28141;Fazenda Confluência;Santa Rita do Trivelato;0;0;2;6;8;lacuna;lacuna
8095;Fazenda Conquista;Rondonópolis;0;0;2;6;8;lacuna;lacuna
27278;Fazenda Copacabana;Poxoréu;0;0;2;6;8;lacuna;lacuna
26442;Fazenda Cristalina;Campo Verde;0;0;2;6;8;lacuna;lacuna
34760;Fazenda Cristo Rei I – Barramento 04;Tapurah;0;0;2;6;8;lacuna;lacuna
34751;Fazenda Cristo Rei I –Barramento 01;Tapurah;0;0;2;6;8;lacuna;lacuna
35195;Fazenda Cruzeiro I - Barramento (principal);General Carneiro;0;0;2;6;8;lacuna;lacuna
35196;Fazenda Cruzeiro I - Barramento II - Montante I;General Carneiro;0;0;2;6;8;lacuna;lacuna
35147;Fazenda Curió - Barramento 3;Rosário Oeste;0;0;2;6;8;lacuna;lacuna
35150;Fazenda Curió - Barramento I;Rosário Oeste;0;0;2;6;8;lacuna;lacuna
37450;Fazenda Córrego Fundo;Água Boa;0;0;2;6;8;lacuna;lacuna
8040;Fazenda Córrego Grande;Sorriso;0;0;2;6;8;lacuna;lacuna
334;Fazenda Dal Molin V;Sorriso;0;0;2;6;8;lacuna;lacuna
32376;Fazenda Dall Asta – Barramento 1;Canarana;0;0;2;6;8;lacuna;lacuna
21903;Fazenda Del Mar;Sorriso;0;0;2;6;8;lacuna;lacuna
5490;Fazenda Dona Leila - RESERVATÓRIO 1;Rosário Oeste;0;0;2;6;8;lacuna;lacuna
36628;Fazenda Dona Rosália;Feliz Natal;0;0;2;6;8;lacuna;lacuna
20126;Fazenda Duas Nascentes;Ipiranga do Norte;0;0;2;6;8;lacuna;lacuna
26229;Fazenda Eduina Teresa;Sorriso;0;0;2;6;8;lacuna;lacuna
20033;Fazenda Eldorado;Nova Canaã do Norte;0;0;2;6;8;lacuna;lacuna
35156;Fazenda Eldorado ? Barramento 01;São José do Xingu;0;0;2;6;8;lacuna;lacuna
35507;Fazenda Encosta do Varjão I ? Gleba B ?  Barragem I;São José do Rio Claro;0;0;2;6;8;lacuna;lacuna
36523;Fazenda Espigão do Leste ? Barragem I;São Félix do Araguaia;0;0;2;6;8;lacuna;lacuna
36492;Fazenda Espigão do Leste ? Barramento I;São Félix do Araguaia;0;0;2;6;8;lacuna;lacuna
36524;Fazenda Espigão do Leste – Barragem II;São Félix do Araguaia;0;0;2;6;8;lacuna;lacuna
27373;Fazenda Estrela;Barra do Bugres;0;0;2;6;8;lacuna;lacuna
22229;Fazenda Europa;Vila Rica;0;0;2;6;8;lacuna;lacuna
20071;Fazenda Faccio;Nova Mutum;0;0;2;6;8;lacuna;lacuna
36098;Fazenda Filipina;Santa Cruz do Xingu;0;0;2;6;8;lacuna;lacuna
36550;Fazenda Formosa;Cuiabá;0;0;2;6;8;lacuna;lacuna
27403;Fazenda Fortaleza;Arenápolis;0;0;2;6;8;lacuna;lacuna
32970;Fazenda Frente da Mata – Barragem I;União do Sul;0;0;2;6;8;lacuna;lacuna
36624;Fazenda Froes? Barramento 2;Denise;0;0;2;6;8;lacuna;lacuna
30798;Fazenda Furnas;Ribeirão Cascalheira;0;0;2;6;8;lacuna;lacuna
35490;Fazenda Futura ? Barramento VI;Nova Ubiratã;0;0;2;6;8;lacuna;lacuna
36537;Fazenda Gaúcha;Itiquira;0;0;2;6;8;lacuna;lacuna
36469;Fazenda Gleba Wilma;Novo São Joaquim;0;0;2;6;8;lacuna;lacuna
31747;Fazenda Gravataí;Itiquira;0;0;2;6;8;lacuna;lacuna
5372;Fazenda Guanabara;Barra do Bugres;0;0;2;6;8;lacuna;lacuna
20125;Fazenda Guanabara;Nova Olímpia;0;0;2;6;8;lacuna;lacuna
8096;Fazenda Guarita;Rondonópolis;0;0;2;6;8;lacuna;lacuna
20037;Fazenda Guri e Guri I;Nova Mutum;0;0;2;6;8;lacuna;lacuna
21008;Fazenda Iriri;Guarantã do Norte;0;0;2;6;8;lacuna;lacuna
5320;Fazenda Itapiranga;Brasnorte;0;0;2;6;8;lacuna;lacuna
337;Fazenda Jaborandi;Sorriso;0;0;2;6;8;lacuna;lacuna
35231;Fazenda Jangada Agropastoril - Barragem a montante;Jangada;0;0;2;6;8;lacuna;lacuna
35229;Fazenda Jangada Agropastoril II - Barragem Principal;Jangada;0;0;2;6;8;lacuna;lacuna
27277;Fazenda Jauquara;Barra do Bugres;0;0;2;6;8;lacuna;lacuna
5679;Fazenda Juliandre II;Lucas do Rio Verde;0;0;2;6;8;lacuna;lacuna
33376;Fazenda Junges;Querência;0;0;2;6;8;lacuna;lacuna
26534;Fazenda KM;Cuiabá;0;0;2;6;8;lacuna;lacuna
31994;Fazenda L Cristina - Barragem 1;Canarana;0;0;2;6;8;lacuna;lacuna
20111;Fazenda Lapacho - Gleba B;Sapezal;0;0;2;6;8;lacuna;lacuna
36645;Fazenda Laualo (Morada Nova) - Barramento 2;São Félix do Araguaia;0;0;2;6;8;lacuna;lacuna
8049;Fazenda Marauense;Sorriso;0;0;2;6;8;lacuna;lacuna
34465;Fazenda Marta;Campos de Júlio;0;0;2;6;8;lacuna;lacuna
35175;Fazenda Massapé - Barramento (principal);Primavera do Leste;0;0;2;6;8;lacuna;lacuna
36132;Fazenda Menolli II ? Barramento;Poconé;0;0;2;6;8;lacuna;lacuna
37431;Fazenda Mundo Novo -;Nova Ubiratã;0;0;2;6;8;lacuna;lacuna
37458;Fazenda Mundo Novo - Reservatório Pulmão 1;Boa Esperança do Norte;0;0;2;6;8;lacuna;lacuna
20047;Fazenda Murici Sesmaria Molhado;Nossa Senhora do Livramento;0;0;2;6;8;lacuna;lacuna
20048;Fazenda Murici Sesmaria Molhado;Nossa Senhora do Livramento;0;0;2;6;8;lacuna;lacuna
20049;Fazenda Murici Sesmaria Molhado;Nossa Senhora do Livramento;0;0;2;6;8;lacuna;lacuna
361;Fazenda Nadin;Lucas do Rio Verde;0;0;2;6;8;lacuna;lacuna
27508;Fazenda Nandico;Vera;0;0;2;6;8;lacuna;lacuna
20142;Fazenda Negrinho do Pastoreiro;Canarana;0;0;2;6;8;lacuna;lacuna
8062;Fazenda Nossa Senhora Aparecida;Nova Ubiratã;0;0;2;6;8;lacuna;lacuna
20086;Fazenda Nossa Senhora Aparecida;Nova Ubiratã;0;0;2;6;8;lacuna;lacuna
26533;Fazenda Nossa Senhora Aparecida;Nova Ubiratã;0;0;2;6;8;lacuna;lacuna
34498;Fazenda Nossa Senhora Aparecida;Poxoréu;0;0;2;6;8;lacuna;lacuna
8071;Fazenda Nossa Senhora de Caacupê;Feliz Natal;0;0;2;6;8;lacuna;lacuna
26669;Fazenda Nove de Julho;Brasnorte;0;0;2;6;8;lacuna;lacuna
27292;Fazenda Novo Campo;Campo Novo do Parecis;0;0;2;6;8;lacuna;lacuna
20075;Fazenda Ogliari;Lucas do Rio Verde;0;0;2;6;8;lacuna;lacuna
35726;Fazenda Olho D'Água - Barramento 1;Nova Canaã do Norte;0;0;2;6;8;lacuna;lacuna
35727;Fazenda Olho D'Água - Barramento 2;Nova Canaã do Norte;0;0;2;6;8;lacuna;lacuna
5904;Fazenda Orion;Nova Ubiratã;0;0;2;6;8;lacuna;lacuna
5479;Fazenda Padre Cicero;Porto dos Gaúchos;0;0;2;6;8;lacuna;lacuna
362;Fazenda Palmeira;Querência;0;0;2;6;8;lacuna;lacuna
8037;Fazenda Palmeira ll;Lucas do Rio Verde;0;0;2;6;8;lacuna;lacuna
20314;Fazenda Paraná;Brasnorte;0;0;2;6;8;lacuna;lacuna
8058;Fazenda Parauna;Nova Ubiratã;0;0;2;6;8;lacuna;lacuna
37442;Fazenda Paraíso I - Montante 1;Nova Ubiratã;0;0;2;6;8;lacuna;lacuna
37446;Fazenda Paraíso I - Principal;Nova Ubiratã;0;0;2;6;8;lacuna;lacuna
30879;Fazenda Paraúna;Nova Ubiratã;0;0;2;6;8;lacuna;lacuna
387;Fazenda Pau da Onça;Santa Rita do Trivelato;0;0;2;6;8;lacuna;lacuna
8036;Fazenda Piva;Lucas do Rio Verde;0;0;2;6;8;lacuna;lacuna
20006;Fazenda Pluma;Vera;0;0;2;6;8;lacuna;lacuna
36102;Fazenda Poconé - Barramento 2;Poconé;0;0;2;6;8;lacuna;lacuna
32088;Fazenda Poconé – Barramento I;Poconé;0;0;2;6;8;lacuna;lacuna
36507;Fazenda Ponta Bonita ? Parte 1;Canarana;0;0;2;6;8;lacuna;lacuna
8047;Fazenda Poranga II - III;Sorriso;0;0;2;6;8;lacuna;lacuna
20063;Fazenda Possamai;Sorriso;0;0;2;6;8;lacuna;lacuna
30796;Fazenda Possamai II;Sorriso;0;0;2;6;8;lacuna;lacuna
8051;Fazenda Potrich;Sorriso;0;0;2;6;8;lacuna;lacuna
36512;Fazenda Potrich II, IV e V;Sorriso;0;0;2;6;8;lacuna;lacuna
37539;Fazenda Prediger III;Boa Esperança do Norte;0;0;2;6;8;lacuna;lacuna
20148;Fazenda Progresso;Nova Mutum;0;0;2;6;8;lacuna;lacuna
5776;Fazenda Progresso;Tabaporã;0;0;2;6;8;lacuna;lacuna
8044;Fazenda Quatrilho;Santa Rita do Trivelato;0;0;2;6;8;lacuna;lacuna
35165;Fazenda Ranchinho ? Barramento (Principal);Nova Maringá;0;0;2;6;8;lacuna;lacuna
8048;Fazenda Recanto II e III;Sorriso;0;0;2;6;8;lacuna;lacuna
8052;Fazenda Reolon;Sorriso;0;0;2;6;8;lacuna;lacuna
73;Fazenda Reunidas Filipinas;Santa Cruz do Xingu;0;0;2;6;8;lacuna;lacuna
36513;Fazenda Reunidas do Papagaio - Barramento Jusante;Sapezal;0;0;2;6;8;lacuna;lacuna
36514;Fazenda Reunidas do Papagaio - Barramento Montante;Sapezal;0;0;2;6;8;lacuna;lacuna
5786;Fazenda Rio Verde III ? Barramento 3;Sorriso;0;0;2;6;8;lacuna;lacuna
35236;Fazenda Roberto I ? Barragem principal;Brasnorte;0;0;2;6;8;lacuna;lacuna
28805;Fazenda Roncador;Querência;0;0;2;6;8;lacuna;lacuna
35252;Fazenda Roncador - Tanque Pulmão 2;Querência;0;0;2;6;8;lacuna;lacuna
36540;Fazenda Rubin II;Sorriso;0;0;2;6;8;lacuna;lacuna
36565;Fazenda Santa Clara ? Área B;Poxoréu;0;0;2;6;8;lacuna;lacuna
27881;Fazenda Santa Fé;Santa Cruz do Xingu;0;0;2;6;8;lacuna;lacuna
28616;Fazenda Santa Fé;Santa Cruz do Xingu;0;0;2;6;8;lacuna;lacuna
31105;Fazenda Santa Helena;Marcelândia;0;0;2;6;8;lacuna;lacuna
37416;Fazenda Santa Helena -  Montante 1;Alta Floresta;0;0;2;6;8;lacuna;lacuna
20050;Fazenda Santa Helena - Barramento 01;Alta Floresta;0;0;2;6;8;lacuna;lacuna
37432;Fazenda Santa Helena - Barramento 02;Alta Floresta;0;0;2;6;8;lacuna;lacuna
19978;Fazenda Santa Lourdes;Água Boa;0;0;2;6;8;lacuna;lacuna
20138;Fazenda Santa Luzia;Várzea Grande;0;0;2;6;8;lacuna;lacuna
36554;Fazenda Santa Lúcia;Nova Ubiratã;0;0;2;6;8;lacuna;lacuna
8093;Fazenda Santa Maria;Itiquira;0;0;2;6;8;lacuna;lacuna
219;Fazenda Santa Maria;Primavera do Leste;0;0;2;6;8;lacuna;lacuna
36497;Fazenda Santa Maria ? Barramento II;Itiquira;0;0;2;6;8;lacuna;lacuna
21006;Fazenda Santa Marina;Santa Cruz do Xingu;0;0;2;6;8;lacuna;lacuna
27283;Fazenda Santa Regina;Ipiranga do Norte;0;0;2;6;8;lacuna;lacuna
36525;Fazenda Santa Rita de Cássia;Sorriso;0;0;2;6;8;lacuna;lacuna
20059;Fazenda Santa Rosa;Sorriso;0;0;2;6;8;lacuna;lacuna
278;Fazenda Santo Antonio 3;Campo Verde;0;0;2;6;8;lacuna;lacuna
389;Fazenda Santo Antonio I;Lucas do Rio Verde;0;0;2;6;8;lacuna;lacuna
5780;Fazenda Santo Antonio I;Sorriso;0;0;2;6;8;lacuna;lacuna
36508;Fazenda Santo Antônio;Santa Carmem;0;0;2;6;8;lacuna;lacuna
19993;Fazenda Santo Antônio II;Sorriso;0;0;2;6;8;lacuna;lacuna
36352;Fazenda Santo Antônio do Membeca;Campo Novo do Parecis;0;0;2;6;8;lacuna;lacuna
5797;Fazenda Santo Rosseto;Sorriso;0;0;2;6;8;lacuna;lacuna
32377;Fazenda Sant’Ana de Vargem Grande – Barramento 1 (Principal);Gaúcha do Norte;0;0;2;6;8;lacuna;lacuna
35491;Fazenda Schneider - Lote Rural nº69 ? Reservatório Pulmão;Querência;0;0;2;6;8;lacuna;lacuna
31556;Fazenda Selva de Pedra;Denise;0;0;2;6;8;lacuna;lacuna
8055;Fazenda Sempre Verde;Sorriso;0;0;2;6;8;lacuna;lacuna
5298;Fazenda Serra Negra;Vila Bela da Santíssima Trindade;0;0;2;6;8;lacuna;lacuna
8056;Fazenda Sorriso;Nova Ubiratã;0;0;2;6;8;lacuna;lacuna
36510;Fazenda Sossego;Nova Mutum;0;0;2;6;8;lacuna;lacuna
8102;Fazenda Sucuri;Itiquira;0;0;2;6;8;lacuna;lacuna
19997;Fazenda São Filipe;Sorriso;0;0;2;6;8;lacuna;lacuna
37441;Fazenda São Francisco;Rondonópolis;0;0;2;6;8;lacuna;lacuna
20072;Fazenda São Jose;Sorriso;0;0;2;6;8;lacuna;lacuna
20135;Fazenda São Jose;Várzea Grande;0;0;2;6;8;lacuna;lacuna
20176;Fazenda São José;Nova Mutum;0;0;2;6;8;lacuna;lacuna
35396;Fazenda São José;Rosário Oeste;0;0;2;6;8;lacuna;lacuna
7965;Fazenda São João VIII;Brasnorte;0;0;2;6;8;lacuna;lacuna
8101;Fazenda São Judas;Primavera do Leste;0;0;2;6;8;lacuna;lacuna
279;Fazenda São Judas Tadeu;Primavera do Leste;0;0;2;6;8;lacuna;lacuna
8103;Fazenda São Luiz - Barragem 01;Primavera do Leste;0;0;2;6;8;lacuna;lacuna
8104;Fazenda São Luiz - Barragem 02;Primavera do Leste;0;0;2;6;8;lacuna;lacuna
8100;Fazenda São Luiz - Barragem 03;Primavera do Leste;0;0;2;6;8;lacuna;lacuna
8099;Fazenda São Luiz - Barragem 04;Primavera do Leste;0;0;2;6;8;lacuna;lacuna
35171;Fazenda São Luiz - Barramento 1 - Principal;São Félix do Araguaia;0;0;2;6;8;lacuna;lacuna
35178;Fazenda São Luiz - Barramento 1 Principal;São Félix do Araguaia;0;0;2;6;8;lacuna;lacuna
27906;Fazenda São Marcos A;Ipiranga do Norte;0;0;2;6;8;lacuna;lacuna
332;Fazenda São Martinho XII - 2;Sorriso;0;0;2;6;8;lacuna;lacuna
5608;Fazenda São Miguel;Ipiranga do Norte;0;0;2;6;8;lacuna;lacuna
36652;Fazenda São Miguel ? Barramento 02;Ipiranga do Norte;0;0;2;6;8;lacuna;lacuna
20127;Fazenda São Paulo;Água Boa;0;0;2;6;8;lacuna;lacuna
5;Fazenda São Pedro;Porto Esperidião;0;0;2;6;8;lacuna;lacuna
37360;Fazenda São Pedro do Parecis;Campo Novo do Parecis;0;0;2;6;8;lacuna;lacuna
8063;Fazenda São Pedro do jatobá II;Jaciara;0;0;2;6;8;lacuna;lacuna
363;Fazenda São Roque II;Sorriso;0;0;2;6;8;lacuna;lacuna
32906;Fazenda São Roque II e São João – Barragem I;Vera;0;0;2;6;8;lacuna;lacuna
27405;Fazenda Taguá I;Vera;0;0;2;6;8;lacuna;lacuna
27354;Fazenda Taguá I - Barragem II;Vera;0;0;2;6;8;lacuna;lacuna
34019;Fazenda Talismã II;Nova Ubiratã;0;0;2;6;8;lacuna;lacuna
30131;Fazenda Tanguro;Canarana;0;0;2;6;8;lacuna;lacuna
27377;Fazenda Tereré;Tapurah;0;0;2;6;8;lacuna;lacuna
36521;Fazenda Toca da Onça ? Barramento 01;Sorriso;0;0;2;6;8;lacuna;lacuna
7977;Fazenda Triangulo;Nova Olímpia;0;0;2;6;8;lacuna;lacuna
30856;Fazenda Tropeiro Velho;Sorriso;0;0;2;6;8;lacuna;lacuna
32034;Fazenda Três Marcos – Barragem 1;Água Boa;0;0;2;6;8;lacuna;lacuna
35824;Fazenda Três Marias ? Barramento;Ribeirão Cascalheira;0;0;2;6;8;lacuna;lacuna
7976;Fazenda Tucano;Barra do Bugres;0;0;2;6;8;lacuna;lacuna
35702;Fazenda Tupi;Ipiranga do Norte;0;0;2;6;8;lacuna;lacuna
35703;Fazenda Tupi;Ipiranga do Norte;0;0;2;6;8;lacuna;lacuna
5622;Fazenda Tupi Barão;Ipiranga do Norte;0;0;2;6;8;lacuna;lacuna
20147;Fazenda Urupianga;Vila Rica;0;0;2;6;8;lacuna;lacuna
8031;Fazenda Vale do Rio Verde;Tapurah;0;0;2;6;8;lacuna;lacuna
8032;Fazenda Vale do Rio Verde;Tapurah;0;0;2;6;8;lacuna;lacuna
36538;Fazenda Vale do Rio Verde - Barragem Vale 01;Tapurah;0;0;2;6;8;lacuna;lacuna
36623;Fazenda Varjão;Poxoréu;0;0;2;6;8;lacuna;lacuna
37527;Fazenda Ventania;Nova Mutum;0;0;2;6;8;lacuna;lacuna
36576;Fazenda Vera Cruz do Xingú;Canarana;0;0;2;6;8;lacuna;lacuna
35460;Fazenda Vila Nova ? Barragem I;São José do Rio Claro;0;0;2;6;8;lacuna;lacuna
26332;Fazenda Vila Rica I;Vila Rica;0;0;2;6;8;lacuna;lacuna
20066;Fazenda Vitoria;Sorriso;0;0;2;6;8;lacuna;lacuna
307;Fazenda Vitória;Sorriso;0;0;2;6;8;lacuna;lacuna
35212;Fazenda Vitória ? Reservatório Pulmão;Dom Aquino;0;0;2;6;8;lacuna;lacuna
35098;Fazenda Zeniiti III (Barramento 6);Alta Floresta;0;0;2;6;8;lacuna;lacuna
31920;Fazenda Zeniiti III - Barramento 4;Alta Floresta;0;0;2;6;8;lacuna;lacuna
34468;Fazenda Zeniiti III – Barramento 05;Alta Floresta;0;0;2;6;8;lacuna;lacuna
20058;Fazenda Água Azul;Sorriso;0;0;2;6;8;lacuna;lacuna
26328;Fazenda Água Boa;Poxoréu;0;0;2;6;8;lacuna;lacuna
20057;Fazenda Água Branca;Sorriso;0;0;2;6;8;lacuna;lacuna
35162;Fazenda Água Branca - Barramento;Campo Verde;0;0;2;6;8;lacuna;lacuna
26673;Galerinha;Vila Bela da Santíssima Trindade;0;0;2;6;8;lacuna;lacuna
26537;Gilmar Mioranza;Nova Santa Helena;0;0;2;6;8;lacuna;lacuna
21003;Gleba Barranqueira XIII;Cáceres;0;0;2;6;8;lacuna;lacuna
21004;Gleba Barranqueira XIII;Cáceres;0;0;2;6;8;lacuna;lacuna
21005;Gleba Barranqueira XIII;Cáceres;0;0;2;6;8;lacuna;lacuna
21013;Gleba Tarumã;Vila Bela da Santíssima Trindade;0;0;2;6;8;lacuna;lacuna
5316;JBS S.A - S.J. DOS QUATRO MARCOS;São José dos Quatro Marcos;0;0;2;6;8;lacuna;lacuna
31174;LOTES 79 E 80;Sinop;0;0;2;6;8;lacuna;lacuna
31175;LOTES 79 E 80;Sinop;0;0;2;6;8;lacuna;lacuna
30900;Lagemann;Ipiranga do Norte;0;0;2;6;8;lacuna;lacuna
31629;Lago Azul;Nova Mutum;0;0;2;6;8;lacuna;lacuna
27954;Lago Recreativo Cuiabá;Cuiabá;0;0;2;6;8;lacuna;lacuna
35535;Lote Rural N°76;Querência;0;0;2;6;8;lacuna;lacuna
36099;Lote nº 316;Cláudia;0;0;2;6;8;lacuna;lacuna
31620;Loteamento Brisas do Campo;Cuiabá;0;0;2;6;8;lacuna;lacuna
32445;Mangaba e Aterrado;Cuiabá;0;0;2;6;8;lacuna;lacuna
20083;Marfrig;Tangará da Serra;0;0;2;6;8;lacuna;lacuna
30836;Mariana IB;Poxoréu;0;0;2;6;8;lacuna;lacuna
28886;Mariana II;Poxoréu;0;0;2;6;8;lacuna;lacuna
22390;Massa d'Água #100513;Alto Boa Vista;0;0;2;6;8;lacuna;lacuna
22392;Massa d'Água #101453;Alto Boa Vista;0;0;2;6;8;lacuna;lacuna
22393;Massa d'Água #102561;Brasnorte;0;0;2;6;8;lacuna;lacuna
22394;Massa d'Água #102797;Brasnorte;0;0;2;6;8;lacuna;lacuna
22395;Massa d'Água #102961;Alto Boa Vista;0;0;2;6;8;lacuna;lacuna
22396;Massa d'Água #102989;Santa Terezinha;0;0;2;6;8;lacuna;lacuna
22398;Massa d'Água #103693;Bom Jesus do Araguaia;0;0;2;6;8;lacuna;lacuna
22403;Massa d'Água #105287;Luciara;0;0;2;6;8;lacuna;lacuna
22407;Massa d'Água #107029;Querência;0;0;2;6;8;lacuna;lacuna
22421;Massa d'Água #111714;Alto Boa Vista;0;0;2;6;8;lacuna;lacuna
22422;Massa d'Água #111848;Alto Boa Vista;0;0;2;6;8;lacuna;lacuna
22434;Massa d'Água #116795;Querência;0;0;2;6;8;lacuna;lacuna
22435;Massa d'Água #117161;Comodoro;0;0;2;6;8;lacuna;lacuna
22448;Massa d'Água #121634;Brasnorte;0;0;2;6;8;lacuna;lacuna
22459;Massa d'Água #125702;Pontes e Lacerda;0;0;2;6;8;lacuna;lacuna
22464;Massa d'Água #127461;Brasnorte;0;0;2;6;8;lacuna;lacuna
22465;Massa d'Água #127642;Brasnorte;0;0;2;6;8;lacuna;lacuna
22468;Massa d'Água #129111;Alto Boa Vista;0;0;2;6;8;lacuna;lacuna
22469;Massa d'Água #129310;Alto Boa Vista;0;0;2;6;8;lacuna;lacuna
22488;Massa d'Água #137078;Alto Boa Vista;0;0;2;6;8;lacuna;lacuna
22490;Massa d'Água #137748;São Félix do Araguaia;0;0;2;6;8;lacuna;lacuna
22492;Massa d'Água #137918;Alto Boa Vista;0;0;2;6;8;lacuna;lacuna
22493;Massa d'Água #138208;Brasnorte;0;0;2;6;8;lacuna;lacuna
22496;Massa d'Água #138439;Alto Boa Vista;0;0;2;6;8;lacuna;lacuna
22498;Massa d'Água #139258;Pontes e Lacerda;0;0;2;6;8;lacuna;lacuna
22500;Massa d'Água #139738;Alto Boa Vista;0;0;2;6;8;lacuna;lacuna
22502;Massa d'Água #140018;Alto Boa Vista;0;0;2;6;8;lacuna;lacuna
22503;Massa d'Água #140377;Pontes e Lacerda;0;0;2;6;8;lacuna;lacuna
22511;Massa d'Água #142297;São Félix do Araguaia;0;0;2;6;8;lacuna;lacuna
22513;Massa d'Água #143022;Alto Boa Vista;0;0;2;6;8;lacuna;lacuna
22517;Massa d'Água #143787;Santa Terezinha;0;0;2;6;8;lacuna;lacuna
22519;Massa d'Água #144145;Alto Boa Vista;0;0;2;6;8;lacuna;lacuna
22532;Massa d'Água #147210;São Félix do Araguaia;0;0;2;6;8;lacuna;lacuna
22539;Massa d'Água #149061;Brasnorte;0;0;2;6;8;lacuna;lacuna
22540;Massa d'Água #149722;São Félix do Araguaia;0;0;2;6;8;lacuna;lacuna
22551;Massa d'Água #150115;Alto Boa Vista;0;0;2;6;8;lacuna;lacuna
22560;Massa d'Água #151451;Brasnorte;0;0;2;6;8;lacuna;lacuna
22564;Massa d'Água #151821;Alto Boa Vista;0;0;2;6;8;lacuna;lacuna
22565;Massa d'Água #151852;Alto Boa Vista;0;0;2;6;8;lacuna;lacuna
22567;Massa d'Água #152660;Alto Boa Vista;0;0;2;6;8;lacuna;lacuna
22569;Massa d'Água #153877;São Félix do Araguaia;0;0;2;6;8;lacuna;lacuna
22570;Massa d'Água #154055;São Félix do Araguaia;0;0;2;6;8;lacuna;lacuna
22574;Massa d'Água #155534;Alto Boa Vista;0;0;2;6;8;lacuna;lacuna
22607;Massa d'Água #158075;Bom Jesus do Araguaia;0;0;2;6;8;lacuna;lacuna
22613;Massa d'Água #160670;Brasnorte;0;0;2;6;8;lacuna;lacuna
22615;Massa d'Água #160929;Alto Boa Vista;0;0;2;6;8;lacuna;lacuna
22619;Massa d'Água #161814;São Félix do Araguaia;0;0;2;6;8;lacuna;lacuna
22621;Massa d'Água #162788;Pontes e Lacerda;0;0;2;6;8;lacuna;lacuna
22624;Massa d'Água #163699;São Félix do Araguaia;0;0;2;6;8;lacuna;lacuna
22630;Massa d'Água #164671;Alto Boa Vista;0;0;2;6;8;lacuna;lacuna
22641;Massa d'Água #166622;Alto Boa Vista;0;0;2;6;8;lacuna;lacuna
23391;Massa d'Água #170373;Sapezal;0;0;2;6;8;lacuna;lacuna
23395;Massa d'Água #172010;Brasnorte;0;0;2;6;8;lacuna;lacuna
23398;Massa d'Água #172607;São Félix do Araguaia;0;0;2;6;8;lacuna;lacuna
23401;Massa d'Água #174258;São Félix do Araguaia;0;0;2;6;8;lacuna;lacuna
23404;Massa d'Água #178229;Brasnorte;0;0;2;6;8;lacuna;lacuna
23498;Massa d'Água #182958;São Félix do Araguaia;0;0;2;6;8;lacuna;lacuna
23512;Massa d'Água #188820;Alto Boa Vista;0;0;2;6;8;lacuna;lacuna
23573;Massa d'Água #191605;Brasnorte;0;0;2;6;8;lacuna;lacuna
23587;Massa d'Água #196269;Alto Boa Vista;0;0;2;6;8;lacuna;lacuna
23592;Massa d'Água #197494;São Félix do Araguaia;0;0;2;6;8;lacuna;lacuna
23594;Massa d'Água #198298;Brasnorte;0;0;2;6;8;lacuna;lacuna
23599;Massa d'Água #200215;Alto Boa Vista;0;0;2;6;8;lacuna;lacuna
23600;Massa d'Água #201014;Alto Boa Vista;0;0;2;6;8;lacuna;lacuna
23602;Massa d'Água #201444;Brasnorte;0;0;2;6;8;lacuna;lacuna
23632;Massa d'Água #203851;Nova Maringá;0;0;2;6;8;lacuna;lacuna
23634;Massa d'Água #203966;Alto Boa Vista;0;0;2;6;8;lacuna;lacuna
23642;Massa d'Água #204819;São Félix do Araguaia;0;0;2;6;8;lacuna;lacuna
23646;Massa d'Água #205134;Brasnorte;0;0;2;6;8;lacuna;lacuna
23657;Massa d'Água #208270;Brasnorte;0;0;2;6;8;lacuna;lacuna
23671;Massa d'Água #212282;Alto Boa Vista;0;0;2;6;8;lacuna;lacuna
23678;Massa d'Água #216360;Alto Boa Vista;0;0;2;6;8;lacuna;lacuna
23704;Massa d'Água #217286;Alto Boa Vista;0;0;2;6;8;lacuna;lacuna
23711;Massa d'Água #218398;Brasnorte;0;0;2;6;8;lacuna;lacuna
23746;Massa d'Água #221315;Alto Boa Vista;0;0;2;6;8;lacuna;lacuna
23755;Massa d'Água #223691;Brasnorte;0;0;2;6;8;lacuna;lacuna
23757;Massa d'Água #224375;Canarana;0;0;2;6;8;lacuna;lacuna
23760;Massa d'Água #224991;Brasnorte;0;0;2;6;8;lacuna;lacuna
23767;Massa d'Água #226576;Santa Terezinha;0;0;2;6;8;lacuna;lacuna
23768;Massa d'Água #226789;Alto Boa Vista;0;0;2;6;8;lacuna;lacuna
23769;Massa d'Água #227046;General Carneiro;0;0;2;6;8;lacuna;lacuna
23774;Massa d'Água #228290;São Félix do Araguaia;0;0;2;6;8;lacuna;lacuna
23784;Massa d'Água #233184;Brasnorte;0;0;2;6;8;lacuna;lacuna
23789;Massa d'Água #234042;Alto Boa Vista;0;0;2;6;8;lacuna;lacuna
23791;Massa d'Água #234391;São Félix do Araguaia;0;0;2;6;8;lacuna;lacuna
23809;Massa d'Água #237472;São Félix do Araguaia;0;0;2;6;8;lacuna;lacuna
23810;Massa d'Água #237564;Alto Boa Vista;0;0;2;6;8;lacuna;lacuna
23811;Massa d'Água #237597;Brasnorte;0;0;2;6;8;lacuna;lacuna
23813;Massa d'Água #240264;Comodoro;0;0;2;6;8;lacuna;lacuna
23815;Massa d'Água #240888;Brasnorte;0;0;2;6;8;lacuna;lacuna
23871;Massa d'Água #243819;Rondolândia;0;0;2;6;8;lacuna;lacuna
23873;Massa d'Água #243832;Vila Bela da Santíssima Trindade;0;0;2;6;8;lacuna;lacuna
23878;Massa d'Água #243864;Rondolândia;0;0;2;6;8;lacuna;lacuna
22223;Massa d'Água #56662;São Félix do Araguaia;0;0;2;6;8;lacuna;lacuna
22224;Massa d'Água #57710;Alto Boa Vista;0;0;2;6;8;lacuna;lacuna
22230;Massa d'Água #65759;Bom Jesus do Araguaia;0;0;2;6;8;lacuna;lacuna
22259;Massa d'Água #69653;Brasnorte;0;0;2;6;8;lacuna;lacuna
22260;Massa d'Água #69922;Brasnorte;0;0;2;6;8;lacuna;lacuna
22263;Massa d'Água #70232;General Carneiro;0;0;2;6;8;lacuna;lacuna
22264;Massa d'Água #70517;São Félix do Araguaia;0;0;2;6;8;lacuna;lacuna
22279;Massa d'Água #76964;Brasnorte;0;0;2;6;8;lacuna;lacuna
22307;Massa d'Água #79702;Brasnorte;0;0;2;6;8;lacuna;lacuna
22322;Massa d'Água #83563;Brasnorte;0;0;2;6;8;lacuna;lacuna
22327;Massa d'Água #84492;Alto Boa Vista;0;0;2;6;8;lacuna;lacuna
22330;Massa d'Água #85328;Alto Boa Vista;0;0;2;6;8;lacuna;lacuna
22331;Massa d'Água #86130;Brasnorte;0;0;2;6;8;lacuna;lacuna
22335;Massa d'Água #87134;Brasnorte;0;0;2;6;8;lacuna;lacuna
22371;Massa d'Água #91738;Alto Boa Vista;0;0;2;6;8;lacuna;lacuna
22374;Massa d'Água #94452;Pontes e Lacerda;0;0;2;6;8;lacuna;lacuna
22379;Massa d'Água #95945;Brasnorte;0;0;2;6;8;lacuna;lacuna
8065;Matrícula 7164, 2464, 2095 e 2096;Nova Ubiratã;0;0;2;6;8;lacuna;lacuna
7957;Mineração Dardanelos;Aripuanã;0;0;2;6;8;lacuna;lacuna
5147;PCH ARS - BARRAGEM;Nova Ubiratã;0;0;2;6;8;lacuna;lacuna
4564;PCH Alto Araguaia - Alto Araguaia;Alto Araguaia;0;0;2;6;8;lacuna;lacuna
20619;PCH Alto Paraguai (Pedro Pedrossian) - Alto Paraguai;Diamantino;0;0;2;6;8;lacuna;lacuna
4715;PCH Antônio Brennand (Antiga  Alto Jauru) - Antônio Brennand;Jauru;0;0;3;5;8;nao;lacuna
4959;PCH Baruíto - Baruíto;Campo Novo do Parecis;0;0;2;6;8;lacuna;lacuna
22738;PCH Beleza - PCH BELEZA;Juscimeira;0;0;2;6;8;lacuna;lacuna
4679;PCH Braço Norte - Braço Norte;Guarantã do Norte;0;0;2;6;8;lacuna;lacuna
35614;PCH Braço Sul - Braço Sul;Guarantã do Norte;0;0;2;6;8;lacuna;lacuna
20572;PCH Buriti - PCH Buriti;Sapezal;0;0;2;6;8;lacuna;lacuna
4554;PCH Cabixi II - CABIXI II;Comodoro;0;0;2;6;8;lacuna;lacuna
4931;PCH Casca II - B01 - CASCA I;Chapada dos Guimarães;0;0;2;6;8;lacuna;lacuna
20618;PCH Casca II - B02 - Ponte Alta;Chapada dos Guimarães;0;0;2;6;8;lacuna;lacuna
4338;PCH Culuene - Culuene;Paranatinga;0;0;2;6;8;lacuna;lacuna
4668;PCH Divisa - Divisa;Campos de Júlio;0;0;2;6;8;lacuna;lacuna
23104;PCH Engenheiro José Gelásio da Rocha - Canal de Adução;Rondonópolis;0;0;2;6;8;lacuna;lacuna
4178;PCH Esperança - DESVIO;Comodoro;0;0;2;6;8;lacuna;lacuna
5154;PCH Faxinal II - PCH FAXINAL II;Aripuanã;0;0;3;5;8;nao;lacuna
34227;PCH Faxinal II - PCH FAXINAL II;Aripuanã;0;0;2;6;8;lacuna;lacuna
34181;PCH Foz do Cedro (Antiga A1E8) - 1;Sorriso;0;0;2;6;8;lacuna;lacuna
4278;PCH Inxú - S/N;Nova Maringá;0;0;3;5;8;nao;lacuna
34064;PCH Jesuíta - PCH Jesuíta;Sapezal;0;0;2;6;8;lacuna;lacuna
34186;PCH Juí 117 - NÃO POSSUI BARRAMENTO, DERIVAÇÃO LATERAL DIREITA;Comodoro;0;0;2;6;8;lacuna;lacuna
34160;PCH Mantovilis - Mantovilis;Santo Antônio de Leverger;0;0;2;6;8;lacuna;lacuna
4218;PCH Maracanã - Córrego Maracanã;Nova Marilândia;0;0;2;6;8;lacuna;lacuna
34847;PCH Mutum I - MUTUM-1;Santo Antônio de Leverger;0;0;2;6;8;lacuna;lacuna
34094;PCH Nova Guaporé - Nova Guaporé;Vale de São Domingos;0;0;2;6;8;lacuna;lacuna
4818;PCH Nova Mutum - PCH Nova Mutum;Nova Mutum;0;0;2;6;8;lacuna;lacuna
4967;PCH Pequi - Pequi;Jaciara;0;0;2;6;8;lacuna;lacuna
20471;PCH Recanto - PCH Recanto;Tangará da Serra;0;0;2;6;8;lacuna;lacuna
34078;PCH Rio Claro (Antiga Perdidos) - PCH Rio Claro;São José do Rio Claro;0;0;2;6;8;lacuna;lacuna
34809;PCH Rio Claro (Antiga Perdidos) - PCH Rio Claro;São José do Rio Claro;0;0;2;6;8;lacuna;lacuna
5034;PCH Rio Prata - prata;Comodoro;0;0;2;6;8;lacuna;lacuna
5123;PCH Rio do Sapo - 1;Tangará da Serra;0;0;2;6;8;lacuna;lacuna
23099;PCH Rondonópolis - Canal de Adução;Rondonópolis;0;0;2;6;8;lacuna;lacuna
4560;PCH Sacre II - (NÃO EXISTE BARRAGEM NESTA USINA);Brasnorte;0;0;3;5;8;nao;lacuna
4726;PCH Santa Lúcia - Barramento Central;Sapezal;0;0;2;6;8;lacuna;lacuna
5025;PCH Santa Lúcia II - Barramento Central;Sapezal;0;0;2;6;8;lacuna;lacuna
4207;PCH Sete Quedas Alta - Sete Quedas Alta;Juscimeira;0;0;3;5;8;nao;lacuna
4548;PCH São Domingos (Torixoréo) - Torixoréo;Ribeirãozinho;0;0;2;6;8;lacuna;lacuna
5065;PCH Água Brava - Brava;Juscimeira;0;0;2;6;8;lacuna;lacuna
4798;PCH Água Prata - Prata;Jaciara;0;0;2;6;8;lacuna;lacuna
19994;PDS Bordolândia;Bom Jesus do Araguaia;0;0;2;6;8;lacuna;lacuna
26333;PREFEITURA MUNICIPAL DE CONFRESA;Confresa;0;0;2;6;8;lacuna;lacuna
8064;PREFEITURA MUNICIPAL DE TERRA NOVA DO NORTE;Terra Nova do Norte;0;0;2;6;8;lacuna;lacuna
20131;PRINCIPAL 2A;Alta Floresta;0;0;2;6;8;lacuna;lacuna
36535;PRODULIRA;Sorriso;0;0;2;6;8;lacuna;lacuna
27780;Palmital Grande;Denise;0;0;2;6;8;lacuna;lacuna
31361;Pascoal;Querência;0;0;2;6;8;lacuna;lacuna
8094;Piscicultura Arco Iris;Dom Aquino;0;0;2;6;8;lacuna;lacuna
340;Piscicultura São Rafael;Nossa Senhora do Livramento;0;0;2;6;8;lacuna;lacuna
20067;Ponte de Pedra;Itiquira;0;0;2;6;8;lacuna;lacuna
36101;Prefeitura Municipal de Juara;Juara;0;0;2;6;8;lacuna;lacuna
31561;Prefeitura Municipal de Lucas do Rio Verde;Lucas do Rio Verde;0;0;2;6;8;lacuna;lacuna
26331;Prefeitura Municipal de Nova Santa Helena;Nova Santa Helena;0;0;2;6;8;lacuna;lacuna
5751;Prefeitura de LUCAS DO RIO VERDE;Lucas do Rio Verde;0;0;2;6;8;lacuna;lacuna
5318;REPRESA CARNAIBA;Mirassol d'Oeste;0;0;2;6;8;lacuna;lacuna
5319;REPRESA SIGLA;Mirassol d'Oeste;0;0;2;6;8;lacuna;lacuna
35825;RESERVATÓRIO 1 - FAZENDA NOVA CONQUISTA;Novo São Joaquim;0;0;2;6;8;lacuna;lacuna
35249;RESERVATÓRIO ELDORADO;Nova Xavantina;0;0;2;6;8;lacuna;lacuna
34713;Rancho Queixo Duro I;Sorriso;0;0;2;6;8;lacuna;lacuna
339;Refugio dos Pardais;Alta Floresta;0;0;2;6;8;lacuna;lacuna
32261;Represa da Estrada;Cuiabá;0;0;2;6;8;lacuna;lacuna
31286;Reservatório  B1;Cuiabá;0;0;2;6;8;lacuna;lacuna
36566;Reservatório Artificial - Fazenda Nossa Senhora Aparecida;Sorriso;0;0;2;6;8;lacuna;lacuna
36666;Reservatório Goiana I;Querência;0;0;2;6;8;lacuna;lacuna
36476;Reservatório Milênio;Campo Novo do Parecis;0;0;2;6;8;lacuna;lacuna
36069;Reservatório São José;Poxoréu;0;0;2;6;8;lacuna;lacuna
36633;Reservatório São Matheus;Querência;0;0;2;6;8;lacuna;lacuna
36536;Reservatório artificial - Fazenda Gardin III;Vera;0;0;2;6;8;lacuna;lacuna
36408;Reservatório artificial - Fazenda Iberê;Primavera do Leste;0;0;2;6;8;lacuna;lacuna
36567;Reservatório artificial ? Fazenda São Miguel I;Sorriso;0;0;2;6;8;lacuna;lacuna
31011;Reservatório de Água P.R.A.;Pontes e Lacerda;0;0;2;6;8;lacuna;lacuna
20152;Ribeirão Sossego;Sorriso;0;0;2;6;8;lacuna;lacuna
35105;Roncador VI SEDE;Querência;0;0;2;6;8;lacuna;lacuna
26536;SAAF;Nossa Senhora do Livramento;0;0;2;6;8;lacuna;lacuna
31258;Salinas;Nossa Senhora do Livramento;0;0;2;6;8;lacuna;lacuna
277;Santa Juliana I;Campo Verde;0;0;3;5;8;nao;lacuna
276;Santa Juliana II;Campo Verde;0;0;2;6;8;lacuna;lacuna
34508;Santa Terezinha;Querência;0;0;2;6;8;lacuna;lacuna
27890;Sitio Morada das Rosas;Tangará da Serra;0;0;2;6;8;lacuna;lacuna
5328;Sitio Pica Pau;Tangará da Serra;0;0;2;6;8;lacuna;lacuna
26538;Sitio Pirapora;Nossa Senhora do Livramento;0;0;2;6;8;lacuna;lacuna
37396;Solimões Indústria e Comércio de Óleos e Proteínas Ltda ? Barragem I;Nossa Senhora do Livramento;0;0;2;6;8;lacuna;lacuna
360;Sítio Boa Vista;Rondonópolis;0;0;2;6;8;lacuna;lacuna
35636;Sítio Bom Futuro;Nova Ubiratã;0;0;2;6;8;lacuna;lacuna
31769;Sítio Estrela;Tangará da Serra;0;0;2;6;8;lacuna;lacuna
36611;Sítio Navarro I;Vera;0;0;2;6;8;lacuna;lacuna
36350;Sítio Nossa Senhora Aparecida;Tangará da Serra;0;0;2;6;8;lacuna;lacuna
34631;Sítio Recanto Feliz – Lote Nº 131-B;Vera;0;0;2;6;8;lacuna;lacuna
21002;Sítio Santa Helena;Rondolândia;0;0;2;6;8;lacuna;lacuna
20146;Sítio São José;Nova Marilândia;0;0;2;6;8;lacuna;lacuna
333;Sítio São Judas Tadeu;Alta Floresta;0;0;2;6;8;lacuna;lacuna
37415;Sítio São Vicente;Sorriso;0;0;2;6;8;lacuna;lacuna
22397;T.I Sangradouro;General Carneiro;0;0;2;6;8;lacuna;lacuna
35482;Tanque Cascata Produtiva;Serra Nova Dourada;0;0;2;6;8;lacuna;lacuna
35322;Tanque Pulmão - Reservatório 1;Primavera do Leste;0;0;2;6;8;lacuna;lacuna
35286;Tanque Pulmão - Reservatório 2;Primavera do Leste;0;0;2;6;8;lacuna;lacuna
35257;Tanque Pulmão Agropecuária Roncador;Querência;0;0;2;6;8;lacuna;lacuna
37386;Tanque Pulmão Fazenda Jacarandá;Araguaiana;0;0;2;6;8;lacuna;lacuna
35083;Tanque Pulmão Trojan;Primavera do Leste;0;0;2;6;8;lacuna;lacuna
33358;Taquaral II;Nossa Senhora do Livramento;0;0;2;6;8;lacuna;lacuna
33360;Três Marias II;Ribeirão Cascalheira;0;0;2;6;8;lacuna;lacuna
34233;UHE Juruena - Barragem UHE Juruena;Sapezal;0;0;2;6;8;lacuna;lacuna
34145;UHE Manso - Barragem da Margem Direita;Chapada dos Guimarães;0;0;2;6;8;lacuna;lacuna
34146;UHE Manso - Barragem da Margem Esquerda;Chapada dos Guimarães;0;0;2;6;8;lacuna;lacuna
29564;UISA A;Barra do Bugres;0;0;2;6;8;lacuna;lacuna
30886;UISA A;Nova Olímpia;0;0;2;6;8;lacuna;lacuna
35701;V.S. de Souza & Cia LTDA ? Barramento;Rondonópolis;0;0;2;6;8;lacuna;lacuna
33981;Vila Rica IV;Vila Rica;0;0;2;6;8;lacuna;lacuna
34474;Vila Rica IX;Vila Rica;0;0;2;6;8;lacuna;lacuna
34471;Vila Rica VII;Vila Rica;0;0;2;6;8;lacuna;lacuna
34473;Vila Rica VIII;Vila Rica;0;0;2;6;8;lacuna;lacuna
20130;barramento 1B;Alta Floresta;0;0;2;6;8;lacuna;lacuna
20132;barramento 4;Alta Floresta;0;0;3;5;8;nao;lacuna
21935;córrego Sapateiro;Várzea Grande;0;0;2;6;8;lacuna;lacuna
26532;ÁGUAS DE PRIMAVERA LTDA;Primavera do Leste;0;0;2;6;8;lacuna;lacuna
34483;BARRAGEM MANAH 1;Nossa Senhora do Livramento;0;1;3;4;7;lacuna;lacuna
26448;Barragem 1 - PREFEITURA MUNICIPAL DE CAMPO VERDE;Campo Verde;1;0;1;6;7;lacuna;lacuna
31709;Barragem Chácara nº 270;Sinop;1;0;1;6;7;lacuna;lacuna
31656;Barragerm Chácara nº269;Sinop;1;0;1;6;7;lacuna;lacuna
32400;FAZENDA HARAS;Água Boa;1;0;1;6;7;lacuna;lacuna
4594;PCH São Tadeu I - São Tadeu I;Cuiabá;1;0;2;5;7;nao;lacuna
4336;UHE Juba II - Juba II;Barra do Bugres;1;0;2;5;7;nao;lacuna
26147;BR ÁGUA DE COCO;Nossa Senhora do Livramento;0;2;2;4;6;lacuna;lacuna
29381;BR03;Nossa Senhora do Livramento;1;1;2;4;6;lacuna;lacuna
21946;Fortuna;Pontes e Lacerda;1;1;3;3;6;nao;lacuna
26254;Neta;Nossa Senhora do Livramento;1;1;3;3;6;nao;lacuna
22164;T G de Souza;Nossa Senhora do Livramento;1;1;3;3;6;nao;lacuna
1267;BACIA DE REJEITO MINERGOLD;Nossa Senhora do Livramento;2;0;3;3;6;lacuna;lacuna
29888;BARRAGEM FAZENDA PANFLORA;Rosário Oeste;2;0;3;3;6;lacuna;lacuna
26240;BP-01;Nossa Senhora do Livramento;2;0;3;3;6;lacuna;lacuna
26241;BP-02;Nossa Senhora do Livramento;2;0;3;3;6;lacuna;lacuna
30913;Barragem Fazenda Adriana;Guiratinga;2;0;3;3;6;lacuna;lacuna
26236;Barragem Fazenda Aguassu;Nossa Senhora do Livramento;2;0;3;3;6;lacuna;lacuna
35148;Barragem Fazenda Ana Paula;Itiquira;2;0;3;3;6;lacuna;lacuna
35537;Barragem Fazenda Barreiro III;Sorriso;2;0;3;3;6;lacuna;lacuna
35379;Barragem Fazenda Belo Horizonte;Barra do Garças;2;0;3;3;6;lacuna;lacuna
36471;Barragem Fazenda Campina do Sul;Tapurah;2;0;3;3;6;lacuna;lacuna
35248;Barragem Fazenda Divisa;Vila Rica;2;0;3;3;6;lacuna;lacuna
34579;Barragem Fazenda Dois Filhos;Água Boa;2;0;3;3;6;lacuna;lacuna
35382;Barragem Fazenda Jaó II;Nova Xavantina;2;0;3;3;6;lacuna;lacuna
37420;Barragem Fazenda Laualo – Morada Nova;São Félix do Araguaia;2;0;3;3;6;lacuna;lacuna
37419;Barragem Fazenda Marajoara;Itiquira;2;0;3;3;6;lacuna;lacuna
31618;Barragem Fazenda Morada do Sol;Cáceres;2;0;3;3;6;lacuna;lacuna
31744;Barragem Fazenda Nossa Senhora Salete;Vera;2;0;3;3;6;lacuna;lacuna
36502;Barragem Fazenda Passo Fundo;Canarana;2;0;3;3;6;lacuna;lacuna
35239;Barragem Fazenda Sagarana;Canarana;2;0;3;3;6;lacuna;lacuna
35226;Barragem Fazenda Santa Fé do Colorado;Itiquira;2;0;3;3;6;lacuna;lacuna
35149;Barragem Fazenda Tocantins;Nova Ubiratã;2;0;3;3;6;lacuna;lacuna
21954;Barragem Magrini;Poconé;2;0;3;3;6;lacuna;lacuna
5169;CGH Diamante - Diamante;Nortelândia;2;0;1;5;6;ok;lacuna
787;CHICO;Poconé;2;0;3;3;6;lacuna;lacuna
26629;DIEGO;Poconé;2;0;3;3;6;lacuna;lacuna
31569;Fazenda Luta;Confresa;2;0;1;5;6;ok;lacuna
386;Fazenda Macape;Sorriso;2;0;1;5;6;nao;lacuna
894;LU;Poconé;2;0;3;3;6;lacuna;lacuna
26171;MULTI 1;Nossa Senhora do Livramento;2;0;3;3;6;lacuna;lacuna
5097;PCH Bocaiúva - PCH Bocaiúva;Brasnorte;2;0;1;5;6;ok;lacuna
4925;PCH Cabeça de Boi - Cabeça de Boi;Alta Floresta;2;0;1;5;6;nao;lacuna
5038;PCH Canoa Quebrada - 1;Sorriso;2;0;1;5;6;ok;lacuna
20617;PCH Casca III - Casca III;Chapada dos Guimarães;2;0;1;5;6;nao;lacuna
5159;PCH Da Fazenda - Da Fazenda;Alta Floresta;2;0;1;5;6;nao;lacuna
4955;PCH Figueirópolis - Figueirópolis;Indiavaí;2;0;1;5;6;ok;lacuna
4172;PCH Garganta da Jararaca - Garganta da Jararaca;Nova Maringá;2;0;1;5;6;ok;lacuna
20457;PCH Graça Brennand (Antiga Terra Santa)  - Dique Graça Brennand;Tangará da Serra;2;0;1;5;6;ok;lacuna
4297;PCH Graça Brennand (Antiga Terra Santa)  - Graça Brennand;Tangará da Serra;2;0;1;5;6;ok;lacuna
4202;PCH Indiavaí - Indiavaí;Jauru;2;0;1;5;6;ok;lacuna
4682;PCH Juína - Barragem da PCH Juína;Juína;2;0;1;5;6;ok;lacuna
4489;PCH Lajari - Barragem Laje;Alto Taquari;2;0;1;5;6;nao;lacuna
20534;PCH Lajari - Barragem Taquari;Alto Taquari;2;0;1;5;6;nao;lacuna
4518;PCH Ombreiras - Ombreiras;Araputanga;2;0;1;5;6;ok;lacuna
4410;PCH Pampeana - Pampeana;Tangará da Serra;2;0;1;5;6;ok;lacuna
4350;PCH Riacho Preto - PCH RIACHO PRETO;Querência;2;0;1;5;6;ok;lacuna
4487;PCH Salto - Salto;Indiavaí;2;0;1;5;6;ok;lacuna
4256;PCH Salto Corgão - Salto Corgão;Nova Lacerda;2;0;1;5;6;ok;lacuna
948;Rejeito;Juína;2;0;3;3;6;lacuna;lacuna
31954;SS RANCH;Cuiabá;2;0;1;5;6;ok;lacuna
4814;UHE Colíder - Colíder;Nova Canaã do Norte;2;0;1;5;6;ok;lacuna
4157;UHE Dardanelos - UHE Dardanelos;Aripuanã;2;0;1;5;6;ok;lacuna
5212;UHE Guaporé - Guaporé;Vale de São Domingos;2;0;1;5;6;ok;lacuna
20613;UHE Itiquira (Casas de Forças  I e  II)  - Canal de Adução I;Itiquira;2;0;1;5;6;ok;lacuna
20612;UHE Itiquira (Casas de Forças  I e  II)  - Dique da Câmara de Carga do Circuito I;Itiquira;2;0;1;5;6;ok;lacuna
4723;UHE Itiquira (Casas de Forças  I e  II)  - Itiquira;Itiquira;2;0;1;5;6;ok;lacuna
20615;UHE Jauru - Barragem Auxiliar;Vila Bela da Santíssima Trindade;2;0;1;5;6;ok;lacuna
5108;UHE Jauru - Barragem Principal;Vila Bela da Santíssima Trindade;2;0;1;5;6;ok;lacuna
4642;UHE Juba I - Juba I;Tangará da Serra;2;0;1;5;6;ok;lacuna
4436;UHE Manso - Barragem de Terra do Leito do Rio;Chapada dos Guimarães;2;0;1;5;6;ok;lacuna
4224;UHE Manso - Dique 1;Nobres;2;0;1;5;6;ok;lacuna
20601;UHE Manso - Dique 2;Chapada dos Guimarães;2;0;1;5;6;ok;lacuna
20602;UHE Manso - Dique 3;Chapada dos Guimarães;2;0;1;5;6;ok;lacuna
20603;UHE Manso - Dique 4;Chapada dos Guimarães;2;0;1;5;6;ok;lacuna
20604;UHE Manso - Dique 5;Chapada dos Guimarães;2;0;1;5;6;ok;lacuna
20605;UHE Manso - Dique 6;Chapada dos Guimarães;2;0;1;5;6;ok;lacuna
20606;UHE Manso - Dique 7;Chapada dos Guimarães;2;0;1;5;6;ok;lacuna
4946;UHE Ponte de Pedra - Barragem Principal;Itiquira;2;0;1;5;6;ok;lacuna
20480;UHE Ponte de Pedra - Canal de Adução;Itiquira;2;0;1;5;6;ok;lacuna
5140;UHE Salto Apiacás - Salto Apiacás;Juara;2;0;1;5;6;nao;lacuna
20653;UHE Sinop - Sinop;Cláudia;2;0;1;5;6;ok;lacuna
5056;UHE São Manoel - 1;Paranaíta;2;0;1;5;6;ok;lacuna
21944;Alvo Crente;Paranaíta;2;1;2;3;5;lacuna;lacuna
29886;B1;Araguaiana;2;1;2;3;5;lacuna;lacuna
35097;B1;Araguaiana;2;1;2;3;5;lacuna;lacuna
30462;BARRAGEM 01;Cláudia;2;1;2;3;5;lacuna;lacuna
35573;BARRAGEM DO POÇO;Pontes e Lacerda;2;1;2;3;5;lacuna;lacuna
37433;BARRAGEM PICOLÉ;Nossa Senhora do Livramento;2;1;2;3;5;lacuna;lacuna
35160;BARRAGEM SANTA TEREZINHA;Nova Santa Helena;2;1;2;3;5;lacuna;lacuna
21949;BARRAGEM ÁGUA BRANCA;Rosário Oeste;2;1;2;3;5;lacuna;lacuna
29384;BR SANTA FELICIDADE 04;Nossa Senhora do Livramento;2;1;2;3;5;lacuna;lacuna
26265;BRAVO II;Várzea Grande;2;1;2;3;5;lacuna;lacuna
31525;BRAVO IV;Várzea Grande;2;1;2;3;5;lacuna;lacuna
27626;Barragem - Valdenir;Nossa Senhora do Livramento;2;1;2;3;5;lacuna;lacuna
29953;Barragem 02;Cláudia;2;1;2;3;5;lacuna;lacuna
26130;Barragem B1;Nossa Senhora do Livramento;2;1;2;3;5;lacuna;lacuna
34856;Barragem GMX;Nossa Senhora do Livramento;2;1;2;3;5;lacuna;lacuna
35168;Barragem Jatobá ? Principal;Vila Bela da Santíssima Trindade;2;1;2;3;5;lacuna;lacuna
29377;Barragem MSJ;Cuiabá;2;1;2;3;5;lacuna;lacuna
27627;Barragem Novo Astro;Nova Bandeirantes;2;1;2;3;5;lacuna;lacuna
34737;Barragem PM1;Juruena;2;1;2;3;5;lacuna;lacuna
32031;Barragem Rejeito Max 2;Nossa Senhora do Livramento;2;1;2;3;5;lacuna;lacuna
35120;Barragem Sankara;Nova Lacerda;2;1;2;3;5;lacuna;lacuna
26146;Barragem TB;Cuiabá;2;1;2;3;5;lacuna;lacuna
29380;Barragem de Rejeito Capim Gold 2;Nossa Senhora do Livramento;2;1;2;3;5;lacuna;lacuna
218;Barragem do Córrego Longa Vida;Vila Bela da Santíssima Trindade;2;1;2;3;5;lacuna;lacuna
35359;Barragem do Parque Oeste;Lucas do Rio Verde;2;1;2;3;5;lacuna;lacuna
20133;Barragem Água Azul;Campo Verde;2;1;2;3;5;lacuna;lacuna
31643;Beariz;Pontes e Lacerda;2;1;2;3;5;lacuna;lacuna
36585;CPO1;Pontes e Lacerda;2;1;2;3;5;lacuna;lacuna
22041;Dorival;Nova Santa Helena;2;1;2;3;5;lacuna;lacuna
23802;JABURU 2;Nossa Senhora do Livramento;2;1;2;3;5;lacuna;lacuna
29386;LD-01;Nossa Senhora do Livramento;2;1;2;3;5;lacuna;lacuna
35099;LV-01;Pontes e Lacerda;2;1;2;3;5;lacuna;lacuna
27897;MOCOTÓ;Poconé;2;1;2;3;5;lacuna;lacuna
29383;Mineração Livramento;Nossa Senhora do Livramento;2;1;2;3;5;lacuna;lacuna
27549;Novo Astro I;Nova Bandeirantes;2;1;2;3;5;lacuna;lacuna
29388;P.R.A;Pontes e Lacerda;2;1;2;3;5;lacuna;lacuna
32385;QB-01;Nossa Senhora do Livramento;2;1;2;3;5;lacuna;lacuna
26266;SERRA;Vila Bela da Santíssima Trindade;2;1;2;3;5;lacuna;lacuna
22158;Santa Helena;Nova Santa Helena;2;1;2;3;5;lacuna;lacuna
31606;Santa Maria;Vera;2;1;2;3;5;lacuna;lacuna
29378;TB04;Nossa Senhora do Livramento;2;1;2;3;5;lacuna;lacuna
37548;TSF Figueira Branca;Nova Santa Helena;2;1;2;3;5;lacuna;lacuna
26267;Tadeu;Nossa Senhora do Livramento;2;1;2;3;5;lacuna;lacuna
29376;VALE DO OURO;Nossa Senhora do Livramento;2;1;2;3;5;lacuna;lacuna
8006;VALE DOURADO;Rosário Oeste;2;1;2;3;5;lacuna;lacuna
26231;VALE GOLD;Nossa Senhora do Livramento;2;1;2;3;5;lacuna;lacuna
35081;VICTOR;Poconé;2;1;2;3;5;lacuna;lacuna
36582;Árica;Cuiabá;2;1;2;3;5;lacuna;lacuna
21945;ARENAL;Aripuanã;3;0;2;3;5;lacuna;lacuna
27896;BARBA;Poconé;3;0;2;3;5;lacuna;lacuna
8079;BARRAGEM  BLOCO NORTE;Nova Santa Helena;3;0;2;3;5;lacuna;lacuna
26234;BARRAGEM BLOCO  SUL;Nova Santa Helena;3;0;2;3;5;lacuna;lacuna
26235;BARRAGEM COOP 01;Nossa Senhora do Livramento;3;0;2;3;5;lacuna;lacuna
27620;BARRAGEM DE MINERAÇÃO;Nossa Senhora do Livramento;3;0;2;3;5;lacuna;lacuna
35611;BARRAGEM DE MINERAÇÃO HUMBERTO;Nossa Senhora do Livramento;3;0;2;3;5;lacuna;lacuna
31358;BARRAGEM DE REJEITO NORMA;Poconé;3;0;2;3;5;lacuna;lacuna
582;BOM PASTOR;Poconé;3;0;2;3;5;lacuna;lacuna
27570;BR ÁGUIA DO SOL;Santo Antônio de Leverger;3;0;2;3;5;lacuna;lacuna
26158;BRITO;Nossa Senhora do Livramento;3;0;2;3;5;lacuna;lacuna
21948;Bacia de Decantação S1;Nossa Senhora do Livramento;3;0;2;3;5;lacuna;lacuna
26142;Barragem  LVR;Juína;3;0;2;3;5;lacuna;lacuna
35939;Barragem Barba 02;Poconé;3;0;2;3;5;lacuna;lacuna
31784;Barragem Canaã;Tapurah;3;0;2;3;5;lacuna;lacuna
21950;Barragem Candonga;Nossa Senhora do Livramento;3;0;2;3;5;lacuna;lacuna
35121;Barragem Canário;Barra do Garças;3;0;2;3;5;lacuna;lacuna
26156;Barragem JL;Nossa Senhora do Livramento;3;0;2;3;5;lacuna;lacuna
26169;Barragem Jauru;São José dos Quatro Marcos;3;0;2;3;5;lacuna;lacuna
8014;Barragem Salinas 1;Nossa Senhora do Livramento;3;0;2;3;5;lacuna;lacuna
8041;Barragem T04;Cuiabá;3;0;2;3;5;lacuna;lacuna
7996;Barragem T05;Poconé;3;0;2;3;5;lacuna;lacuna
7995;Barragem T06;Poconé;3;0;2;3;5;lacuna;lacuna
22006;Barragem T09;Nossa Senhora do Livramento;3;0;2;3;5;lacuna;lacuna
26239;Barragem Torio 01;Paranaíta;3;0;2;3;5;lacuna;lacuna
35486;Barragem V;Serra Nova Dourada;3;0;2;3;5;lacuna;lacuna
32390;Barragem VERA;Poconé;3;0;2;3;5;lacuna;lacuna
32394;Barragem XAVIER;Poconé;3;0;2;3;5;lacuna;lacuna
29382;Barragem de Rejeito - Mineração Ouro Fino;Nossa Senhora do Livramento;3;0;2;3;5;lacuna;lacuna
27624;Barragem_Valdenir2;Nossa Senhora do Livramento;3;0;2;3;5;lacuna;lacuna
35254;Beariz 2;Pontes e Lacerda;3;0;2;3;5;lacuna;lacuna
8001;CAMPOS;Poconé;3;0;2;3;5;lacuna;lacuna
29387;CATARINO;Poconé;3;0;2;3;5;lacuna;lacuna
22042;Fazenda Nova;Poconé;3;0;2;3;5;lacuna;lacuna
5475;GAÚCHO;Poconé;3;0;2;3;5;lacuna;lacuna
27572;LIPINISKY;Carlinda;3;0;2;3;5;lacuna;lacuna
20403;MANÉ;Nossa Senhora do Livramento;3;0;2;3;5;lacuna;lacuna
20401;MARANATA II;Poconé;3;0;2;3;5;lacuna;lacuna
30797;Martins 2;Poconé;3;0;2;3;5;lacuna;lacuna
30135;NSL 01;Nossa Senhora do Livramento;3;0;2;3;5;lacuna;lacuna
899;OURINHOS I;Poconé;3;0;2;3;5;lacuna;lacuna
4843;PCH Braço Norte II - Barragem da Usina Braço Norte II;Guarantã do Norte;3;0;0;5;5;ok;lacuna
4580;PCH Cidezal - Principal;Sapezal;3;0;0;5;5;ok;lacuna
4211;PCH Engenheiro José Gelásio da Rocha - Barragem Principal;Rondonópolis;3;0;0;5;5;ok;lacuna
4216;PCH Ilha Comprida - Barramento PCH Ilha Comprida;Campos de Júlio;3;0;0;5;5;ok;lacuna
4330;PCH Paranatinga II - Paranatinga II;Paranatinga;3;0;0;5;5;ok;lacuna
5176;PCH Parecis - Principal;Sapezal;3;0;0;5;5;ok;lacuna
4984;PCH Poxoréo (José Fragelli) - Poxoréo;Poxoréu;3;0;0;5;5;ok;lacuna
4257;PCH Primavera - Primavera;Poxoréu;3;0;0;5;5;ok;lacuna
4888;PCH Rondon - Principal;Sapezal;3;0;0;5;5;ok;lacuna
5054;PCH Sapezal - Principal;Sapezal;3;0;0;5;5;ok;lacuna
4313;PCH Segredo - Barramento PCH Segredo;Sapezal;3;0;0;5;5;ok;lacuna
4519;PCH São Lourenço (Antiga Zé Fernando) - São Lourenço;Juscimeira;3;0;0;5;5;ok;lacuna
4212;PCH Telegráfica - Principal;Sapezal;3;0;0;5;5;ok;lacuna
27623;PURO OURO;Cuiabá;3;0;2;3;5;lacuna;lacuna
36607;Primavera;Nossa Senhora do Livramento;3;0;2;3;5;lacuna;lacuna
5458;RODUÍ II;Poconé;3;0;2;3;5;lacuna;lacuna
22157;Rabo de Bica;Nossa Senhora do Livramento;3;0;2;3;5;lacuna;lacuna
26261;SR.PEDRINHO;Pontes e Lacerda;3;0;2;3;5;lacuna;lacuna
27573;STC03;Poconé;3;0;2;3;5;lacuna;lacuna
27571;Santa Bárbara;Nossa Senhora do Livramento;3;0;2;3;5;lacuna;lacuna
31383;SÃO RAFAEL;Poconé;3;0;2;3;5;lacuna;lacuna
27628;TARUMÃ II;Poconé;3;0;2;3;5;lacuna;lacuna
27898;VCS;Poconé;3;0;2;3;5;lacuna;lacuna
574;Barragem de Rejeito 01;Nossa Senhora do Livramento;3;1;1;3;4;ok;lacuna
35082;Barragem de Rejeito 01;Nossa Senhora do Livramento;3;1;1;3;4;ok;lacuna
21951;Barragem de Mineração-CPM;Poconé;4;0;2;2;4;nao;lacuna
8002;BACIA DE REJEITOS BOM JARDIM;Poconé;4;1;1;2;3;ok;lacuna
8003;BACIA DE REJEITOS SÃO BENTO;Poconé;4;1;1;2;3;ok;lacuna
26131;BARRAGEM JVR;Cuiabá;4;1;1;2;3;ok;lacuna
21927;BR BRASÃO;Nossa Senhora do Livramento;4;1;1;2;3;ok;lacuna
5477;BR ISMAEL;Poconé;4;1;1;2;3;ok;lacuna
22009;BR SANTA FELICIDADE 02;Nossa Senhora do Livramento;4;1;1;2;3;ok;lacuna
28934;BR02;Nossa Senhora do Livramento;4;1;0;3;3;ok;lacuna
26164;Bacia Grota da Onça;Pontes e Lacerda;4;1;1;2;3;ok;lacuna
1265;Bacia de Rejeitos;Nossa Senhora do Livramento;4;1;1;2;3;ok;lacuna
21952;Barragem Jatobá;Poconé;4;1;1;2;3;ok;lacuna
21957;Barragem T08;Nossa Senhora do Livramento;4;1;1;2;3;ok;lacuna
22007;Barragem TB02;Nossa Senhora do Livramento;4;1;1;2;3;ok;lacuna
5560;Barragem de Rejeito Estrela;Nossa Senhora do Livramento;4;1;1;2;3;ok;lacuna
5562;Barragem de Rejeito Estrela 02;Nossa Senhora do Livramento;4;1;1;2;3;ok;lacuna
5559;Barragem de Rejeito Estrela 03;Nossa Senhora do Livramento;4;1;1;2;3;ok;lacuna
5603;Barragem de Rejeitos Bom Futuro;Nossa Senhora do Livramento;4;1;1;2;3;ok;lacuna
26145;Barragem de Rejeitos SB 02;Poconé;4;1;1;2;3;ok;lacuna
5648;Barragem do Serginho;Nossa Senhora do Livramento;4;1;1;2;3;ok;lacuna
26150;CHIMBUVA;Nossa Senhora do Livramento;4;1;1;2;3;ok;lacuna
22011;Davi;Poconé;4;1;1;2;3;ok;lacuna
23801;Isa;Poconé;4;1;1;2;3;ok;lacuna
31305;Manga;Pontes e Lacerda;4;1;1;2;3;ok;lacuna
5563;Santa Maria;Nossa Senhora do Livramento;4;1;1;2;3;ok;lacuna
29385;TR1;Nossa Senhora do Livramento;4;1;1;2;3;ok;lacuna
26139;TUPA 2;Poconé;4;1;1;2;3;ok;lacuna
26140;TUPA 3;Poconé;4;1;1;2;3;ok;lacuna
34787;Tupa 1;Poconé;4;1;1;2;3;ok;lacuna
26138;Barragem Serrinha;Cuiabá;5;0;1;2;3;ok;lacuna
21943;Elvo Captação;Pontes e Lacerda;5;0;1;2;3;ok;lacuna
27619;MD-01;Nova Lacerda;5;0;1;2;3;ok;lacuna
20335;Alain II;Poconé;5;1;0;2;2;ok;lacuna
20382;B1;Nossa Senhora do Livramento;5;1;0;2;2;ok;lacuna
1263;B5;Nova Lacerda;5;1;0;2;2;ok;lacuna
1279;BARRAGEM T01;Poconé;5;1;0;2;2;ok;lacuna
5794;BARRAGEM T02;Cuiabá;5;1;0;2;2;ok;lacuna
20411;BARRAGEM T03;Nossa Senhora do Livramento;5;1;0;2;2;ok;lacuna
27548;BIG BERION;Pontes e Lacerda;5;1;0;2;2;ok;lacuna
586;BR BOSCO;Nossa Senhora do Livramento;5;1;0;2;2;ok;lacuna
21940;BR PIRÂMIDE;Nossa Senhora do Livramento;5;1;0;2;2;ok;lacuna
5573;BR SANTA 01;Nossa Senhora do Livramento;5;1;0;2;2;ok;lacuna
588;BR SANTA FELICIDADE;Nossa Senhora do Livramento;5;1;0;2;2;ok;lacuna
27937;BRAVO 1;Várzea Grande;5;1;0;2;2;ok;lacuna
20391;Barragem 01;Nossa Senhora do Livramento;5;1;0;2;2;ok;lacuna
23798;Barragem 01;Poconé;5;1;0;2;2;ok;lacuna
23799;Barragem 02;Poconé;5;1;0;2;2;ok;lacuna
20398;Barragem AFGM GP2;Poconé;5;1;0;2;2;ok;lacuna
577;Barragem EPP;Pontes e Lacerda;5;1;0;2;2;ok;lacuna
5439;Barragem de Rejeito 1;Poconé;5;1;0;2;2;ok;lacuna
578;Barragem de Rejeito Max;Nossa Senhora do Livramento;5;1;0;2;2;ok;lacuna
21924;Berion;Pontes e Lacerda;5;1;0;2;2;ok;lacuna
8004;CANGAS;Poconé;5;1;0;2;2;ok;lacuna
20211;CASA DE PEDRA;Cuiabá;5;1;0;2;2;ok;lacuna
788;COQUEIRAL;Poconé;5;1;0;2;2;ok;lacuna
5314;Cabeceiras;Vila Bela da Santíssima Trindade;5;1;0;2;2;ok;lacuna
21941;Campos;Pontes e Lacerda;5;1;0;2;2;ok;lacuna
5315;Casarão;Vila Bela da Santíssima Trindade;5;1;0;2;2;ok;lacuna
790;Dique de Finos;Vila Bela da Santíssima Trindade;5;1;0;2;2;ok;lacuna
21942;Elvo 1;Pontes e Lacerda;5;1;0;2;2;ok;lacuna
26251;FAZENDA 4M;Nossa Senhora do Livramento;5;1;0;2;2;ok;lacuna
22043;FRANCÊS;Poconé;5;1;0;2;2;ok;lacuna
792;FRED;Poconé;5;1;0;2;2;ok;lacuna
581;GONÇA;Poconé;5;1;0;2;2;ok;lacuna
20434;Grameiro;Poconé;5;1;0;2;2;ok;lacuna
22045;JABURU;Nossa Senhora do Livramento;5;1;0;2;2;ok;lacuna
8000;JOAO PAULO;Poconé;5;1;0;2;2;ok;lacuna
895;MARANATA;Poconé;5;1;0;2;2;ok;lacuna
26133;Martins;Poconé;5;1;0;2;2;ok;lacuna
5551;Moça Bonita;Nossa Senhora do Livramento;5;1;0;2;2;ok;lacuna
5459;OURO FINO;Poconé;5;1;0;2;2;ok;lacuna
945;POND 1 - BARRAGEM DE LIXIVIAÇÃO;Nova Xavantina;5;1;0;2;2;ok;lacuna
946;POND 2 - BARRAGEM DE FLOTAÇÃO;Nova Xavantina;5;1;0;2;2;ok;lacuna
947;POND 3 - BARRAGEM DE FLOTAÇÃO;Nova Xavantina;5;1;0;2;2;ok;lacuna
5317;Planta;Rio Branco;5;1;0;2;2;ok;lacuna
1276;RONDON;Poconé;5;1;0;2;2;ok;lacuna
5436;SANDRO GOMES;Poconé;5;1;0;2;2;ok;lacuna
5645;Santa Tereza;Nossa Senhora do Livramento;5;1;0;2;2;ok;lacuna
5646;Santa Tereza II;Nossa Senhora do Livramento;5;1;0;2;2;ok;lacuna
1282;TB01;Nossa Senhora do Livramento;5;1;0;2;2;ok;lacuna
27882;Tanque Fundo;Nossa Senhora do Livramento;5;1;0;2;2;ok;lacuna
