REGIÃO;UF;MUNICÍPIO;CÓDIGO DO IBGE;COMUNIDADE;Nº PROCESSO NA FCP;DATA DA ABERTURA;Nº DO LIVRO DE REGISTRO;Nº DO REGISTRO;Nº DA FOLHA;Nº DA PORTARIA;DATA DA PORTARIA NO DOU;RETIFICAÇÃO NO DOU;Nº PROCESSO INCRA;ETAPA DO PROCESSO DE TITULAÇÃO;Nº DE COMUNIDADES;Nº DE MORADORES;URBANA/RURAL;ANO CERTIFICAÇÃO;PORTA DE ENTRADA;CONT
CENTRO-OESTE;MT;CHAPADA DOS GUIMARÃES;5103007;LAGOINHA DE BAIXO;01420.000844/2005-95;23/08/2005;3;211;17;23/2005;25/05/2005;;54240.002141/2005-86;DECRETO NO DOU;1;50;;2005;;1
CENTRO-OESTE;MT;CHAPADA DOS GUIMARÃES;5103007;ITAMBÉ;01420.000845/2005-30;23/08/2005;3;212;18;23/2005;25/05/2005;;54240.005178/2005-66;;1;;;2005;;1
CENTRO-OESTE;MT;CHAPADA DOS GUIMARÃES;5103007;LAGOINHA DE CIMA;01420.000846/2005-84;29/04/2005;3;213;19;23/2005;25/05/2005;;54240.005177/2005-11;;1;;;2005;;1
CENTRO-OESTE;MT;POCONÉ;5106505;CURRALINHO;01420.001789/2005-51;03/08/2005;4;329;36;37/2005;12/09/2005;;54240.005267/2005-11;;1;;R;2005;;1
CENTRO-OESTE;MT;POCONÉ;5106505;RETIRO;01420.001790/2005-85;03/08/2005;4;330;37;37/2005;12/09/2005;;54240.005277/2005-48;;1;;;2005;;1
CENTRO-OESTE;MT;POCONÉ;5106505;SÃO BENEDITO;01420.001791/2005-20;03/08/2005;4;331;38;37/2005;12/09/2005;;54240.005266/2005-68;;1;;R;2005;;1
CENTRO-OESTE;MT;POCONÉ;5106505;CANTO DO AGOSTINHO;01420.001792/2005-74;03/08/2005;4;332;39;37/2005;12/09/2005;;54240.005268/2005-57;;1;;;2005;;1
CENTRO-OESTE;MT;POCONÉ;5106505;CHUMBO;01420.001793/2005-19;03/08/2005;4;333;40;37/2005;12/09/2005;;54240.005280/2005-61;;1;;R;2005;;1
CENTRO-OESTE;MT;POCONÉ;5106505;VARAL;01420.001799/2005-96;03/08/2005;4;334;41;37/2005;12/09/2005;;54240.005247/2005-31;;1;;;2005;;1
CENTRO-OESTE;MT;POCONÉ;5106505;LARANJAL;01420.001798/2005-41;03/08/2005;4;335;42;37/2005;12/09/2005;;54240.005236/2005-51;;1;1;R;2005;;1
CENTRO-OESTE;MT;POCONÉ;5106505;CAMPINA DE PEDRA;01420.001797/2005-05;03/08/2005;4;336;43;37/2005;12/09/2005;;54240.005272/2005-15;RTID;1;45;R;2005;;1
CENTRO-OESTE;MT;POCONÉ;5106505;PASSAGEM DE CARRO;01420.001796/2005-52;03/08/2005;4;337;44;37/2005;12/09/2005;;54240.005271/2005-71;;1;;;2005;;1
CENTRO-OESTE;MT;POCONÉ;5106505;IMBÉ;01420.001795/2005-16;03/08/2005;4;338;45;37/2005;12/09/2005;;54240.005273/2005-60;;1;;R;2005;;1
CENTRO-OESTE;MT;POCONÉ;5106505;PEDRA VIVA;01420.001794/2005-63;03/08/2005;4;339;46;37/2005;12/09/2005;;54240.005281/2005-14;;1;;;2005;;1
CENTRO-OESTE;MT;POCONÉ;5106505;CÁGADO;01420.001787/2005-61;04/08/2005;4;340;47;37/2005;12/09/2005;;54240.005237/2005-04;;1;;R;2005;;1
CENTRO-OESTE;MT;POCONÉ;5106505;PANTANALZINHO;01420.001786/2005-17;04/08/2005;4;341;48;37/2005;12/09/2005;;54240.005278/2005-92;;1;;;2005;;1
CENTRO-OESTE;MT;POCONÉ;5106505;MORRO CORTADO;01420.001785/2005-72;04/08/2005;4;342;49;37/2005;12/09/2005;;54240.005264/2005-79;;1;;R;2005;;1
CENTRO-OESTE;MT;POCONÉ;5106505;ARANHA;01420.001784/2005-28;04/08/2005;4;343;50;37/2005;12/09/2005;;54240.005265/2005-13;;1;;;2005;;1
CENTRO-OESTE;MT;POCONÉ;5106505;CHAFARIZ URUBAMA;01420.001783/2005-83;04/08/2005;4;344;51;37/2005;12/09/2005;;54240.005276/2005-01;;1;;;2005;;1
CENTRO-OESTE;MT;POCONÉ;5106505;RODEIO;01420.001781/2005-94;04/08/2005;4;345;52;37/2005;12/09/2005;;54240.005274/2005-12;;1;;;2005;;1
CENTRO-OESTE;MT;POCONÉ;5106505;CÉU AZUL;01420.001782/2005-39;04/08/2005;4;346;53;37/2005;12/09/2005;;54240.005275/2005-59;;1;;;2005;;1
CENTRO-OESTE;MT;ACORIZAL;5100102;ALDEIAS;01420.001779/2005-15;04/08/2005;4;347;54;37/2005;12/09/2005;;54240.005249/2005-21;;1;;;2005;;1
CENTRO-OESTE;MT;NOSSA SENHORA DO LIVRAMENTO;5106109;JACARÉ DE CIMA;01420.001778/2005-71;04/08/2005;4;348;55;37/2005;12/09/2005;;54240.005269/2005-00;;1;;;2005;;1
CENTRO-OESTE;MT;BARRA DO BUGRES;5101704;BAIXIO;01420.001777/2005-26;04/08/2005;4;349;56;37/2005;12/09/2005;;54240.005263/2005-24;;1;;;2005;;1
CENTRO-OESTE;MT;POCONÉ;5106505;MINADOURO 2;01420.001767/2005-91;08/08/2005;4;350;57;37/2005;12/09/2005;;54240.005279/2005-37;;1;;R;2005;;1
CENTRO-OESTE;MT;BARRA DO BUGRES;5101704;VERMELHINHO;01420.001776/2005-81;04/08/2005;4;352;59;37/2005;12/09/2005;;54240.005252/2005-44;;1;;;2005;;1
CENTRO-OESTE;MT;NOSSA SENHORA DO LIVRAMENTO;5106109;CABECEIRA DO SANTANA;01420.001810/2005-18;08/08/2005;4;354;61;37/2005;12/09/2005;;54240.005270/2005-26;;1;;;2005;;1
CENTRO-OESTE;MT;SANTO ANTÔNIO DO LEVERGER;5103403;ABOLIÇÃO;01420.001812/2005-15;08/08/2005;4;355;62;37/2005;12/09/2005;16/08/2019;54240.005251/2005-08;;1;;R;2005;;1
CENTRO-OESTE;MT;CUIABÁ;5103403;SÃO GERÔNIMO;01420.001811/2005-62;08/08/2005;4;356;63;37/2005;12/09/2005;;54240.005250/2005-55;;1;;;2005;;1
CENTRO-OESTE;MT;POCONÉ;5106505;SETE PORCOS;01420.001768/2005-35;08/08/2005;4;357;64;37/2005;12/09/2005;;54240.005248/2005-86;;1;;;2005;;1
CENTRO-OESTE;MT;POCONÉ;5106505;MORRINHOS;01420.001769/2005-80;05/08/2005;4;358;65;37/2005;12/09/2005;;54240.005259/2005-66;;1;;R;2005;;1
CENTRO-OESTE;MT;POCONÉ;5106505;TANQUE DO PADRE PINHAL;01420.001770/2005-12;05/08/2005;4;359;66;37/2005;12/09/2005;;54240.005254/2005-33;;1;;R;2005;;1
CENTRO-OESTE;MT;POCONÉ;5106505;CAPÃO VERDE;01420.001771/2005-59;05/08/2005;4;360;67;37/2005;12/09/2005;;54240.005234/2005-62;;1;;;2005;;1
CENTRO-OESTE;MT;POCONÉ;5106505;CAMPINA II;01420.001772/2005-01;05/08/2005;4;361;68;37/2005;12/09/2005;;54240.005256/2005-22;;1;;;2005;;1
CENTRO-OESTE;MT;CÁCERES;5102504;MONJOLO;01420.001773/2005-48;05/08/2005;4;362;69;39/2005;12/09/2005;;54240.005258/2005-11;;1;;;2005;;1
CENTRO-OESTE;MT;POCONÉ;5106505;JEJUM;01420.001774/2005-92;05/08/2005;4;363;70;39/2005;30/09/2005;;54240.005245/2005-42;;1;120;R;2005;;1
CENTRO-OESTE;MT;BARRA DO BUGRES;5101704;VACA MORTA;01420.001808/2005-49;08/08/2005;4;364;71;39/2005;30/09/2005;;54240005240/2005-10;;1;;R;2005;;1
CENTRO-OESTE;MT;ACORIZAL;5100102;BAÚS;01420.001809/2005-93;08/08/2005;4;365;72;39/2005;30/09/2005;;54240.005235/2005-15;;1;;;2005;;1
CENTRO-OESTE;MT;POCONÉ;5106505;COITINHO;01420.001775/2005-37;05/08/2005;4;366;73;39/2005;30/09/2005;;54240.005260/2005-91;;1;;R;2005;;1
CENTRO-OESTE;MT;NOSSA SENHORA DO LIVRAMENTO;5106109;ENTRADA DO BANANAL;01420.001830/2005-99;10/08/2005;4;367;74;39/2005;30/09/2005;;54240.005246/2005-97;;1;;R;2005;;1
CENTRO-OESTE;MT;CHAPADA DOS GUIMARÃES;5103007;ARICA-AÇÚ;01420.001831/2005-33;10/08/2005;4;368;75;39/2005;30/09/2005;;54240.005253/2005-99;;1;;;2005;;1
CENTRO-OESTE;MT;CHAPADA DOS GUIMARÃES;5103007;CACHOEIRA DO BOM JARDIM;01420.001832/2005-88;10/08/2005;4;369;76;39/2005;30/09/2005;;54240.005261/2005-35;;1;;;2005;;1
CENTRO-OESTE;MT;NOSSA SENHORA DO LIVRAMENTO;5106109;BARREIRO;01420.001829/2005-64;10/08/2005;4;370;77;39/2005;30/09/2005;;54240.005232/2005-73;;1;;;2005;;1
CENTRO-OESTE;MT;NOSSA SENHORA DO LIVRAMENTO;5106109;CAMPINA VERDE;01420.001828/2005-10;10/08/2005;4;371;78;39/2005;30/09/2005;;54240.005231/2005-29;;1;;;2005;;1
CENTRO-OESTE;MT;VILA BELA DA SANTÍSSIMA TRINDADE;5105507;BELA COR;01420.001827/2005-75;10/08/2005;4;372;79;39/2005;30/09/2005;;54240.005241/2005-64;;1;;R;2005;;1
CENTRO-OESTE;MT;CUIABÁ;5103403;CAXIPÓ AÇÚ;01420.001842/2005-13;23/08/2005;4;373;80;39/2005;30/09/2005;;54240.005238/2005-41;;1;;;2005;;1
CENTRO-OESTE;MT;VILA BELA DA SANTÍSSIMA TRINDADE;5105507;MANGA;01420.001841/2005-79;23/08/2005;4;374;81;39/2005;30/09/2005;;54240.005230/2005-84;;1;;;2005;;1
CENTRO-OESTE;MT;VILA BELA DA SANTÍSSIMA TRINDADE;5105507;BOQUEIRÃO, VALE DO RIO ALEGRE E VALE DO RIO GUAPORÉ;01420.001838/2005-55;15/08/2005;4;375;82;39/2005;30/09/2005;24/03/2006;54240.005262/2005-80;;3;;R;2005;;1
CENTRO-OESTE;MT;CHAPADA DOS GUIMARÃES;5103007;CANSANÇÃO;01420.001840/2005-24;23/08/2005;4;376;83;39/2005;30/09/2005;;54240.005244/2005-06;;1;;;2005;;1
CENTRO-OESTE;MT;CUIABÁ;5103403;AGUASSÚ;01420.001839/2005-08;23/08/2005;4;377;84;39/2005;30/09/2005;;54240.005233/2005-18;;1;;;2005;;1
CENTRO-OESTE;MT;CÁCERES;5102504;SANTANA;01420.001833/2005-22;15/08/2005;4;378;85;39/2005;30/09/2005;;54240.005239/2005-95;;1;;;2005;;1
CENTRO-OESTE;MT;CÁCERES;5102504;PONTA DO MORRO;01420.001834/2005-77;15/08/2005;4;379;86;39/2005;30/09/2005;;54240.005243/2005-53;;1;;;2005;;1
CENTRO-OESTE;MT;CÁCERES;5102504;EXÚ;01420.001835/2005-11;15/08/2005;4;380;87;39/2005;30/09/2005;;54240.005257/2005-77;;1;;;2005;;1
CENTRO-OESTE;MT;CÁCERES;5102504;CHAPADINHA;01420.001836/2005-66;15/08/2005;4;381;88;39/2005;30/09/2005;;54240.005255/2005-88;;1;;;2005;;1
CENTRO-OESTE;MT;CÁCERES;5102504;SÃO GONÇALO;01420.001837/2005-19;15/08/2005;4;382;89;39/2005;30/09/2005;;54240.005242/2005-17;;1;;;2005;;1
CENTRO-OESTE;MT;NOSSA SENHORA DO LIVRAMENTO;5106109;RIBEIRÃO DA MUTUCA;01420.000223/2006-92;07/02/2006;6;495;4;ago./06;12/05/2006;;;;1;;;2006;;1
CENTRO-OESTE;MT;VILA BELA DA SANTÍSSIMA TRINDADE;5105507;CAPÃO DO NEGRO;01420.003368/2006-45;20/12/2006;8;840;52;ago./07;07/02/2007;;54240.001639/2007-93;;1;;;2007;;1
CENTRO-OESTE;MT;VILA BELA DA SANTÍSSIMA TRINDADE;5105507;VALE DO  ALEGRE;01420.000237/2007-97;06/02/2007;9;888;2;25/2007;13/03/2007;;54240.001640/2007-18;;1;;;2007;;1
CENTRO-OESTE;MT;NOSSA SENHORA DO LIVRAMENTO;5106109;MATA CAVALO (Composta pelos povoados: Mata Cavalo de Cima, Mata Cavalo de Baixo, Ribeirão do Mutuca, Aguassú, Ventura Capim Verde e Ourinhos);01420.000586/2007-17;15/03/2007;10;951;16;42/2007;16/04/2007;;54240.001538/2004-70;TRD  - Despacho de 15/07/2000 - 18/07/2000;6;418;R;2007;;1
CENTRO-OESTE;MT;SANTO ANTÔNIO DO LEVERGER;5107800;SESMARIA BIGORNA/ESTIVA;01420.000832/2007-22;10/04/2007;10;971;36;51/2007;16/05/2007;;54240.000919/2007-84;;1;;;2007;;1
CENTRO-OESTE;MT;CHAPADA DOS GUIMARÃES;5103007;BARRO PRETO SERRA DO CAMBAM BI;01420.000049/2009-21;12/01/2009;11;1120;136;43/2009;05/05/2009;;54240.005261/2005-35;;1;;;2009;;1
CENTRO-OESTE;MT;VÁRZEA GRANDE;5108402;CAPÃO DO NEGRO CRISTO REI;01420.001832/2009-10;27/07/2009;11;1167;183;185/2009;19/11/2009;;54240.002890/2009-37;;1;;;2009;;1
CENTRO-OESTE;MT;BARRA DO BUGRES | PORTO ESTRELA;5101704 | 5106851;VÃOZINHO/VOLTINHA;01420.001181/2007-98;11/05/2007;12;1247;62;51/2010;24/03/2010;;54240.002144/2007-81;;1;;;2010;;1
CENTRO-OESTE;MT;BARRA DO BUGRES;5101704;MORRO REDONDO;01420.001177/2007-20;11/05/2007;12;1248;63;59/2010;28/04/2010;;54240.002147/2007-15;;1;;;2010;;1
CENTRO-OESTE;MT;PORTO ESTRELA;5106851;BOCAINA;01420.004705/2011-89;18/04/2011;13;1583;199;195/2011;01/12/2011;;54240.000396/2011-52;;1;;;2011;;1
CENTRO-OESTE;MT;CÁCERES;5102504;PITA CANUDOS;01420.010591/2013-78;29/08/2013;15;1971;189;161/2013;19/09/2013;04/11/2013;54240.001858/2014-00;;1;;;2013;;1
CENTRO-OESTE;MT;POCONÉ;5106505;SÃO GONÇALO II;01420.016737/2014-70;19/12/2014;17;2222;42;84/2015;09/06/2015;;54240.002244/2015-18;;1;;R;2015;;1
CENTRO-OESTE;MT;BARRA DO BUGRES;5101704;ÁGUA DOCE;01420.010181/2015-99;04/09/2015;17;2347;167;104/2016;20/05/2016;;;;1;;;2016;;1
CENTRO-OESTE;MT;POCONÉ;5106505;SESMARIA FAZENDA GRANDE (BARREIRÃO, CAPÃO DE OURO, CARANDÁ, LAGOA GRANDE, MANGA E PASSAGEM VELHA);01420.012448/2015-82;26/10/2015;18;2532;153;194/2017;04/07/2017;;54240.001111/2017-96;;6;;;2017;;1
CENTRO-OESTE;MT;POCONÉ;5106505;CARRETÃO;01420.006383/2017-06;23/06/2017;18;2558;179;279/2017;25/10/2017;;54000.003074/2018-64;;1;;;2017;;1
CENTRO-OESTE;MT;BARRA DO BUGRES;5101704;CAMARINHA - VÃO GRANDE;01420.102893/2023-43;12/12/2023;21;3060;84;78/2024;22/04/2024;;;;1;47;R;2024;;1
CENTRO-OESTE;MT;VÁRZEA GRANDE;5108402;COLONIA UNIÃO CAPÃO DE NEGRO URBANO, BAIRRO MANGA;01420.100624/2024-23;03/05/2024;22;3191;16;68;16/04/2025;;;;1;;U;2025;;1
CENTRO-OESTE;MT;SÃO JOSÉ DOS QUATRO MARCOS;5107107;SÍTIO SÃO JOSÉ FAMÍLIA JUSTINIANO SILVA;01420.103487/2025-60;19/12/2025;22;3361;186;29;23/01/2026;;;;1;20;R;2026;SERVIÇOS GOV;1
