id_snisb;nome;municipio_sede;regiao_saude;perfil_sanitario;idap;nivel;completude;confiabilidade;pontos_a;pontos_b;pontos_c;pontos_d;alertavel;area_estimada_km2;populacao_estimada;metodo_populacao;chuva_24h_mm;chuva_72h_mm;saturacao_antecedente;nivel_alerta_hidro;aproximacao_espacial;municipios_potencialmente_afetados;arquivo_alerta;resumo;instante
5563;Santa Maria;Nossa Senhora do Livramento;Baixada Cuiabana;rejeito;30;Amarelo;0,680;parcial;5;15;8;2;não;0,09;14;area_x_densidade;0.7;0.7;0,3070;laranja;sede_mais_montante_max;Cuiabá | Nossa Senhora do Livramento | Várzea Grande;alertas/piloto/amarelo_5563.txt;Santa Maria (Nossa Senhora do Livramento) — IDAP 30/100 — Amarelo: atenção — completude 68% (parcial);2026-07-30T09:58:09-04:00
5603;Barragem de Rejeitos Bom Futuro;Nossa Senhora do Livramento;Baixada Cuiabana;rejeito;31;Amarelo;0,680;parcial;5;15;9;2;não;0,33;51;area_x_densidade;0.7;0.7;0,3070;laranja;sede_mais_montante_max;Cuiabá | Nossa Senhora do Livramento | Várzea Grande;alertas/piloto/amarelo_5603.txt;Barragem de Rejeitos Bom Futuro (Nossa Senhora do Livramento) — IDAP 31/100 — Amarelo: atenção — completude 68% (parcial);2026-07-30T09:58:09-04:00
5559;Barragem de Rejeito Estrela 03;Nossa Senhora do Livramento;Baixada Cuiabana;rejeito;27;Amarelo;0,630;parcial;5;12;8;2;não;0,17;27;area_x_densidade;0.7;0.7;0,3070;laranja;sede_mais_montante_max;Cuiabá | Nossa Senhora do Livramento | Várzea Grande;alertas/piloto/amarelo_5559.txt;Barragem de Rejeito Estrela 03 (Nossa Senhora do Livramento) — IDAP 27/100 — Amarelo: atenção — completude 63% (parcial);2026-07-30T09:58:09-04:00
5560;Barragem de Rejeito Estrela;Nossa Senhora do Livramento;Baixada Cuiabana;rejeito;27;Amarelo;0,630;parcial;5;12;8;2;não;0,26;40;area_x_densidade;0.7;0.7;0,3070;laranja;sede_mais_montante_max;Cuiabá | Nossa Senhora do Livramento | Várzea Grande;alertas/piloto/amarelo_5560.txt;Barragem de Rejeito Estrela (Nossa Senhora do Livramento) — IDAP 27/100 — Amarelo: atenção — completude 63% (parcial);2026-07-30T09:58:09-04:00
5562;Barragem de Rejeito Estrela 02;Nossa Senhora do Livramento;Baixada Cuiabana;rejeito;27;Amarelo;0,630;parcial;5;12;8;2;não;0,07;11;area_x_densidade;0.7;0.7;0,3070;laranja;sede_mais_montante_max;Cuiabá | Nossa Senhora do Livramento | Várzea Grande;alertas/piloto/amarelo_5562.txt;Barragem de Rejeito Estrela 02 (Nossa Senhora do Livramento) — IDAP 27/100 — Amarelo: atenção — completude 63% (parcial);2026-07-30T09:58:09-04:00
5573;BR SANTA 01;Nossa Senhora do Livramento;Baixada Cuiabana;rejeito;27;Amarelo;0,680;parcial;5;11;9;2;não;0,38;59;area_x_densidade;0.7;0.7;0,3070;laranja;sede_mais_montante_max;Cuiabá | Nossa Senhora do Livramento | Várzea Grande;alertas/piloto/amarelo_5573.txt;BR SANTA 01 (Nossa Senhora do Livramento) — IDAP 27/100 — Amarelo: atenção — completude 68% (parcial);2026-07-30T09:58:09-04:00
21940;BR PIRÂMIDE;Nossa Senhora do Livramento;Baixada Cuiabana;rejeito;21;Amarelo;0,680;parcial;5;6;8;2;não;0,22;35;area_x_densidade;0.7;0.7;0,3070;laranja;sede_mais_montante_max;Cuiabá | Nossa Senhora do Livramento | Várzea Grande;alertas/piloto/amarelo_21940.txt;BR PIRÂMIDE (Nossa Senhora do Livramento) — IDAP 21/100 — Amarelo: atenção — completude 68% (parcial);2026-07-30T09:58:09-04:00
26138;Barragem Serrinha;Cuiabá;Baixada Cuiabana;rejeito;21;Amarelo;0,680;parcial;5;6;8;2;não;0,05;7;area_x_densidade;0.7;0.7;0,2610;laranja;sede_mais_montante_max;Nossa Senhora do Livramento | Várzea Grande;alertas/piloto/amarelo_26138.txt;Barragem Serrinha (Cuiabá) — IDAP 21/100 — Amarelo: atenção — completude 68% (parcial);2026-07-30T09:58:09-04:00
586;BR BOSCO;Nossa Senhora do Livramento;Baixada Cuiabana;rejeito;22;Amarelo;0,680;parcial;5;6;9;2;não;0,5;77;area_x_densidade;0.7;0.7;0,3070;laranja;sede_mais_montante_max;Cuiabá | Nossa Senhora do Livramento | Várzea Grande;alertas/piloto/amarelo_586.txt;BR BOSCO (Nossa Senhora do Livramento) — IDAP 22/100 — Amarelo: atenção — completude 68% (parcial);2026-07-30T09:58:09-04:00
588;BR SANTA FELICIDADE;Nossa Senhora do Livramento;Baixada Cuiabana;rejeito;21;Amarelo;0,680;parcial;5;6;8;2;não;0,2;32;area_x_densidade;0.7;0.7;0,3070;laranja;sede_mais_montante_max;Cuiabá | Nossa Senhora do Livramento | Várzea Grande;alertas/piloto/amarelo_588.txt;BR SANTA FELICIDADE (Nossa Senhora do Livramento) — IDAP 21/100 — Amarelo: atenção — completude 68% (parcial);2026-07-30T09:58:09-04:00
22009;BR SANTA FELICIDADE 02;Nossa Senhora do Livramento;Baixada Cuiabana;rejeito;19;Verde;0,680;parcial;5;4;8;2;não;0,08;13;area_x_densidade;0.7;0.7;0,3070;laranja;sede_mais_montante_max;Cuiabá | Nossa Senhora do Livramento | Várzea Grande;alertas/piloto/verde_22009.txt;BR SANTA FELICIDADE 02 (Nossa Senhora do Livramento) — IDAP 19/100 — Verde: normalidade — completude 68% (parcial);2026-07-30T09:58:09-04:00
8006;VALE DOURADO;Rosário Oeste;Baixada Cuiabana;rejeito;19;Verde;0,650;parcial;4;6;8;1;não;0,03;3;area_x_densidade;0.1;0.2;0,1850;laranja;sede_mais_montante_max;Cuiabá | Nossa Senhora do Livramento | Rosário Oeste | Várzea Grande;alertas/piloto/verde_8006.txt;VALE DOURADO (Rosário Oeste) — IDAP 19/100 — Verde: normalidade — completude 65% (parcial);2026-07-30T09:58:09-04:00
26131;BARRAGEM JVR;Cuiabá;Baixada Cuiabana;rejeito;18;Amarelo;0,630;parcial;5;3;8;2;não;0,1;16;area_x_densidade;0.7;0.7;0,2610;laranja;sede_mais_montante_max;Cuiabá | Nossa Senhora do Livramento | Várzea Grande;alertas/piloto/amarelo_26131.txt;BARRAGEM JVR (Cuiabá) — IDAP 18/100 — Amarelo: atenção (elevado de Verde por regra determinística) — completude 63% (parcial);2026-07-30T09:58:09-04:00
26146;Barragem TB;Cuiabá;Baixada Cuiabana;rejeito;19;Amarelo;0,650;parcial;5;4;9;1;não;0,38;59;area_x_densidade;0.7;0.7;0,2610;laranja;sede_mais_montante_max;Cuiabá | Nossa Senhora do Livramento | Várzea Grande;alertas/piloto/amarelo_26146.txt;Barragem TB (Cuiabá) — IDAP 19/100 — Amarelo: atenção (elevado de Verde por regra determinística) — completude 65% (parcial);2026-07-30T09:58:09-04:00
26156;Barragem JL;Nossa Senhora do Livramento;Baixada Cuiabana;rejeito;17;Verde;0,650;parcial;5;4;7;1;não;0,0;;area_x_densidade;0.7;0.7;0,3070;laranja;sede_mais_montante_max;Cuiabá | Nossa Senhora do Livramento | Várzea Grande;alertas/piloto/verde_26156.txt;Barragem JL (Nossa Senhora do Livramento) — IDAP 17/100 — Verde: normalidade — completude 65% (parcial);2026-07-30T09:58:09-04:00
26171;MULTI 1;Nossa Senhora do Livramento;Baixada Cuiabana;rejeito;18;Verde;0,650;parcial;5;4;8;1;não;0,07;11;area_x_densidade;0.7;0.7;0,3070;laranja;sede_mais_montante_max;Cuiabá | Nossa Senhora do Livramento | Várzea Grande;alertas/piloto/verde_26171.txt;MULTI 1 (Nossa Senhora do Livramento) — IDAP 18/100 — Verde: normalidade — completude 65% (parcial);2026-07-30T09:58:09-04:00
29384;BR SANTA FELICIDADE 04;Nossa Senhora do Livramento;Baixada Cuiabana;rejeito;17;Verde;0,650;parcial;5;4;7;1;não;0,0;;area_x_densidade;0.7;0.7;0,3070;laranja;sede_mais_montante_max;Cuiabá | Nossa Senhora do Livramento | Várzea Grande;alertas/piloto/verde_29384.txt;BR SANTA FELICIDADE 04 (Nossa Senhora do Livramento) — IDAP 17/100 — Verde: normalidade — completude 65% (parcial);2026-07-30T09:58:09-04:00
34856;Barragem GMX;Nossa Senhora do Livramento;Baixada Cuiabana;rejeito;18;Verde;0,650;parcial;5;4;8;1;não;0,22;35;area_x_densidade;0.7;0.7;0,3070;laranja;sede_mais_montante_max;Cuiabá | Nossa Senhora do Livramento | Várzea Grande;alertas/piloto/verde_34856.txt;Barragem GMX (Nossa Senhora do Livramento) — IDAP 18/100 — Verde: normalidade — completude 65% (parcial);2026-07-30T09:58:09-04:00
21949;BARRAGEM ÁGUA BRANCA;Rosário Oeste;Baixada Cuiabana;rejeito;16;Verde;0,650;parcial;4;4;7;1;não;0,0;;area_x_densidade;0.1;0.2;0,1850;laranja;sede_mais_montante_max;Cuiabá | Nossa Senhora do Livramento | Rosário Oeste | Várzea Grande;alertas/piloto/verde_21949.txt;BARRAGEM ÁGUA BRANCA (Rosário Oeste) — IDAP 16/100 — Verde: normalidade — completude 65% (parcial);2026-07-30T09:58:09-04:00
26534;Fazenda KM;Cuiabá;Baixada Cuiabana;rejeito;16;Amarelo;0,500;parcial;5;5;5;1;não;0,0;;area_x_densidade;0.7;0.7;0,2610;laranja;sede_mais_montante_max;Cuiabá | Nossa Senhora do Livramento | Várzea Grande;alertas/piloto/amarelo_26534.txt;Fazenda KM (Cuiabá) — IDAP 16/100 — Amarelo: atenção (elevado de Verde por regra determinística) — completude 50% (parcial);2026-07-30T09:58:09-04:00
26538;Sitio Pirapora;Nossa Senhora do Livramento;Baixada Cuiabana;rejeito;17;Verde;0,500;parcial;5;5;6;1;não;0,17;27;area_x_densidade;0.7;0.7;0,3070;laranja;sede_mais_montante_max;Cuiabá | Nossa Senhora do Livramento | Várzea Grande;alertas/piloto/verde_26538.txt;Sitio Pirapora (Nossa Senhora do Livramento) — IDAP 17/100 — Verde: normalidade — completude 50% (parcial);2026-07-30T09:58:09-04:00
27624;Barragem_Valdenir2;Nossa Senhora do Livramento;Baixada Cuiabana;rejeito;18;Verde;0,500;parcial;5;3;9;1;não;0,45;70;area_x_densidade;0.7;0.7;0,3070;laranja;sede_mais_montante_max;Cuiabá | Nossa Senhora do Livramento | Várzea Grande;alertas/piloto/verde_27624.txt;Barragem_Valdenir2 (Nossa Senhora do Livramento) — IDAP 18/100 — Verde: normalidade — completude 50% (parcial);2026-07-30T09:58:09-04:00
27626;Barragem - Valdenir;Nossa Senhora do Livramento;Baixada Cuiabana;rejeito;17;Verde;0,500;parcial;5;3;8;1;não;0,02;3;area_x_densidade;0.7;0.7;0,3070;laranja;sede_mais_montante_max;Cuiabá | Nossa Senhora do Livramento | Várzea Grande;alertas/piloto/verde_27626.txt;Barragem - Valdenir (Nossa Senhora do Livramento) — IDAP 17/100 — Verde: normalidade — completude 50% (parcial);2026-07-30T09:58:09-04:00
27937;BRAVO 1;Várzea Grande;Baixada Cuiabana;rejeito;16;Verde;0,530;parcial;5;1;8;2;não;0,24;37;area_x_densidade;0.7;0.7;0,2710;laranja;sede_mais_montante_max;Cuiabá | Nossa Senhora do Livramento | Várzea Grande;alertas/piloto/verde_27937.txt;BRAVO 1 (Várzea Grande) — IDAP 16/100 — Verde: normalidade — completude 53% (parcial);2026-07-30T09:58:09-04:00
20617;PCH Casca III - Casca III;Chapada dos Guimarães;Baixada Cuiabana;rejeito;15;Amarelo;0,530;parcial;4;1;6;4;não;0,31;22;area_x_densidade;0.1;0.1;0,0000;laranja;municipio_sede;Chapada dos Guimarães | Cuiabá | Jangada | Nossa Senhora do Livramento | Rosário Oeste | Santo Antônio de Leverger | Várzea Grande;alertas/piloto/amarelo_20617.txt;PCH Casca III - Casca III (Chapada dos Guimarães) — IDAP 15/100 — Amarelo: atenção (elevado de Verde por regra determinística) — completude 53% (parcial);2026-07-30T09:58:09-04:00
26265;BRAVO II;Várzea Grande;Baixada Cuiabana;rejeito;14;Verde;0,500;parcial;5;1;7;1;não;0,0;;area_x_densidade;0.7;0.7;0,2710;laranja;sede_mais_montante_max;Cuiabá | Nossa Senhora do Livramento | Várzea Grande;alertas/piloto/verde_26265.txt;BRAVO II (Várzea Grande) — IDAP 14/100 — Verde: normalidade — completude 50% (parcial);2026-07-30T09:58:09-04:00
31525;BRAVO IV;Várzea Grande;Baixada Cuiabana;rejeito;14;Verde;0,500;parcial;5;1;7;1;não;0,0;;area_x_densidade;0.7;0.7;0,2710;laranja;sede_mais_montante_max;Cuiabá | Nossa Senhora do Livramento | Várzea Grande;alertas/piloto/verde_31525.txt;BRAVO IV (Várzea Grande) — IDAP 14/100 — Verde: normalidade — completude 50% (parcial);2026-07-30T09:58:09-04:00
31578;Barragem Taguá;Cuiabá;Baixada Cuiabana;rejeito;14;Amarelo;0,500;parcial;5;3;5;1;não;0,0;;area_x_densidade;0.7;0.7;0,2610;laranja;sede_mais_montante_max;Cuiabá | Nossa Senhora do Livramento | Várzea Grande;alertas/piloto/amarelo_31578.txt;Barragem Taguá (Cuiabá) — IDAP 14/100 — Amarelo: atenção (elevado de Verde por regra determinística) — completude 50% (parcial);2026-07-30T09:58:09-04:00
32261;Represa da Estrada;Cuiabá;Baixada Cuiabana;rejeito;15;Amarelo;0,500;parcial;5;3;6;1;não;0,03;4;area_x_densidade;0.7;0.7;0,2610;laranja;sede_mais_montante_max;Cuiabá | Nossa Senhora do Livramento | Várzea Grande;alertas/piloto/amarelo_32261.txt;Represa da Estrada (Cuiabá) — IDAP 15/100 — Amarelo: atenção (elevado de Verde por regra determinística) — completude 50% (parcial);2026-07-30T09:58:09-04:00
32398;Barragem 02 – Fazenda 3 Irmãos;Cuiabá;Baixada Cuiabana;rejeito;14;Amarelo;0,500;parcial;5;3;5;1;não;0,0;;area_x_densidade;0.7;0.7;0,2610;laranja;sede_mais_montante_max;Cuiabá | Nossa Senhora do Livramento | Várzea Grande;alertas/piloto/amarelo_32398.txt;Barragem 02 – Fazenda 3 Irmãos (Cuiabá) — IDAP 14/100 — Amarelo: atenção (elevado de Verde por regra determinística) — completude 50% (parcial);2026-07-30T09:58:09-04:00
32421;Barragem 03 – Fazenda 3 Irmãos;Cuiabá;Baixada Cuiabana;rejeito;15;Amarelo;0,500;parcial;5;3;6;1;não;0,01;2;area_x_densidade;0.7;0.7;0,2610;laranja;sede_mais_montante_max;Cuiabá | Nossa Senhora do Livramento | Várzea Grande;alertas/piloto/amarelo_32421.txt;Barragem 03 – Fazenda 3 Irmãos (Cuiabá) — IDAP 15/100 — Amarelo: atenção (elevado de Verde por regra determinística) — completude 50% (parcial);2026-07-30T09:58:09-04:00
34731;Barragem 2  Principal;Cuiabá;Baixada Cuiabana;rejeito;15;Amarelo;0,500;parcial;5;3;6;1;não;0,03;5;area_x_densidade;0.7;0.7;0,2610;laranja;sede_mais_montante_max;Cuiabá | Nossa Senhora do Livramento | Várzea Grande;alertas/piloto/amarelo_34731.txt;Barragem 2  Principal (Cuiabá) — IDAP 15/100 — Amarelo: atenção (elevado de Verde por regra determinística) — completude 50% (parcial);2026-07-30T09:58:09-04:00
34732;BARRAGEM 1;Cuiabá;Baixada Cuiabana;rejeito;15;Amarelo;0,500;parcial;5;3;6;1;não;0,0;1;area_x_densidade;0.7;0.7;0,2610;laranja;sede_mais_montante_max;Cuiabá | Nossa Senhora do Livramento | Várzea Grande;alertas/piloto/amarelo_34732.txt;BARRAGEM 1 (Cuiabá) — IDAP 15/100 — Amarelo: atenção (elevado de Verde por regra determinística) — completude 50% (parcial);2026-07-30T09:58:09-04:00
34734;BARRAGEM 3;Cuiabá;Baixada Cuiabana;rejeito;14;Amarelo;0,500;parcial;5;3;5;1;não;0,0;;area_x_densidade;0.7;0.7;0,2610;laranja;sede_mais_montante_max;Cuiabá | Nossa Senhora do Livramento | Várzea Grande;alertas/piloto/amarelo_34734.txt;BARRAGEM 3 (Cuiabá) — IDAP 14/100 — Amarelo: atenção (elevado de Verde por regra determinística) — completude 50% (parcial);2026-07-30T09:58:09-04:00
34857;Barragem I Jangada Agropastoril;Jangada;Baixada Cuiabana;rejeito;16;Verde;0,500;parcial;5;3;7;1;não;0,52;61;area_x_densidade;0.7;0.7;0,2610;laranja;sede_mais_montante_max;Cuiabá | Jangada | Nossa Senhora do Livramento | Várzea Grande;alertas/piloto/verde_34857.txt;Barragem I Jangada Agropastoril (Jangada) — IDAP 16/100 — Verde: normalidade — completude 50% (parcial);2026-07-30T09:58:09-04:00
35000;Barragem 01 - Fazenda 3 Irmãos;Cuiabá;Baixada Cuiabana;rejeito;15;Amarelo;0,500;parcial;5;3;6;1;não;0,01;1;area_x_densidade;0.7;0.7;0,2610;laranja;sede_mais_montante_max;Cuiabá | Nossa Senhora do Livramento | Várzea Grande;alertas/piloto/amarelo_35000.txt;Barragem 01 - Fazenda 3 Irmãos (Cuiabá) — IDAP 15/100 — Amarelo: atenção (elevado de Verde por regra determinística) — completude 50% (parcial);2026-07-30T09:58:09-04:00
35027;Barramento ? Fazenda Jardim;Cuiabá;Baixada Cuiabana;rejeito;14;Amarelo;0,500;parcial;5;3;5;1;não;0,0;;area_x_densidade;0.7;0.7;0,2610;laranja;sede_mais_montante_max;Cuiabá | Nossa Senhora do Livramento | Várzea Grande;alertas/piloto/amarelo_35027.txt;Barramento ? Fazenda Jardim (Cuiabá) — IDAP 14/100 — Amarelo: atenção (elevado de Verde por regra determinística) — completude 50% (parcial);2026-07-30T09:58:09-04:00
35102;Barragem XVII;Nossa Senhora do Livramento;Baixada Cuiabana;rejeito;15;Verde;0,500;parcial;5;3;6;1;não;0,01;1;area_x_densidade;0.7;0.7;0,3070;laranja;sede_mais_montante_max;Cuiabá | Jangada | Nossa Senhora do Livramento | Várzea Grande;alertas/piloto/verde_35102.txt;Barragem XVII (Nossa Senhora do Livramento) — IDAP 15/100 — Verde: normalidade — completude 50% (parcial);2026-07-30T09:58:09-04:00
35106;Barragem VIII (principal);Nossa Senhora do Livramento;Baixada Cuiabana;rejeito;14;Verde;0,500;parcial;5;3;5;1;não;0,0;;area_x_densidade;0.3;0.6;0,3070;laranja;sede_mais_montante_max;Cuiabá | Nossa Senhora do Livramento | Várzea Grande;alertas/piloto/verde_35106.txt;Barragem VIII (principal) (Nossa Senhora do Livramento) — IDAP 14/100 — Verde: normalidade — completude 50% (parcial);2026-07-30T09:58:09-04:00
35107;Barragem VII (montante);Nossa Senhora do Livramento;Baixada Cuiabana;rejeito;15;Verde;0,500;parcial;5;3;6;1;não;0,0;1;area_x_densidade;0.3;0.6;0,3070;laranja;sede_mais_montante_max;Cuiabá | Nossa Senhora do Livramento | Várzea Grande;alertas/piloto/verde_35107.txt;Barragem VII (montante) (Nossa Senhora do Livramento) — IDAP 15/100 — Verde: normalidade — completude 50% (parcial);2026-07-30T09:58:09-04:00
35108;Barragem VI (montante);Nossa Senhora do Livramento;Baixada Cuiabana;rejeito;15;Verde;0,500;parcial;5;3;6;1;não;0,01;2;area_x_densidade;0.3;0.6;0,3070;laranja;sede_mais_montante_max;Cuiabá | Nossa Senhora do Livramento | Várzea Grande;alertas/piloto/verde_35108.txt;Barragem VI (montante) (Nossa Senhora do Livramento) — IDAP 15/100 — Verde: normalidade — completude 50% (parcial);2026-07-30T09:58:09-04:00
35115;Barragem XIX;Nossa Senhora do Livramento;Baixada Cuiabana;rejeito;15;Verde;0,500;parcial;5;3;6;1;não;0,03;5;area_x_densidade;0.3;0.6;0,3070;laranja;sede_mais_montante_max;Cuiabá | Nossa Senhora do Livramento | Várzea Grande;alertas/piloto/verde_35115.txt;Barragem XIX (Nossa Senhora do Livramento) — IDAP 15/100 — Verde: normalidade — completude 50% (parcial);2026-07-30T09:58:09-04:00
35116;Barragem XVIII;Nossa Senhora do Livramento;Baixada Cuiabana;rejeito;15;Verde;0,500;parcial;5;3;6;1;não;0,02;2;area_x_densidade;0.3;0.6;0,3070;laranja;sede_mais_montante_max;Cuiabá | Nossa Senhora do Livramento | Várzea Grande;alertas/piloto/verde_35116.txt;Barragem XVIII (Nossa Senhora do Livramento) — IDAP 15/100 — Verde: normalidade — completude 50% (parcial);2026-07-30T09:58:09-04:00
35119;BARRAGEM ROSA CRISTINA I;Várzea Grande;Baixada Cuiabana;rejeito;15;Verde;0,500;parcial;5;3;6;1;não;0,05;7;area_x_densidade;0.7;0.7;0,2710;laranja;sede_mais_montante_max;Cuiabá | Nossa Senhora do Livramento | Várzea Grande;alertas/piloto/verde_35119.txt;BARRAGEM ROSA CRISTINA I (Várzea Grande) — IDAP 15/100 — Verde: normalidade — completude 50% (parcial);2026-07-30T09:58:09-04:00
35180;Barramento 7;Cuiabá;Baixada Cuiabana;rejeito;15;Amarelo;0,500;parcial;5;3;6;1;não;0,02;3;area_x_densidade;0.7;0.7;0,2610;laranja;sede_mais_montante_max;Cuiabá | Nossa Senhora do Livramento | Várzea Grande;alertas/piloto/amarelo_35180.txt;Barramento 7 (Cuiabá) — IDAP 15/100 — Amarelo: atenção (elevado de Verde por regra determinística) — completude 50% (parcial);2026-07-30T09:58:09-04:00
35181;Barramento 6;Cuiabá;Baixada Cuiabana;rejeito;15;Amarelo;0,500;parcial;5;3;6;1;não;0,01;1;area_x_densidade;0.7;0.7;0,2610;laranja;sede_mais_montante_max;Cuiabá | Nossa Senhora do Livramento | Várzea Grande;alertas/piloto/amarelo_35181.txt;Barramento 6 (Cuiabá) — IDAP 15/100 — Amarelo: atenção (elevado de Verde por regra determinística) — completude 50% (parcial);2026-07-30T09:58:09-04:00
35182;Barramento 5;Cuiabá;Baixada Cuiabana;rejeito;14;Amarelo;0,500;parcial;5;3;5;1;não;0,0;;area_x_densidade;0.7;0.7;0,2610;laranja;sede_mais_montante_max;Cuiabá | Nossa Senhora do Livramento | Várzea Grande;alertas/piloto/amarelo_35182.txt;Barramento 5 (Cuiabá) — IDAP 14/100 — Amarelo: atenção (elevado de Verde por regra determinística) — completude 50% (parcial);2026-07-30T09:58:09-04:00
35229;Fazenda Jangada Agropastoril II - Barragem Principal;Jangada;Baixada Cuiabana;rejeito;15;Verde;0,500;parcial;5;3;6;1;não;0,01;1;area_x_densidade;0.7;0.7;0,2610;laranja;sede_mais_montante_max;Cuiabá | Jangada | Nossa Senhora do Livramento | Várzea Grande;alertas/piloto/verde_35229.txt;Fazenda Jangada Agropastoril II - Barragem Principal (Jangada) — IDAP 15/100 — Verde: normalidade — completude 50% (parcial);2026-07-30T09:58:09-04:00
35637;BA-01;Nossa Senhora do Livramento;Baixada Cuiabana;rejeito;15;Verde;0,500;parcial;5;3;6;1;não;0,1;15;area_x_densidade;0.7;0.7;0,3070;laranja;sede_mais_montante_max;Cuiabá | Nossa Senhora do Livramento | Várzea Grande;alertas/piloto/verde_35637.txt;BA-01 (Nossa Senhora do Livramento) — IDAP 15/100 — Verde: normalidade — completude 50% (parcial);2026-07-30T09:58:09-04:00
36689;Barragem I - Fazenda Pouso da Garça;Cuiabá;Baixada Cuiabana;rejeito;15;Amarelo;0,500;parcial;5;3;6;1;não;0,13;19;area_x_densidade;0.7;0.7;0,2610;laranja;sede_mais_montante_max;Cuiabá | Nossa Senhora do Livramento | Várzea Grande;alertas/piloto/amarelo_36689.txt;Barragem I - Fazenda Pouso da Garça (Cuiabá) — IDAP 15/100 — Amarelo: atenção (elevado de Verde por regra determinística) — completude 50% (parcial);2026-07-30T09:58:09-04:00
36690;Barragem II - Fazenda Pouso da Garça;Cuiabá;Baixada Cuiabana;rejeito;15;Amarelo;0,500;parcial;5;3;6;1;não;0,03;4;area_x_densidade;0.7;0.7;0,2610;laranja;sede_mais_montante_max;Cuiabá | Nossa Senhora do Livramento | Várzea Grande;alertas/piloto/amarelo_36690.txt;Barragem II - Fazenda Pouso da Garça (Cuiabá) — IDAP 15/100 — Amarelo: atenção (elevado de Verde por regra determinística) — completude 50% (parcial);2026-07-30T09:58:09-04:00
36691;Barragem III - Fazenda Pouso da Garça;Cuiabá;Baixada Cuiabana;rejeito;15;Amarelo;0,500;parcial;5;3;6;1;não;0,03;4;area_x_densidade;0.7;0.7;0,2610;laranja;sede_mais_montante_max;Cuiabá | Nossa Senhora do Livramento | Várzea Grande;alertas/piloto/amarelo_36691.txt;Barragem III - Fazenda Pouso da Garça (Cuiabá) — IDAP 15/100 — Amarelo: atenção (elevado de Verde por regra determinística) — completude 50% (parcial);2026-07-30T09:58:09-04:00
37396;Solimões Indústria e Comércio de Óleos e Proteínas Ltda ? Barragem I;Nossa Senhora do Livramento;Baixada Cuiabana;rejeito;15;Verde;0,500;parcial;5;3;6;1;não;0,01;1;area_x_densidade;0.7;0.7;0,3070;laranja;sede_mais_montante_max;Cuiabá | Nossa Senhora do Livramento | Várzea Grande;alertas/piloto/verde_37396.txt;Solimões Indústria e Comércio de Óleos e Proteínas Ltda ? Barragem I (Nossa Senhora do Livramento) — IDAP 15/100 — Verde: normalidade — completude 50% (parcial);2026-07-30T09:58:09-04:00
20047;Fazenda Murici Sesmaria Molhado;Nossa Senhora do Livramento;Baixada Cuiabana;rejeito;14;Verde;0,500;parcial;5;2;6;1;não;0,02;4;area_x_densidade;0.3;0.6;0,3070;laranja;sede_mais_montante_max;Cuiabá | Nossa Senhora do Livramento | Várzea Grande;alertas/piloto/verde_20047.txt;Fazenda Murici Sesmaria Molhado (Nossa Senhora do Livramento) — IDAP 14/100 — Verde: normalidade — completude 50% (parcial);2026-07-30T09:58:09-04:00
20048;Fazenda Murici Sesmaria Molhado;Nossa Senhora do Livramento;Baixada Cuiabana;rejeito;14;Verde;0,500;parcial;5;2;6;1;não;0,22;35;area_x_densidade;0.3;0.6;0,3070;laranja;sede_mais_montante_max;Cuiabá | Nossa Senhora do Livramento | Várzea Grande;alertas/piloto/verde_20048.txt;Fazenda Murici Sesmaria Molhado (Nossa Senhora do Livramento) — IDAP 14/100 — Verde: normalidade — completude 50% (parcial);2026-07-30T09:58:09-04:00
20049;Fazenda Murici Sesmaria Molhado;Nossa Senhora do Livramento;Baixada Cuiabana;rejeito;15;Verde;0,500;parcial;5;2;7;1;não;0,35;54;area_x_densidade;0.3;0.6;0,3070;laranja;sede_mais_montante_max;Cuiabá | Nossa Senhora do Livramento | Várzea Grande;alertas/piloto/verde_20049.txt;Fazenda Murici Sesmaria Molhado (Nossa Senhora do Livramento) — IDAP 15/100 — Verde: normalidade — completude 50% (parcial);2026-07-30T09:58:09-04:00
20135;Fazenda São Jose;Várzea Grande;Baixada Cuiabana;rejeito;14;Verde;0,500;parcial;5;2;6;1;não;0,06;18;area_x_densidade;0.7;0.7;0,2710;laranja;sede_mais_montante_max;Várzea Grande;alertas/piloto/verde_20135.txt;Fazenda São Jose (Várzea Grande) — IDAP 14/100 — Verde: normalidade — completude 50% (parcial);2026-07-30T09:58:09-04:00
20138;Fazenda Santa Luzia;Várzea Grande;Baixada Cuiabana;rejeito;14;Verde;0,500;parcial;5;2;6;1;não;0,01;1;area_x_densidade;0.7;0.7;0,2710;laranja;sede_mais_montante_max;Cuiabá | Nossa Senhora do Livramento | Várzea Grande;alertas/piloto/verde_20138.txt;Fazenda Santa Luzia (Várzea Grande) — IDAP 14/100 — Verde: normalidade — completude 50% (parcial);2026-07-30T09:58:09-04:00
20141;Chapéu do Sol;Várzea Grande;Baixada Cuiabana;rejeito;14;Verde;0,500;parcial;5;2;6;1;não;0,01;1;area_x_densidade;0.7;0.7;0,2710;laranja;sede_mais_montante_max;Cuiabá | Nossa Senhora do Livramento | Várzea Grande;alertas/piloto/verde_20141.txt;Chapéu do Sol (Várzea Grande) — IDAP 14/100 — Verde: normalidade — completude 50% (parcial);2026-07-30T09:58:09-04:00
20196;Afluente do Pitomba;Várzea Grande;Baixada Cuiabana;rejeito;14;Verde;0,500;parcial;5;2;6;1;não;0,04;6;area_x_densidade;0.7;0.7;0,2710;laranja;sede_mais_montante_max;Cuiabá | Nossa Senhora do Livramento | Várzea Grande;alertas/piloto/verde_20196.txt;Afluente do Pitomba (Várzea Grande) — IDAP 14/100 — Verde: normalidade — completude 50% (parcial);2026-07-30T09:58:09-04:00
21935;córrego Sapateiro;Várzea Grande;Baixada Cuiabana;rejeito;14;Verde;0,500;parcial;5;2;6;1;não;0,01;2;area_x_densidade;0.7;0.7;0,2710;laranja;sede_mais_montante_max;Cuiabá | Nossa Senhora do Livramento | Várzea Grande;alertas/piloto/verde_21935.txt;córrego Sapateiro (Várzea Grande) — IDAP 14/100 — Verde: normalidade — completude 50% (parcial);2026-07-30T09:58:09-04:00
27954;Lago Recreativo Cuiabá;Cuiabá;Baixada Cuiabana;rejeito;16;Amarelo;0,500;parcial;5;2;8;1;não;1,67;259;area_x_densidade;0.7;0.7;0,2610;laranja;sede_mais_montante_max;Cuiabá | Nossa Senhora do Livramento | Várzea Grande;alertas/piloto/amarelo_27954.txt;Lago Recreativo Cuiabá (Cuiabá) — IDAP 16/100 — Amarelo: atenção (elevado de Verde por regra determinística) — completude 50% (parcial);2026-07-30T09:58:09-04:00
31620;Loteamento Brisas do Campo;Cuiabá;Baixada Cuiabana;rejeito;13;Amarelo;0,500;parcial;5;2;5;1;não;0,0;;area_x_densidade;0.7;0.7;0,2610;laranja;sede_mais_montante_max;Cuiabá | Nossa Senhora do Livramento | Várzea Grande;alertas/piloto/amarelo_31620.txt;Loteamento Brisas do Campo (Cuiabá) — IDAP 13/100 — Amarelo: atenção (elevado de Verde por regra determinística) — completude 50% (parcial);2026-07-30T09:58:09-04:00
31954;SS RANCH;Cuiabá;Baixada Cuiabana;rejeito;14;Amarelo;0,630;parcial;5;1;6;2;não;0,23;36;area_x_densidade;0.7;0.7;0,2610;laranja;sede_mais_montante_max;Cuiabá | Nossa Senhora do Livramento | Várzea Grande;alertas/piloto/amarelo_31954.txt;SS RANCH (Cuiabá) — IDAP 14/100 — Amarelo: atenção (elevado de Verde por regra determinística) — completude 63% (parcial);2026-07-30T09:58:09-04:00
32445;Mangaba e Aterrado;Cuiabá;Baixada Cuiabana;rejeito;14;Amarelo;0,500;parcial;5;2;6;1;não;0,04;6;area_x_densidade;0.7;0.7;0,2610;laranja;sede_mais_montante_max;Cuiabá | Nossa Senhora do Livramento | Várzea Grande;alertas/piloto/amarelo_32445.txt;Mangaba e Aterrado (Cuiabá) — IDAP 14/100 — Amarelo: atenção (elevado de Verde por regra determinística) — completude 50% (parcial);2026-07-30T09:58:09-04:00
33355;Barramento 2 - Mangaba Urbanismo LTDA;Cuiabá;Baixada Cuiabana;rejeito;14;Amarelo;0,500;parcial;5;2;6;1;não;0,0;1;area_x_densidade;0.7;0.7;0,2610;laranja;sede_mais_montante_max;Cuiabá | Nossa Senhora do Livramento | Várzea Grande;alertas/piloto/amarelo_33355.txt;Barramento 2 - Mangaba Urbanismo LTDA (Cuiabá) — IDAP 14/100 — Amarelo: atenção (elevado de Verde por regra determinística) — completude 50% (parcial);2026-07-30T09:58:09-04:00
33960;Barramento 1 - Mangaba Urbanismo LTDA;Cuiabá;Baixada Cuiabana;rejeito;14;Amarelo;0,500;parcial;5;2;6;1;não;0,0;1;area_x_densidade;0.7;0.7;0,2610;laranja;sede_mais_montante_max;Cuiabá | Nossa Senhora do Livramento | Várzea Grande;alertas/piloto/amarelo_33960.txt;Barramento 1 - Mangaba Urbanismo LTDA (Cuiabá) — IDAP 14/100 — Amarelo: atenção (elevado de Verde por regra determinística) — completude 50% (parcial);2026-07-30T09:58:09-04:00
340;Piscicultura São Rafael;Nossa Senhora do Livramento;Baixada Cuiabana;rejeito;15;Verde;0,500;parcial;5;2;7;1;não;0,76;89;area_x_densidade;0.7;0.7;0,3070;laranja;sede_mais_montante_max;Cuiabá | Jangada | Nossa Senhora do Livramento | Várzea Grande;alertas/piloto/verde_340.txt;Piscicultura São Rafael (Nossa Senhora do Livramento) — IDAP 15/100 — Verde: normalidade — completude 50% (parcial);2026-07-30T09:58:09-04:00
34733;BARRAGEM 2 SUPERIOR;Cuiabá;Baixada Cuiabana;rejeito;14;Amarelo;0,500;parcial;5;2;6;1;não;0,02;3;area_x_densidade;0.7;0.7;0,2610;laranja;sede_mais_montante_max;Cuiabá | Nossa Senhora do Livramento | Várzea Grande;alertas/piloto/amarelo_34733.txt;BARRAGEM 2 SUPERIOR (Cuiabá) — IDAP 14/100 — Amarelo: atenção (elevado de Verde por regra determinística) — completude 50% (parcial);2026-07-30T09:58:09-04:00
35147;Fazenda Curió - Barramento 3;Rosário Oeste;Baixada Cuiabana;rejeito;14;Verde;0,500;parcial;4;3;6;1;não;0,01;1;area_x_densidade;0.1;0.2;0,1850;laranja;sede_mais_montante_max;Cuiabá | Nossa Senhora do Livramento | Várzea Grande;alertas/piloto/verde_35147.txt;Fazenda Curió - Barramento 3 (Rosário Oeste) — IDAP 14/100 — Verde: normalidade — completude 50% (parcial);2026-07-30T09:58:09-04:00
35150;Fazenda Curió - Barramento I;Rosário Oeste;Baixada Cuiabana;rejeito;14;Verde;0,500;parcial;4;3;6;1;não;0,07;11;area_x_densidade;0.1;0.2;0,1850;laranja;sede_mais_montante_max;Cuiabá | Nossa Senhora do Livramento | Várzea Grande;alertas/piloto/verde_35150.txt;Fazenda Curió - Barramento I (Rosário Oeste) — IDAP 14/100 — Verde: normalidade — completude 50% (parcial);2026-07-30T09:58:09-04:00
36516;Barramento 3;Cuiabá;Baixada Cuiabana;rejeito;14;Amarelo;0,500;parcial;5;2;6;1;não;0,02;3;area_x_densidade;0.7;0.7;0,2610;laranja;sede_mais_montante_max;Cuiabá | Nossa Senhora do Livramento | Várzea Grande;alertas/piloto/amarelo_36516.txt;Barramento 3 (Cuiabá) — IDAP 14/100 — Amarelo: atenção (elevado de Verde por regra determinística) — completude 50% (parcial);2026-07-30T09:58:09-04:00
36539;Barramento Pé de Pequi I;Chapada dos Guimarães;Baixada Cuiabana;rejeito;13;Amarelo;0,500;parcial;4;3;5;1;não;0,0;;area_x_densidade;0.1;0.1;0,0000;laranja;municipio_sede;Chapada dos Guimarães | Cuiabá | Jangada | Nossa Senhora do Livramento | Rosário Oeste | Santo Antônio de Leverger | Várzea Grande;alertas/piloto/amarelo_36539.txt;Barramento Pé de Pequi I (Chapada dos Guimarães) — IDAP 13/100 — Amarelo: atenção (elevado de Verde por regra determinística) — completude 50% (parcial);2026-07-30T09:58:09-04:00
5339;ESTÂNCIA RANCHO DOURADO;Várzea Grande;Baixada Cuiabana;rejeito;14;Verde;0,500;parcial;5;2;6;1;não;0,06;9;area_x_densidade;0.7;0.7;0,2710;laranja;sede_mais_montante_max;Cuiabá | Nossa Senhora do Livramento | Várzea Grande;alertas/piloto/verde_5339.txt;ESTÂNCIA RANCHO DOURADO (Várzea Grande) — IDAP 14/100 — Verde: normalidade — completude 50% (parcial);2026-07-30T09:58:09-04:00
20601;UHE Manso - Dique 2;Chapada dos Guimarães;Baixada Cuiabana;rejeito;17;Amarelo;0,530;parcial;4;1;10;2;não;1834,25;147657;area_x_densidade;0.1;0.1;0,0000;laranja;municipio_sede;Cuiabá | Jangada | Nossa Senhora do Livramento | Rosário Oeste | Santo Antônio de Leverger | Várzea Grande;alertas/piloto/amarelo_20601.txt;UHE Manso - Dique 2 (Chapada dos Guimarães) — IDAP 17/100 — Amarelo: atenção (elevado de Verde por regra determinística) — completude 53% (parcial);2026-07-30T09:58:09-04:00
20602;UHE Manso - Dique 3;Chapada dos Guimarães;Baixada Cuiabana;rejeito;17;Amarelo;0,530;parcial;4;1;10;2;não;1834,25;147657;area_x_densidade;0.1;0.1;0,0000;laranja;municipio_sede;Cuiabá | Jangada | Nossa Senhora do Livramento | Rosário Oeste | Santo Antônio de Leverger | Várzea Grande;alertas/piloto/amarelo_20602.txt;UHE Manso - Dique 3 (Chapada dos Guimarães) — IDAP 17/100 — Amarelo: atenção (elevado de Verde por regra determinística) — completude 53% (parcial);2026-07-30T09:58:09-04:00
20603;UHE Manso - Dique 4;Chapada dos Guimarães;Baixada Cuiabana;rejeito;17;Amarelo;0,530;parcial;4;1;10;2;não;1834,25;147657;area_x_densidade;0.1;0.1;0,0000;laranja;municipio_sede;Cuiabá | Jangada | Nossa Senhora do Livramento | Rosário Oeste | Santo Antônio de Leverger | Várzea Grande;alertas/piloto/amarelo_20603.txt;UHE Manso - Dique 4 (Chapada dos Guimarães) — IDAP 17/100 — Amarelo: atenção (elevado de Verde por regra determinística) — completude 53% (parcial);2026-07-30T09:58:09-04:00
20604;UHE Manso - Dique 5;Chapada dos Guimarães;Baixada Cuiabana;rejeito;17;Amarelo;0,530;parcial;4;1;10;2;não;1834,25;147657;area_x_densidade;0.1;0.1;0,0000;laranja;municipio_sede;Cuiabá | Jangada | Nossa Senhora do Livramento | Rosário Oeste | Santo Antônio de Leverger | Várzea Grande;alertas/piloto/amarelo_20604.txt;UHE Manso - Dique 5 (Chapada dos Guimarães) — IDAP 17/100 — Amarelo: atenção (elevado de Verde por regra determinística) — completude 53% (parcial);2026-07-30T09:58:09-04:00
20605;UHE Manso - Dique 6;Chapada dos Guimarães;Baixada Cuiabana;rejeito;17;Amarelo;0,530;parcial;4;1;10;2;não;1834,25;147657;area_x_densidade;0.1;0.1;0,0000;laranja;municipio_sede;Cuiabá | Jangada | Nossa Senhora do Livramento | Rosário Oeste | Santo Antônio de Leverger | Várzea Grande;alertas/piloto/amarelo_20605.txt;UHE Manso - Dique 6 (Chapada dos Guimarães) — IDAP 17/100 — Amarelo: atenção (elevado de Verde por regra determinística) — completude 53% (parcial);2026-07-30T09:58:09-04:00
20606;UHE Manso - Dique 7;Chapada dos Guimarães;Baixada Cuiabana;rejeito;17;Amarelo;0,530;parcial;4;1;10;2;não;1834,25;147657;area_x_densidade;0.1;0.1;0,0000;laranja;municipio_sede;Cuiabá | Jangada | Nossa Senhora do Livramento | Rosário Oeste | Santo Antônio de Leverger | Várzea Grande;alertas/piloto/amarelo_20606.txt;UHE Manso - Dique 7 (Chapada dos Guimarães) — IDAP 17/100 — Amarelo: atenção (elevado de Verde por regra determinística) — completude 53% (parcial);2026-07-30T09:58:09-04:00
20754;Fazenda 3 irmãos;Cuiabá;Baixada Cuiabana;rejeito;13;Amarelo;0,500;parcial;5;1;6;1;não;0,08;12;area_x_densidade;0.7;0.7;0,2610;laranja;sede_mais_montante_max;Cuiabá | Nossa Senhora do Livramento | Várzea Grande;alertas/piloto/amarelo_20754.txt;Fazenda 3 irmãos (Cuiabá) — IDAP 13/100 — Amarelo: atenção (elevado de Verde por regra determinística) — completude 50% (parcial);2026-07-30T09:58:09-04:00
29888;BARRAGEM FAZENDA PANFLORA;Rosário Oeste;Baixada Cuiabana;rejeito;13;Verde;0,500;parcial;4;2;6;1;não;0,04;5;area_x_densidade;0.1;0.2;0,1850;laranja;sede_mais_montante_max;Cuiabá | Nossa Senhora do Livramento | Várzea Grande;alertas/piloto/verde_29888.txt;BARRAGEM FAZENDA PANFLORA (Rosário Oeste) — IDAP 13/100 — Verde: normalidade — completude 50% (parcial);2026-07-30T09:58:09-04:00
35136;Barramento 4;Cuiabá;Baixada Cuiabana;rejeito;13;Amarelo;0,500;parcial;5;1;6;1;não;0,02;3;area_x_densidade;0.7;0.7;0,2610;laranja;sede_mais_montante_max;Cuiabá | Nossa Senhora do Livramento | Várzea Grande;alertas/piloto/amarelo_35136.txt;Barramento 4 (Cuiabá) — IDAP 13/100 — Amarelo: atenção (elevado de Verde por regra determinística) — completude 50% (parcial);2026-07-30T09:58:09-04:00
35231;Fazenda Jangada Agropastoril - Barragem a montante;Jangada;Baixada Cuiabana;rejeito;13;Verde;0,500;parcial;5;1;6;1;não;0,01;1;area_x_densidade;0.7;0.7;0,2610;laranja;sede_mais_montante_max;Cuiabá | Jangada | Nossa Senhora do Livramento | Várzea Grande;alertas/piloto/verde_35231.txt;Fazenda Jangada Agropastoril - Barragem a montante (Jangada) — IDAP 13/100 — Verde: normalidade — completude 50% (parcial);2026-07-30T09:58:09-04:00
36517;Barramento 2 (Montante);Cuiabá;Baixada Cuiabana;rejeito;13;Amarelo;0,500;parcial;5;1;6;1;não;0,0;1;area_x_densidade;0.7;0.7;0,2610;laranja;sede_mais_montante_max;Cuiabá | Nossa Senhora do Livramento | Várzea Grande;alertas/piloto/amarelo_36517.txt;Barramento 2 (Montante) (Cuiabá) — IDAP 13/100 — Amarelo: atenção (elevado de Verde por regra determinística) — completude 50% (parcial);2026-07-30T09:58:09-04:00
4436;UHE Manso - Barragem de Terra do Leito do Rio;Chapada dos Guimarães;Baixada Cuiabana;rejeito;17;Amarelo;0,530;parcial;4;1;10;2;não;1834,25;286143;area_x_densidade;0.1;0.1;0,0000;laranja;municipio_sede;Chapada dos Guimarães | Cuiabá | Várzea Grande;alertas/piloto/amarelo_4436.txt;UHE Manso - Barragem de Terra do Leito do Rio (Chapada dos Guimarães) — IDAP 17/100 — Amarelo: atenção (elevado de Verde por regra determinística) — completude 53% (parcial);2026-07-30T09:58:09-04:00
5490;Fazenda Dona Leila - RESERVATÓRIO 1;Rosário Oeste;Baixada Cuiabana;rejeito;14;Verde;0,500;parcial;4;2;7;1;não;0,96;149;area_x_densidade;0.1;0.2;0,1850;laranja;sede_mais_montante_max;Cuiabá | Nossa Senhora do Livramento | Várzea Grande;alertas/piloto/verde_5490.txt;Fazenda Dona Leila - RESERVATÓRIO 1 (Rosário Oeste) — IDAP 14/100 — Verde: normalidade — completude 50% (parcial);2026-07-30T09:58:09-04:00
7989;Faz. Cabeça Branca - Barragem 06;Nossa Senhora do Livramento;Baixada Cuiabana;rejeito;13;Verde;0,500;parcial;5;1;6;1;não;0,01;1;area_x_densidade;0.3;0.6;0,3070;laranja;sede_mais_montante_max;Cuiabá | Nossa Senhora do Livramento | Várzea Grande;alertas/piloto/verde_7989.txt;Faz. Cabeça Branca - Barragem 06 (Nossa Senhora do Livramento) — IDAP 13/100 — Verde: normalidade — completude 50% (parcial);2026-07-30T09:58:09-04:00
7990;Faz. Cabeça Branca - Barragem 05;Nossa Senhora do Livramento;Baixada Cuiabana;rejeito;13;Verde;0,500;parcial;5;1;6;1;não;0,02;3;area_x_densidade;0.3;0.6;0,3070;laranja;sede_mais_montante_max;Cuiabá | Nossa Senhora do Livramento | Várzea Grande;alertas/piloto/verde_7990.txt;Faz. Cabeça Branca - Barragem 05 (Nossa Senhora do Livramento) — IDAP 13/100 — Verde: normalidade — completude 50% (parcial);2026-07-30T09:58:09-04:00
7991;Faz. Cabeça Branca - Barragem 04;Nossa Senhora do Livramento;Baixada Cuiabana;rejeito;13;Verde;0,500;parcial;5;1;6;1;não;0,0;1;area_x_densidade;0.3;0.6;0,3070;laranja;sede_mais_montante_max;Cuiabá | Nossa Senhora do Livramento | Várzea Grande;alertas/piloto/verde_7991.txt;Faz. Cabeça Branca - Barragem 04 (Nossa Senhora do Livramento) — IDAP 13/100 — Verde: normalidade — completude 50% (parcial);2026-07-30T09:58:09-04:00
7992;Fazenda Cabeça Branca - Barragem 03;Nossa Senhora do Livramento;Baixada Cuiabana;rejeito;13;Verde;0,500;parcial;5;1;6;1;não;0,08;12;area_x_densidade;0.3;0.6;0,3070;laranja;sede_mais_montante_max;Cuiabá | Nossa Senhora do Livramento | Várzea Grande;alertas/piloto/verde_7992.txt;Fazenda Cabeça Branca - Barragem 03 (Nossa Senhora do Livramento) — IDAP 13/100 — Verde: normalidade — completude 50% (parcial);2026-07-30T09:58:09-04:00
7993;Faz. Cabeça Branca - Barragem 02;Nossa Senhora do Livramento;Baixada Cuiabana;rejeito;13;Verde;0,500;parcial;5;1;6;1;não;0,02;3;area_x_densidade;0.3;0.6;0,3070;laranja;sede_mais_montante_max;Cuiabá | Nossa Senhora do Livramento | Várzea Grande;alertas/piloto/verde_7993.txt;Faz. Cabeça Branca - Barragem 02 (Nossa Senhora do Livramento) — IDAP 13/100 — Verde: normalidade — completude 50% (parcial);2026-07-30T09:58:09-04:00
7994;Faz. Cabeça Branca - Barragem 01;Nossa Senhora do Livramento;Baixada Cuiabana;rejeito;13;Verde;0,500;parcial;5;1;6;1;não;0,11;13;area_x_densidade;0.7;0.7;0,3070;laranja;sede_mais_montante_max;Cuiabá | Jangada | Nossa Senhora do Livramento | Várzea Grande;alertas/piloto/verde_7994.txt;Faz. Cabeça Branca - Barragem 01 (Nossa Senhora do Livramento) — IDAP 13/100 — Verde: normalidade — completude 50% (parcial);2026-07-30T09:58:09-04:00
8008;Estância Recreio;Nossa Senhora do Livramento;Baixada Cuiabana;rejeito;13;Verde;0,500;parcial;5;1;6;1;não;0,09;14;area_x_densidade;0.7;0.7;0,3070;laranja;sede_mais_montante_max;Cuiabá | Nossa Senhora do Livramento | Várzea Grande;alertas/piloto/verde_8008.txt;Estância Recreio (Nossa Senhora do Livramento) — IDAP 13/100 — Verde: normalidade — completude 50% (parcial);2026-07-30T09:58:09-04:00
20618;PCH Casca II - B02 - Ponte Alta;Chapada dos Guimarães;Baixada Cuiabana;rejeito;12;Amarelo;0,500;parcial;4;1;6;1;não;0,01;1;area_x_densidade;0.1;0.1;0,0000;laranja;municipio_sede;Chapada dos Guimarães | Cuiabá | Jangada | Nossa Senhora do Livramento | Rosário Oeste | Santo Antônio de Leverger | Várzea Grande;alertas/piloto/amarelo_20618.txt;PCH Casca II - B02 - Ponte Alta (Chapada dos Guimarães) — IDAP 12/100 — Amarelo: atenção (elevado de Verde por regra determinística) — completude 50% (parcial);2026-07-30T09:58:09-04:00
27940;Estância 2R - Retiro Vista Alegre;Rosário Oeste;Baixada Cuiabana;rejeito;11;Verde;0,500;parcial;4;1;5;1;não;0,0;;area_x_densidade;0.1;0.2;0,1850;laranja;sede_mais_montante_max;Cuiabá | Nossa Senhora do Livramento | Rosário Oeste | Várzea Grande;alertas/piloto/verde_27940.txt;Estância 2R - Retiro Vista Alegre (Rosário Oeste) — IDAP 11/100 — Verde: normalidade — completude 50% (parcial);2026-07-30T09:58:09-04:00
34145;UHE Manso - Barragem da Margem Direita;Chapada dos Guimarães;Baixada Cuiabana;rejeito;16;Amarelo;0,500;parcial;4;1;10;1;não;1834,25;286143;area_x_densidade;0.1;0.1;0,0000;laranja;municipio_sede;Chapada dos Guimarães | Cuiabá | Várzea Grande;alertas/piloto/amarelo_34145.txt;UHE Manso - Barragem da Margem Direita (Chapada dos Guimarães) — IDAP 16/100 — Amarelo: atenção (elevado de Verde por regra determinística) — completude 50% (parcial);2026-07-30T09:58:09-04:00
34146;UHE Manso - Barragem da Margem Esquerda;Chapada dos Guimarães;Baixada Cuiabana;rejeito;16;Amarelo;0,500;parcial;4;1;10;1;não;1834,25;286143;area_x_densidade;0.1;0.1;0,0000;laranja;municipio_sede;Chapada dos Guimarães | Cuiabá | Várzea Grande;alertas/piloto/amarelo_34146.txt;UHE Manso - Barragem da Margem Esquerda (Chapada dos Guimarães) — IDAP 16/100 — Amarelo: atenção (elevado de Verde por regra determinística) — completude 50% (parcial);2026-07-30T09:58:09-04:00
4931;PCH Casca II - B01 - CASCA I;Chapada dos Guimarães;Baixada Cuiabana;rejeito;12;Amarelo;0,500;parcial;4;1;6;1;não;0,01;1;area_x_densidade;0.1;0.1;0,0000;laranja;municipio_sede;Chapada dos Guimarães | Cuiabá | Jangada | Nossa Senhora do Livramento | Rosário Oeste | Santo Antônio de Leverger | Várzea Grande;alertas/piloto/amarelo_4931.txt;PCH Casca II - B01 - CASCA I (Chapada dos Guimarães) — IDAP 12/100 — Amarelo: atenção (elevado de Verde por regra determinística) — completude 50% (parcial);2026-07-30T09:58:09-04:00
8009;Faz. Dona Leila - Reservatório 12;Rosário Oeste;Baixada Cuiabana;rejeito;12;Verde;0,500;parcial;4;1;6;1;não;0,29;45;area_x_densidade;0.1;0.2;0,1850;laranja;sede_mais_montante_max;Cuiabá | Nossa Senhora do Livramento | Várzea Grande;alertas/piloto/verde_8009.txt;Faz. Dona Leila - Reservatório 12 (Rosário Oeste) — IDAP 12/100 — Verde: normalidade — completude 50% (parcial);2026-07-30T09:58:09-04:00
8010;Faz. Dona Leila - Reservatório 13;Rosário Oeste;Baixada Cuiabana;rejeito;13;Verde;0,500;parcial;4;1;7;1;não;0,51;78;area_x_densidade;0.1;0.2;0,1850;laranja;sede_mais_montante_max;Cuiabá | Nossa Senhora do Livramento | Várzea Grande;alertas/piloto/verde_8010.txt;Faz. Dona Leila - Reservatório 13 (Rosário Oeste) — IDAP 13/100 — Verde: normalidade — completude 50% (parcial);2026-07-30T09:58:09-04:00
20177;Faz. Carvalho;Nobres;Baixada Cuiabana;rejeito;10;Verde;0,460;parcial;1;2;6;1;não;0,01;1;area_x_densidade;0.2;0.9;0,0140;;municipio_sede;Cuiabá | Jangada | Nossa Senhora do Livramento | Rosário Oeste | Santo Antônio de Leverger | Várzea Grande;alertas/piloto/verde_20177.txt;Faz. Carvalho (Nobres) — IDAP 10/100 — Verde: normalidade — completude 46% (parcial);2026-07-30T09:58:09-04:00
35396;Fazenda São José;Rosário Oeste;Baixada Cuiabana;rejeito;11;Verde;0,460;parcial;0;3;7;1;não;0,86;69;area_x_densidade;0.0;0.2;0,1850;;municipio_sede;Cuiabá | Jangada | Nossa Senhora do Livramento | Rosário Oeste | Santo Antônio de Leverger | Várzea Grande;alertas/piloto/verde_35396.txt;Fazenda São José (Rosário Oeste) — IDAP 11/100 — Verde: normalidade — completude 46% (parcial);2026-07-30T09:58:09-04:00
35477;Barramento III - Fazenda São José I;Rosário Oeste;Baixada Cuiabana;rejeito;10;Verde;0,460;parcial;0;3;6;1;não;0,04;3;area_x_densidade;0.0;0.2;0,1850;;municipio_sede;Cuiabá | Jangada | Nossa Senhora do Livramento | Rosário Oeste | Santo Antônio de Leverger | Várzea Grande;alertas/piloto/verde_35477.txt;Barramento III - Fazenda São José I (Rosário Oeste) — IDAP 10/100 — Verde: normalidade — completude 46% (parcial);2026-07-30T09:58:09-04:00
4224;UHE Manso - Dique 1;Nobres;Baixada Cuiabana;rejeito;14;Verde;0,490;parcial;1;1;10;2;não;1834,25;24212;area_x_densidade;0.2;0.9;0,0140;;municipio_sede;Juara | Nobres | Novo Horizonte do Norte | Porto dos Gaúchos | São José do Rio Claro;alertas/piloto/verde_4224.txt;UHE Manso - Dique 1 (Nobres) — IDAP 14/100 — Verde: normalidade — completude 49% (parcial);2026-07-30T09:58:09-04:00
