id_snisb;nome;municipio;latitude;longitude;chuva_24h_mm;chuva_72h_mm;chuva_prevista_24_72h_mm;percentil_climatologico;dias_consecutivos_chuva_intensa;data_referencia;fonte_precip;fonte_previsao;estacao_inmet;dist_estacao_km;serie_mm;datas_serie
36539;Barramento Pé de Pequi I;Chapada dos Guimarães;-15.047694;-55.954361;0.7;0.9;3.6;30.0;0;2026-09-06;openmeteo_ponto;openmeteo_ponto;;;0.1|0.1|0.7|0.0|1.5|2.1;2026-09-04|2026-09-05|2026-09-06|2026-09-07|2026-09-08|2026-09-09
4931;PCH Casca II - B01 - CASCA I;Chapada dos Guimarães;-15.364200;-55.434700;0.0;0.0;8.4;30.0;0;2026-09-06;openmeteo_ponto;openmeteo_ponto;;;0.0|0.0|0.0|0.0|6.8|1.6;2026-09-04|2026-09-05|2026-09-06|2026-09-07|2026-09-08|2026-09-09
20618;PCH Casca II - B02 - Ponte Alta;Chapada dos Guimarães;-15.364200;-55.434700;0.0;0.0;8.4;30.0;0;2026-09-06;openmeteo_ponto;openmeteo_ponto;;;0.0|0.0|0.0|0.0|6.8|1.6;2026-09-04|2026-09-05|2026-09-06|2026-09-07|2026-09-08|2026-09-09
20617;PCH Casca III - Casca III;Chapada dos Guimarães;-15.357500;-55.453600;0.0;0.0;8.4;30.0;0;2026-09-06;openmeteo_ponto;openmeteo_ponto;;;0.0|0.0|0.0|0.0|6.8|1.6;2026-09-04|2026-09-05|2026-09-06|2026-09-07|2026-09-08|2026-09-09
34145;UHE Manso - Barragem da Margem Direita;Chapada dos Guimarães;-14.866700;-55.782500;0.0;1.3;3.9;30.0;0;2026-09-06;openmeteo_ponto;openmeteo_ponto;;;1.1|0.2|0.0|0.0|3.1|0.8;2026-09-04|2026-09-05|2026-09-06|2026-09-07|2026-09-08|2026-09-09
34146;UHE Manso - Barragem da Margem Esquerda;Chapada dos Guimarães;-14.882500;-55.795800;0.0;1.3;3.9;30.0;0;2026-09-06;openmeteo_ponto;openmeteo_ponto;;;1.1|0.2|0.0|0.0|3.1|0.8;2026-09-04|2026-09-05|2026-09-06|2026-09-07|2026-09-08|2026-09-09
4436;UHE Manso - Barragem de Terra do Leito do Rio;Chapada dos Guimarães;-14.873100;-55.784700;0.0;1.3;3.9;30.0;0;2026-09-06;openmeteo_ponto;openmeteo_ponto;;;1.1|0.2|0.0|0.0|3.1|0.8;2026-09-04|2026-09-05|2026-09-06|2026-09-07|2026-09-08|2026-09-09
20601;UHE Manso - Dique 2;Chapada dos Guimarães;-14.857200;-55.786400;0.0;1.3;3.9;30.0;0;2026-09-06;openmeteo_ponto;openmeteo_ponto;;;1.1|0.2|0.0|0.0|3.1|0.8;2026-09-04|2026-09-05|2026-09-06|2026-09-07|2026-09-08|2026-09-09
20602;UHE Manso - Dique 3;Chapada dos Guimarães;-14.857200;-55.774200;0.0;1.3;3.9;30.0;0;2026-09-06;openmeteo_ponto;openmeteo_ponto;;;1.1|0.2|0.0|0.0|3.1|0.8;2026-09-04|2026-09-05|2026-09-06|2026-09-07|2026-09-08|2026-09-09
20603;UHE Manso - Dique 4;Chapada dos Guimarães;-14.851100;-55.755600;0.0;1.3;3.9;30.0;0;2026-09-06;openmeteo_ponto;openmeteo_ponto;;;1.1|0.2|0.0|0.0|3.1|0.8;2026-09-04|2026-09-05|2026-09-06|2026-09-07|2026-09-08|2026-09-09
20604;UHE Manso - Dique 5;Chapada dos Guimarães;-14.847800;-55.748600;0.0;1.3;3.9;30.0;0;2026-09-06;openmeteo_ponto;openmeteo_ponto;;;1.1|0.2|0.0|0.0|3.1|0.8;2026-09-04|2026-09-05|2026-09-06|2026-09-07|2026-09-08|2026-09-09
20605;UHE Manso - Dique 6;Chapada dos Guimarães;-14.841700;-55.740800;0.0;1.3;3.9;30.0;0;2026-09-06;openmeteo_ponto;openmeteo_ponto;;;1.1|0.2|0.0|0.0|3.1|0.8;2026-09-04|2026-09-05|2026-09-06|2026-09-07|2026-09-08|2026-09-09
20606;UHE Manso - Dique 7;Chapada dos Guimarães;-14.840300;-55.737500;0.1;0.6;3.9;30.0;0;2026-09-06;openmeteo_ponto;openmeteo_ponto;;;0.4|0.1|0.1|0.0|3.2|0.7;2026-09-04|2026-09-05|2026-09-06|2026-09-07|2026-09-08|2026-09-09
34732;BARRAGEM 1;Cuiabá;-15.461917;-56.052417;7.4;7.8;4.7;55.0;0;2026-09-06;openmeteo_ponto;openmeteo_ponto;;;0.2|0.2|7.4|0.0|0.1|4.6;2026-09-04|2026-09-05|2026-09-06|2026-09-07|2026-09-08|2026-09-09
34733;BARRAGEM 2 SUPERIOR;Cuiabá;-15.461444;-56.056833;7.4;7.8;4.7;55.0;0;2026-09-06;openmeteo_ponto;openmeteo_ponto;;;0.2|0.2|7.4|0.0|0.1|4.6;2026-09-04|2026-09-05|2026-09-06|2026-09-07|2026-09-08|2026-09-09
34734;BARRAGEM 3;Cuiabá;-15.464583;-56.064194;9.8;9.8;2.4;55.0;0;2026-09-06;openmeteo_ponto;openmeteo_ponto;;;0.0|0.0|9.8|0.0|0.6|1.8;2026-09-04|2026-09-05|2026-09-06|2026-09-07|2026-09-08|2026-09-09
35000;Barragem 01 - Fazenda 3 Irmãos;Cuiabá;-15.358750;-56.109944;8.0;8.5;2.9;55.0;0;2026-09-06;openmeteo_ponto;openmeteo_ponto;;;0.1|0.4|8.0|0.0|0.0|2.9;2026-09-04|2026-09-05|2026-09-06|2026-09-07|2026-09-08|2026-09-09
32398;Barragem 02 – Fazenda 3 Irmãos;Cuiabá;-15.354389;-56.103167;8.0;8.5;2.9;55.0;0;2026-09-06;openmeteo_ponto;openmeteo_ponto;;;0.1|0.4|8.0|0.0|0.0|2.9;2026-09-04|2026-09-05|2026-09-06|2026-09-07|2026-09-08|2026-09-09
32421;Barragem 03 – Fazenda 3 Irmãos;Cuiabá;-15.360694;-56.104167;8.0;8.5;2.9;55.0;0;2026-09-06;openmeteo_ponto;openmeteo_ponto;;;0.1|0.4|8.0|0.0|0.0|2.9;2026-09-04|2026-09-05|2026-09-06|2026-09-07|2026-09-08|2026-09-09
34731;Barragem 2  Principal;Cuiabá;-15.464083;-56.060917;9.8;9.8;2.4;55.0;0;2026-09-06;openmeteo_ponto;openmeteo_ponto;;;0.0|0.0|9.8|0.0|0.6|1.8;2026-09-04|2026-09-05|2026-09-06|2026-09-07|2026-09-08|2026-09-09
31578;Barragem Taguá;Cuiabá;-15.421778;-56.074028;9.7;9.8;3.4;55.0;0;2026-09-06;openmeteo_ponto;openmeteo_ponto;;;0.0|0.1|9.7|0.0|0.0|3.4;2026-09-04|2026-09-05|2026-09-06|2026-09-07|2026-09-08|2026-09-09
33960;Barramento 1 - Mangaba Urbanismo LTDA;Cuiabá;-15.424444;-56.046944;7.4;7.8;4.7;55.0;0;2026-09-06;openmeteo_ponto;openmeteo_ponto;;;0.2|0.2|7.4|0.0|0.1|4.6;2026-09-04|2026-09-05|2026-09-06|2026-09-07|2026-09-08|2026-09-09
36517;Barramento 2 (Montante);Cuiabá;-15.483667;-56.166306;7.4;7.8;1.5;55.0;0;2026-09-06;openmeteo_ponto;openmeteo_ponto;;;0.0|0.4|7.4|0.0|0.6|0.9;2026-09-04|2026-09-05|2026-09-06|2026-09-07|2026-09-08|2026-09-09
33355;Barramento 2 - Mangaba Urbanismo LTDA;Cuiabá;-15.423278;-56.045250;7.4;7.8;4.7;55.0;0;2026-09-06;openmeteo_ponto;openmeteo_ponto;;;0.2|0.2|7.4|0.0|0.1|4.6;2026-09-04|2026-09-05|2026-09-06|2026-09-07|2026-09-08|2026-09-09
36516;Barramento 3;Cuiabá;-15.487500;-56.166556;7.4;7.8;1.5;55.0;0;2026-09-06;openmeteo_ponto;openmeteo_ponto;;;0.0|0.4|7.4|0.0|0.6|0.9;2026-09-04|2026-09-05|2026-09-06|2026-09-07|2026-09-08|2026-09-09
35136;Barramento 4;Cuiabá;-15.488972;-56.167889;7.4;7.8;1.5;55.0;0;2026-09-06;openmeteo_ponto;openmeteo_ponto;;;0.0|0.4|7.4|0.0|0.6|0.9;2026-09-04|2026-09-05|2026-09-06|2026-09-07|2026-09-08|2026-09-09
35182;Barramento 5;Cuiabá;-15.490611;-56.176028;7.4;7.8;1.5;55.0;0;2026-09-06;openmeteo_ponto;openmeteo_ponto;;;0.0|0.4|7.4|0.0|0.6|0.9;2026-09-04|2026-09-05|2026-09-06|2026-09-07|2026-09-08|2026-09-09
35181;Barramento 6;Cuiabá;-15.492583;-56.176889;7.4;7.8;1.5;55.0;0;2026-09-06;openmeteo_ponto;openmeteo_ponto;;;0.0|0.4|7.4|0.0|0.6|0.9;2026-09-04|2026-09-05|2026-09-06|2026-09-07|2026-09-08|2026-09-09
35180;Barramento 7;Cuiabá;-15.495167;-56.177861;7.4;7.8;1.5;55.0;0;2026-09-06;openmeteo_ponto;openmeteo_ponto;;;0.0|0.4|7.4|0.0|0.6|0.9;2026-09-04|2026-09-05|2026-09-06|2026-09-07|2026-09-08|2026-09-09
35027;Barramento ? Fazenda Jardim;Cuiabá;-15.102528;-55.997917;1.0;1.1;3.5;30.0;0;2026-09-06;openmeteo_ponto;openmeteo_ponto;;;0.0|0.1|1.0|0.0|0.5|3.0;2026-09-04|2026-09-05|2026-09-06|2026-09-07|2026-09-08|2026-09-09
20754;Fazenda 3 irmãos;Cuiabá;-15.360667;-56.104194;8.0;8.5;2.9;55.0;0;2026-09-06;openmeteo_ponto;openmeteo_ponto;;;0.1|0.4|8.0|0.0|0.0|2.9;2026-09-04|2026-09-05|2026-09-06|2026-09-07|2026-09-08|2026-09-09
26534;Fazenda KM;Cuiabá;-15.214833;-55.913000;0.8;0.8;4.3;30.0;0;2026-09-06;openmeteo_ponto;openmeteo_ponto;;;0.0|0.0|0.8|0.0|1.0|3.3;2026-09-04|2026-09-05|2026-09-06|2026-09-07|2026-09-08|2026-09-09
27954;Lago Recreativo Cuiabá;Cuiabá;-15.457111;-56.106583;9.7;9.8;3.4;55.0;0;2026-09-06;openmeteo_ponto;openmeteo_ponto;;;0.0|0.1|9.7|0.0|0.0|3.4;2026-09-04|2026-09-05|2026-09-06|2026-09-07|2026-09-08|2026-09-09
31620;Loteamento Brisas do Campo;Cuiabá;-15.494750;-56.115139;9.8;9.8;2.4;55.0;0;2026-09-06;openmeteo_ponto;openmeteo_ponto;;;0.0|0.0|9.8|0.0|0.6|1.8;2026-09-04|2026-09-05|2026-09-06|2026-09-07|2026-09-08|2026-09-09
32445;Mangaba e Aterrado;Cuiabá;-15.424889;-56.037583;7.4;7.8;4.7;55.0;0;2026-09-06;openmeteo_ponto;openmeteo_ponto;;;0.2|0.2|7.4|0.0|0.1|4.6;2026-09-04|2026-09-05|2026-09-06|2026-09-07|2026-09-08|2026-09-09
32261;Represa da Estrada;Cuiabá;-15.358750;-56.109944;8.0;8.5;2.9;55.0;0;2026-09-06;openmeteo_ponto;openmeteo_ponto;;;0.1|0.4|8.0|0.0|0.0|2.9;2026-09-04|2026-09-05|2026-09-06|2026-09-07|2026-09-08|2026-09-09
31954;SS RANCH;Cuiabá;-15.456694;-56.126583;9.7;9.8;3.4;55.0;0;2026-09-06;openmeteo_ponto;openmeteo_ponto;;;0.0|0.1|9.7|0.0|0.0|3.4;2026-09-04|2026-09-05|2026-09-06|2026-09-07|2026-09-08|2026-09-09
37811;Aeródromo Bom Futuro – Barramento 03;Cuiabá;-15.498278;-56.099556;9.8;9.8;2.4;55.0;0;2026-09-06;openmeteo_ponto;openmeteo_ponto;;;0.0|0.0|9.8|0.0|0.6|1.8;2026-09-04|2026-09-05|2026-09-06|2026-09-07|2026-09-08|2026-09-09
26131;BARRAGEM JVR;Cuiabá;-15.534017;-56.050636;7.3;7.7;1.5;55.0;0;2026-09-06;openmeteo_ponto;openmeteo_ponto;;;0.0|0.4|7.3|0.0|0.1|1.4;2026-09-04|2026-09-05|2026-09-06|2026-09-07|2026-09-08|2026-09-09
36689;Barragem I - Fazenda Pouso da Garça;Cuiabá;-15.467389;-56.169889;7.4;7.8;1.5;55.0;0;2026-09-06;openmeteo_ponto;openmeteo_ponto;;;0.0|0.4|7.4|0.0|0.6|0.9;2026-09-04|2026-09-05|2026-09-06|2026-09-07|2026-09-08|2026-09-09
36690;Barragem II - Fazenda Pouso da Garça;Cuiabá;-15.461556;-56.168778;7.4;7.8;1.5;55.0;0;2026-09-06;openmeteo_ponto;openmeteo_ponto;;;0.0|0.4|7.4|0.0|0.6|0.9;2026-09-04|2026-09-05|2026-09-06|2026-09-07|2026-09-08|2026-09-09
36691;Barragem III - Fazenda Pouso da Garça;Cuiabá;-15.459806;-56.169667;7.9;8.6;1.5;55.0;0;2026-09-06;openmeteo_ponto;openmeteo_ponto;;;0.0|0.7|7.9|0.0|0.1|1.4;2026-09-04|2026-09-05|2026-09-06|2026-09-07|2026-09-08|2026-09-09
26138;Barragem Serrinha;Cuiabá;-15.504008;-56.020675;6.8;7.5;3.4;55.0;0;2026-09-06;openmeteo_ponto;openmeteo_ponto;;;0.2|0.5|6.8|0.0|0.4|3.0;2026-09-04|2026-09-05|2026-09-06|2026-09-07|2026-09-08|2026-09-09
26146;Barragem TB;Cuiabá;-15.509139;-56.048400;9.8;9.8;2.4;55.0;0;2026-09-06;openmeteo_ponto;openmeteo_ponto;;;0.0|0.0|9.8|0.0|0.6|1.8;2026-09-04|2026-09-05|2026-09-06|2026-09-07|2026-09-08|2026-09-09
34857;Barragem I Jangada Agropastoril;Jangada;-15.236056;-56.574694;6.8;7.2;0.6;55.0;0;2026-09-06;openmeteo_ponto;openmeteo_ponto;;;0.0|0.4|6.8|0.0|0.0|0.6;2026-09-04|2026-09-05|2026-09-06|2026-09-07|2026-09-08|2026-09-09
35231;Fazenda Jangada Agropastoril - Barragem a montante;Jangada;-15.256111;-56.516056;7.3;7.4;0.7;55.0;0;2026-09-06;openmeteo_ponto;openmeteo_ponto;;;0.0|0.1|7.3|0.0|0.0|0.7;2026-09-04|2026-09-05|2026-09-06|2026-09-07|2026-09-08|2026-09-09
35229;Fazenda Jangada Agropastoril II - Barragem Principal;Jangada;-15.257139;-56.513944;7.3;7.4;0.7;55.0;0;2026-09-06;openmeteo_ponto;openmeteo_ponto;;;0.0|0.1|7.3|0.0|0.0|0.7;2026-09-04|2026-09-05|2026-09-06|2026-09-07|2026-09-08|2026-09-09
20177;Faz. Carvalho;Nobres;-14.616833;-55.924167;2.9;2.9;3.4;30.0;0;2026-09-06;openmeteo_ponto;openmeteo_ponto;;;0.0|0.0|2.9|0.0|1.9|1.5;2026-09-04|2026-09-05|2026-09-06|2026-09-07|2026-09-08|2026-09-09
4224;UHE Manso - Dique 1;Nobres;-14.255800;-55.802200;3.5;4.0;4.4;30.0;0;2026-09-06;openmeteo_ponto;openmeteo_ponto;;;0.2|0.3|3.5|0.0|3.6|0.8;2026-09-04|2026-09-05|2026-09-06|2026-09-07|2026-09-08|2026-09-09
35637;BA-01;Nossa Senhora do Livramento;-15.659722;-56.354444;6.0;6.0;0.2;55.0;0;2026-09-06;openmeteo_ponto;openmeteo_ponto;;;0.0|0.0|6.0|0.0|0.0|0.2;2026-09-04|2026-09-05|2026-09-06|2026-09-07|2026-09-08|2026-09-09
29384;BR SANTA FELICIDADE 04;Nossa Senhora do Livramento;-15.669689;-56.350728;6.0;6.0;0.2;55.0;0;2026-09-06;openmeteo_ponto;openmeteo_ponto;;;0.0|0.0|6.0|0.0|0.0|0.2;2026-09-04|2026-09-05|2026-09-06|2026-09-07|2026-09-08|2026-09-09
34856;Barragem GMX;Nossa Senhora do Livramento;-15.661883;-56.334731;6.0;6.0;0.2;55.0;0;2026-09-06;openmeteo_ponto;openmeteo_ponto;;;0.0|0.0|6.0|0.0|0.0|0.2;2026-09-04|2026-09-05|2026-09-06|2026-09-07|2026-09-08|2026-09-09
26156;Barragem JL;Nossa Senhora do Livramento;-15.676078;-56.365794;6.0;6.0;0.2;55.0;0;2026-09-06;openmeteo_ponto;openmeteo_ponto;;;0.0|0.0|6.0|0.0|0.0|0.2;2026-09-04|2026-09-05|2026-09-06|2026-09-07|2026-09-08|2026-09-09
35108;Barragem VI (montante);Nossa Senhora do Livramento;-15.620167;-56.771167;6.3;6.9;1.1;55.0;0;2026-09-06;openmeteo_ponto;openmeteo_ponto;;;0.2|0.4|6.3|0.0|0.0|1.1;2026-09-04|2026-09-05|2026-09-06|2026-09-07|2026-09-08|2026-09-09
35107;Barragem VII (montante);Nossa Senhora do Livramento;-15.620333;-56.770306;6.3;6.9;1.1;55.0;0;2026-09-06;openmeteo_ponto;openmeteo_ponto;;;0.2|0.4|6.3|0.0|0.0|1.1;2026-09-04|2026-09-05|2026-09-06|2026-09-07|2026-09-08|2026-09-09
35106;Barragem VIII (principal);Nossa Senhora do Livramento;-15.620139;-56.769417;6.3;6.9;1.1;55.0;0;2026-09-06;openmeteo_ponto;openmeteo_ponto;;;0.2|0.4|6.3|0.0|0.0|1.1;2026-09-04|2026-09-05|2026-09-06|2026-09-07|2026-09-08|2026-09-09
35115;Barragem XIX;Nossa Senhora do Livramento;-15.604889;-56.795500;8.0;9.6;1.0;55.0;0;2026-09-06;openmeteo_ponto;openmeteo_ponto;;;0.2|1.4|8.0|0.0|0.0|1.0;2026-09-04|2026-09-05|2026-09-06|2026-09-07|2026-09-08|2026-09-09
35102;Barragem XVII;Nossa Senhora do Livramento;-15.589778;-56.781361;8.0;9.6;1.0;55.0;0;2026-09-06;openmeteo_ponto;openmeteo_ponto;;;0.2|1.4|8.0|0.0|0.0|1.0;2026-09-04|2026-09-05|2026-09-06|2026-09-07|2026-09-08|2026-09-09
35116;Barragem XVIII;Nossa Senhora do Livramento;-15.606000;-56.791806;6.3;6.9;1.1;55.0;0;2026-09-06;openmeteo_ponto;openmeteo_ponto;;;0.2|0.4|6.3|0.0|0.0|1.1;2026-09-04|2026-09-05|2026-09-06|2026-09-07|2026-09-08|2026-09-09
27624;Barragem_Valdenir2;Nossa Senhora do Livramento;-15.621347;-56.276792;7.8;7.8;0.3;55.0;0;2026-09-06;openmeteo_ponto;openmeteo_ponto;;;0.0|0.0|7.8|0.0|0.0|0.3;2026-09-04|2026-09-05|2026-09-06|2026-09-07|2026-09-08|2026-09-09
8008;Estância Recreio;Nossa Senhora do Livramento;-15.648861;-56.497278;6.2;6.2;0.8;55.0;0;2026-09-06;openmeteo_ponto;openmeteo_ponto;;;0.0|0.0|6.2|0.0|0.0|0.8;2026-09-04|2026-09-05|2026-09-06|2026-09-07|2026-09-08|2026-09-09
7994;Faz. Cabeça Branca - Barragem 01;Nossa Senhora do Livramento;-15.587000;-56.809000;8.0;9.6;1.0;55.0;0;2026-09-06;openmeteo_ponto;openmeteo_ponto;;;0.2|1.4|8.0|0.0|0.0|1.0;2026-09-04|2026-09-05|2026-09-06|2026-09-07|2026-09-08|2026-09-09
7993;Faz. Cabeça Branca - Barragem 02;Nossa Senhora do Livramento;-15.585000;-56.818000;8.0;9.6;1.0;55.0;0;2026-09-06;openmeteo_ponto;openmeteo_ponto;;;0.2|1.4|8.0|0.0|0.0|1.0;2026-09-04|2026-09-05|2026-09-06|2026-09-07|2026-09-08|2026-09-09
7991;Faz. Cabeça Branca - Barragem 04;Nossa Senhora do Livramento;-15.577000;-56.819000;8.0;9.6;1.0;55.0;0;2026-09-06;openmeteo_ponto;openmeteo_ponto;;;0.2|1.4|8.0|0.0|0.0|1.0;2026-09-04|2026-09-05|2026-09-06|2026-09-07|2026-09-08|2026-09-09
7990;Faz. Cabeça Branca - Barragem 05;Nossa Senhora do Livramento;-15.576000;-56.819000;8.0;9.6;1.0;55.0;0;2026-09-06;openmeteo_ponto;openmeteo_ponto;;;0.2|1.4|8.0|0.0|0.0|1.0;2026-09-04|2026-09-05|2026-09-06|2026-09-07|2026-09-08|2026-09-09
7989;Faz. Cabeça Branca - Barragem 06;Nossa Senhora do Livramento;-15.577000;-56.821000;8.0;9.6;1.0;55.0;0;2026-09-06;openmeteo_ponto;openmeteo_ponto;;;0.2|1.4|8.0|0.0|0.0|1.0;2026-09-04|2026-09-05|2026-09-06|2026-09-07|2026-09-08|2026-09-09
7992;Fazenda Cabeça Branca - Barragem 03;Nossa Senhora do Livramento;-15.580000;-56.819000;8.0;9.6;1.0;55.0;0;2026-09-06;openmeteo_ponto;openmeteo_ponto;;;0.2|1.4|8.0|0.0|0.0|1.0;2026-09-04|2026-09-05|2026-09-06|2026-09-07|2026-09-08|2026-09-09
20047;Fazenda Murici Sesmaria Molhado;Nossa Senhora do Livramento;-15.661278;-56.815528;6.3;6.9;1.1;55.0;0;2026-09-06;openmeteo_ponto;openmeteo_ponto;;;0.2|0.4|6.3|0.0|0.0|1.1;2026-09-04|2026-09-05|2026-09-06|2026-09-07|2026-09-08|2026-09-09
20048;Fazenda Murici Sesmaria Molhado;Nossa Senhora do Livramento;-15.663694;-56.810444;6.3;6.9;1.1;55.0;0;2026-09-06;openmeteo_ponto;openmeteo_ponto;;;0.2|0.4|6.3|0.0|0.0|1.1;2026-09-04|2026-09-05|2026-09-06|2026-09-07|2026-09-08|2026-09-09
20049;Fazenda Murici Sesmaria Molhado;Nossa Senhora do Livramento;-15.658917;-56.815417;6.3;6.9;1.1;55.0;0;2026-09-06;openmeteo_ponto;openmeteo_ponto;;;0.2|0.4|6.3|0.0|0.0|1.1;2026-09-04|2026-09-05|2026-09-06|2026-09-07|2026-09-08|2026-09-09
26171;MULTI 1;Nossa Senhora do Livramento;-15.639036;-56.340294;6.0;6.0;0.2;55.0;0;2026-09-06;openmeteo_ponto;openmeteo_ponto;;;0.0|0.0|6.0|0.0|0.0|0.2;2026-09-04|2026-09-05|2026-09-06|2026-09-07|2026-09-08|2026-09-09
340;Piscicultura São Rafael;Nossa Senhora do Livramento;-15.590222;-56.782417;8.0;9.6;1.0;55.0;0;2026-09-06;openmeteo_ponto;openmeteo_ponto;;;0.2|1.4|8.0|0.0|0.0|1.0;2026-09-04|2026-09-05|2026-09-06|2026-09-07|2026-09-08|2026-09-09
5563;Santa Maria;Nossa Senhora do Livramento;-15.647964;-56.381339;6.0;6.0;0.2;55.0;0;2026-09-06;openmeteo_ponto;openmeteo_ponto;;;0.0|0.0|6.0|0.0|0.0|0.2;2026-09-04|2026-09-05|2026-09-06|2026-09-07|2026-09-08|2026-09-09
26538;Sitio Pirapora;Nossa Senhora do Livramento;-15.652361;-56.483222;6.2;6.2;0.8;55.0;0;2026-09-06;openmeteo_ponto;openmeteo_ponto;;;0.0|0.0|6.2|0.0|0.0|0.8;2026-09-04|2026-09-05|2026-09-06|2026-09-07|2026-09-08|2026-09-09
586;BR BOSCO;Nossa Senhora do Livramento;-15.656356;-56.337841;6.0;6.0;0.2;55.0;0;2026-09-06;openmeteo_ponto;openmeteo_ponto;;;0.0|0.0|6.0|0.0|0.0|0.2;2026-09-04|2026-09-05|2026-09-06|2026-09-07|2026-09-08|2026-09-09
21940;BR PIRÂMIDE;Nossa Senhora do Livramento;-15.661886;-56.344053;6.0;6.0;0.2;55.0;0;2026-09-06;openmeteo_ponto;openmeteo_ponto;;;0.0|0.0|6.0|0.0|0.0|0.2;2026-09-04|2026-09-05|2026-09-06|2026-09-07|2026-09-08|2026-09-09
5573;BR SANTA 01;Nossa Senhora do Livramento;-15.659775;-56.354036;6.0;6.0;0.2;55.0;0;2026-09-06;openmeteo_ponto;openmeteo_ponto;;;0.0|0.0|6.0|0.0|0.0|0.2;2026-09-04|2026-09-05|2026-09-06|2026-09-07|2026-09-08|2026-09-09
588;BR SANTA FELICIDADE;Nossa Senhora do Livramento;-15.663846;-56.352614;6.0;6.0;0.2;55.0;0;2026-09-06;openmeteo_ponto;openmeteo_ponto;;;0.0|0.0|6.0|0.0|0.0|0.2;2026-09-04|2026-09-05|2026-09-06|2026-09-07|2026-09-08|2026-09-09
22009;BR SANTA FELICIDADE 02;Nossa Senhora do Livramento;-15.664294;-56.354547;6.0;6.0;0.2;55.0;0;2026-09-06;openmeteo_ponto;openmeteo_ponto;;;0.0|0.0|6.0|0.0|0.0|0.2;2026-09-04|2026-09-05|2026-09-06|2026-09-07|2026-09-08|2026-09-09
27626;Barragem - Valdenir;Nossa Senhora do Livramento;-15.621727;-56.275936;7.8;7.8;0.3;55.0;0;2026-09-06;openmeteo_ponto;openmeteo_ponto;;;0.0|0.0|7.8|0.0|0.0|0.3;2026-09-04|2026-09-05|2026-09-06|2026-09-07|2026-09-08|2026-09-09
5560;Barragem de Rejeito Estrela;Nossa Senhora do Livramento;-15.650278;-56.387022;6.0;6.0;0.2;55.0;0;2026-09-06;openmeteo_ponto;openmeteo_ponto;;;0.0|0.0|6.0|0.0|0.0|0.2;2026-09-04|2026-09-05|2026-09-06|2026-09-07|2026-09-08|2026-09-09
5562;Barragem de Rejeito Estrela 02;Nossa Senhora do Livramento;-15.654633;-56.385850;6.0;6.0;0.2;55.0;0;2026-09-06;openmeteo_ponto;openmeteo_ponto;;;0.0|0.0|6.0|0.0|0.0|0.2;2026-09-04|2026-09-05|2026-09-06|2026-09-07|2026-09-08|2026-09-09
5559;Barragem de Rejeito Estrela 03;Nossa Senhora do Livramento;-15.654639;-56.388764;6.0;6.0;0.2;55.0;0;2026-09-06;openmeteo_ponto;openmeteo_ponto;;;0.0|0.0|6.0|0.0|0.0|0.2;2026-09-04|2026-09-05|2026-09-06|2026-09-07|2026-09-08|2026-09-09
5603;Barragem de Rejeitos Bom Futuro;Nossa Senhora do Livramento;-15.659278;-56.285083;7.8;7.8;0.3;55.0;0;2026-09-06;openmeteo_ponto;openmeteo_ponto;;;0.0|0.0|7.8|0.0|0.0|0.3;2026-09-04|2026-09-05|2026-09-06|2026-09-07|2026-09-08|2026-09-09
37716;Fazenda São Rafael Barragem I;Nossa Senhora do Livramento;-15.621222;-56.768111;6.3;6.9;1.1;55.0;0;2026-09-06;openmeteo_ponto;openmeteo_ponto;;;0.2|0.4|6.3|0.0|0.0|1.1;2026-09-04|2026-09-05|2026-09-06|2026-09-07|2026-09-08|2026-09-09
37717;Fazenda São Rafael Barragem II;Nossa Senhora do Livramento;-15.624306;-56.768778;6.3;6.9;1.1;55.0;0;2026-09-06;openmeteo_ponto;openmeteo_ponto;;;0.2|0.4|6.3|0.0|0.0|1.1;2026-09-04|2026-09-05|2026-09-06|2026-09-07|2026-09-08|2026-09-09
37719;Fazenda São Rafael Barragem III;Nossa Senhora do Livramento;-15.628833;-56.769361;6.3;6.9;1.1;55.0;0;2026-09-06;openmeteo_ponto;openmeteo_ponto;;;0.2|0.4|6.3|0.0|0.0|1.1;2026-09-04|2026-09-05|2026-09-06|2026-09-07|2026-09-08|2026-09-09
37720;Fazenda São Rafael Barragem IV;Nossa Senhora do Livramento;-15.636389;-56.765139;6.3;6.9;1.1;55.0;0;2026-09-06;openmeteo_ponto;openmeteo_ponto;;;0.2|0.4|6.3|0.0|0.0|1.1;2026-09-04|2026-09-05|2026-09-06|2026-09-07|2026-09-08|2026-09-09
37721;Fazenda São Rafael Barragem V;Nossa Senhora do Livramento;-15.638778;-56.764278;6.3;6.9;1.1;55.0;0;2026-09-06;openmeteo_ponto;openmeteo_ponto;;;0.2|0.4|6.3|0.0|0.0|1.1;2026-09-04|2026-09-05|2026-09-06|2026-09-07|2026-09-08|2026-09-09
37396;Solimões Indústria e Comércio de Óleos e Proteínas Ltda ? Barragem I;Nossa Senhora do Livramento;-15.623417;-56.215833;9.1;9.3;0.8;55.0;0;2026-09-06;openmeteo_ponto;openmeteo_ponto;;;0.1|0.1|9.1|0.0|0.0|0.8;2026-09-04|2026-09-05|2026-09-06|2026-09-07|2026-09-08|2026-09-09
29888;BARRAGEM FAZENDA PANFLORA;Rosário Oeste;-15.084667;-56.559944;8.0;9.1;1.1;55.0;0;2026-09-06;openmeteo_ponto;openmeteo_ponto;;;1.0|0.1|8.0|0.0|0.1|1.0;2026-09-04|2026-09-05|2026-09-06|2026-09-07|2026-09-08|2026-09-09
21949;BARRAGEM ÁGUA BRANCA;Rosário Oeste;-14.879139;-56.573028;3.3;6.3;2.3;30.0;0;2026-09-06;openmeteo_ponto;openmeteo_ponto;;;2.5|0.5|3.3|0.0|0.5|1.8;2026-09-04|2026-09-05|2026-09-06|2026-09-07|2026-09-08|2026-09-09
35477;Barramento III - Fazenda São José I;Rosário Oeste;-14.642444;-55.805667;3.7;3.8;5.1;30.0;0;2026-09-06;openmeteo_ponto;openmeteo_ponto;;;0.1|0.0|3.7|0.0|4.3|0.8;2026-09-04|2026-09-05|2026-09-06|2026-09-07|2026-09-08|2026-09-09
27940;Estância 2R - Retiro Vista Alegre;Rosário Oeste;-15.032000;-56.320111;2.7;3.4;1.8;30.0;0;2026-09-06;openmeteo_ponto;openmeteo_ponto;;;0.5|0.2|2.7|0.0|0.2|1.6;2026-09-04|2026-09-05|2026-09-06|2026-09-07|2026-09-08|2026-09-09
8009;Faz. Dona Leila - Reservatório 12;Rosário Oeste;-15.102200;-56.487000;8.0;9.1;1.1;55.0;0;2026-09-06;openmeteo_ponto;openmeteo_ponto;;;1.0|0.1|8.0|0.0|0.1|1.0;2026-09-04|2026-09-05|2026-09-06|2026-09-07|2026-09-08|2026-09-09
8010;Faz. Dona Leila - Reservatório 13;Rosário Oeste;-15.096000;-56.484000;8.0;9.1;1.1;55.0;0;2026-09-06;openmeteo_ponto;openmeteo_ponto;;;1.0|0.1|8.0|0.0|0.1|1.0;2026-09-04|2026-09-05|2026-09-06|2026-09-07|2026-09-08|2026-09-09
35147;Fazenda Curió - Barramento 3;Rosário Oeste;-15.099972;-56.529028;8.0;9.1;1.1;55.0;0;2026-09-06;openmeteo_ponto;openmeteo_ponto;;;1.0|0.1|8.0|0.0|0.1|1.0;2026-09-04|2026-09-05|2026-09-06|2026-09-07|2026-09-08|2026-09-09
35150;Fazenda Curió - Barramento I;Rosário Oeste;-15.096417;-56.548472;8.0;9.1;1.1;55.0;0;2026-09-06;openmeteo_ponto;openmeteo_ponto;;;1.0|0.1|8.0|0.0|0.1|1.0;2026-09-04|2026-09-05|2026-09-06|2026-09-07|2026-09-08|2026-09-09
5490;Fazenda Dona Leila - RESERVATÓRIO 1;Rosário Oeste;-15.106944;-56.509167;8.0;9.1;1.1;55.0;0;2026-09-06;openmeteo_ponto;openmeteo_ponto;;;1.0|0.1|8.0|0.0|0.1|1.0;2026-09-04|2026-09-05|2026-09-06|2026-09-07|2026-09-08|2026-09-09
35396;Fazenda São José;Rosário Oeste;-14.681111;-55.815944;3.7;3.8;5.1;30.0;0;2026-09-06;openmeteo_ponto;openmeteo_ponto;;;0.1|0.0|3.7|0.0|4.3|0.8;2026-09-04|2026-09-05|2026-09-06|2026-09-07|2026-09-08|2026-09-09
8006;VALE DOURADO;Rosário Oeste;-14.843542;-56.562964;3.3;6.3;2.3;30.0;0;2026-09-06;openmeteo_ponto;openmeteo_ponto;;;2.5|0.5|3.3|0.0|0.5|1.8;2026-09-04|2026-09-05|2026-09-06|2026-09-07|2026-09-08|2026-09-09
20196;Afluente do Pitomba;Várzea Grande;-15.634806;-56.222583;9.1;9.3;0.8;55.0;0;2026-09-06;openmeteo_ponto;openmeteo_ponto;;;0.1|0.1|9.1|0.0|0.0|0.8;2026-09-04|2026-09-05|2026-09-06|2026-09-07|2026-09-08|2026-09-09
35119;BARRAGEM ROSA CRISTINA I;Várzea Grande;-15.488250;-56.292944;8.6;8.7;0.6;55.0;0;2026-09-06;openmeteo_ponto;openmeteo_ponto;;;0.0|0.1|8.6|0.0|0.0|0.6;2026-09-04|2026-09-05|2026-09-06|2026-09-07|2026-09-08|2026-09-09
20141;Chapéu do Sol;Várzea Grande;-15.602667;-56.185417;9.1;9.3;0.8;55.0;0;2026-09-06;openmeteo_ponto;openmeteo_ponto;;;0.1|0.1|9.1|0.0|0.0|0.8;2026-09-04|2026-09-05|2026-09-06|2026-09-07|2026-09-08|2026-09-09
5339;ESTÂNCIA RANCHO DOURADO;Várzea Grande;-15.490833;-56.291667;8.2;8.3;0.5;55.0;0;2026-09-06;openmeteo_ponto;openmeteo_ponto;;;0.0|0.1|8.2|0.0|0.0|0.5;2026-09-04|2026-09-05|2026-09-06|2026-09-07|2026-09-08|2026-09-09
20138;Fazenda Santa Luzia;Várzea Grande;-15.530222;-56.284722;9.6;9.6;0.3;55.0;0;2026-09-06;openmeteo_ponto;openmeteo_ponto;;;0.0|0.0|9.6|0.0|0.0|0.3;2026-09-04|2026-09-05|2026-09-06|2026-09-07|2026-09-08|2026-09-09
20135;Fazenda São Jose;Várzea Grande;-15.652917;-56.216111;9.1;9.3;0.8;55.0;0;2026-09-06;openmeteo_ponto;openmeteo_ponto;;;0.1|0.1|9.1|0.0|0.0|0.8;2026-09-04|2026-09-05|2026-09-06|2026-09-07|2026-09-08|2026-09-09
21935;córrego Sapateiro;Várzea Grande;-15.623778;-56.215806;9.1;9.3;0.8;55.0;0;2026-09-06;openmeteo_ponto;openmeteo_ponto;;;0.1|0.1|9.1|0.0|0.0|0.8;2026-09-04|2026-09-05|2026-09-06|2026-09-07|2026-09-08|2026-09-09
27937;BRAVO 1;Várzea Grande;-15.466514;-56.460896;9.8;9.9;0.5;55.0;0;2026-09-06;openmeteo_ponto;openmeteo_ponto;;;0.0|0.1|9.8|0.0|0.0|0.5;2026-09-04|2026-09-05|2026-09-06|2026-09-07|2026-09-08|2026-09-09
26265;BRAVO II;Várzea Grande;-15.465574;-56.457607;9.8;9.9;0.5;55.0;0;2026-09-06;openmeteo_ponto;openmeteo_ponto;;;0.0|0.1|9.8|0.0|0.0|0.5;2026-09-04|2026-09-05|2026-09-06|2026-09-07|2026-09-08|2026-09-09
31525;BRAVO IV;Várzea Grande;-15.456389;-56.455576;9.8;9.9;0.5;55.0;0;2026-09-06;openmeteo_ponto;openmeteo_ponto;;;0.0|0.1|9.8|0.0|0.0|0.5;2026-09-04|2026-09-05|2026-09-06|2026-09-07|2026-09-08|2026-09-09
37736;Solstício Agronegócios S.A;Várzea Grande;-15.501944;-56.400806;6.9;6.9;0.4;55.0;0;2026-09-06;openmeteo_ponto;openmeteo_ponto;;;0.0|0.0|6.9|0.0|0.0|0.4;2026-09-04|2026-09-05|2026-09-06|2026-09-07|2026-09-08|2026-09-09
31990;1A;Alta Floresta;-9.866611;-56.204500;2.7;30.7;5.8;30.0;0;2026-09-06;openmeteo_ponto;openmeteo_ponto;;;22.5|5.5|2.7|0.8|0.4|4.6;2026-09-04|2026-09-05|2026-09-06|2026-09-07|2026-09-08|2026-09-09
31228;Barragem na Fazenda dos Sonhos;Alto Araguaia;-17.212694;-53.309417;2.5;7.4;11.6;30.0;0;2026-09-06;openmeteo_ponto;openmeteo_ponto;;;0.3|4.6|2.5|1.0|9.7|0.9;2026-09-04|2026-09-05|2026-09-06|2026-09-07|2026-09-08|2026-09-09
36649;Barragem I - Fazenda Água Cristalina;Alto Boa Vista;-11.903417;-51.455389;4.1;8.5;6.0;30.0;0;2026-09-06;openmeteo_ponto;openmeteo_ponto;;;4.0|0.4|4.1|0.0|5.9|0.1;2026-09-04|2026-09-05|2026-09-06|2026-09-07|2026-09-08|2026-09-09
8122;Barramento Atto Agropecuária LTDA;Alto Garças;-16.785556;-53.791111;0.6;7.2;4.8;30.0;0;2026-09-06;openmeteo_ponto;openmeteo_ponto;;;0.0|6.6|0.6|0.3|2.3|2.2;2026-09-04|2026-09-05|2026-09-06|2026-09-07|2026-09-08|2026-09-09
4489;PCH Lajari - Barragem Laje;Alto Taquari;-17.931400;-53.381400;10.2;14.4;17.2;55.0;1;2026-09-06;openmeteo_ponto;openmeteo_ponto;;;0.3|3.9|10.2|0.1|14.6|2.5;2026-09-04|2026-09-05|2026-09-06|2026-09-07|2026-09-08|2026-09-09
29886;B1;Araguaiana;-15.601889;-51.810972;3.8;3.8;23.0;30.0;0;2026-09-06;openmeteo_ponto;openmeteo_ponto;;;0.0|0.0|3.8|1.3|11.1|10.6;2026-09-04|2026-09-05|2026-09-06|2026-09-07|2026-09-08|2026-09-09
4518;PCH Ombreiras - Ombreiras;Araputanga;-15.130000;-58.729700;6.0;14.0;2.4;55.0;0;2026-09-06;openmeteo_ponto;openmeteo_ponto;;;1.2|6.8|6.0|0.0|0.9|1.5;2026-09-04|2026-09-05|2026-09-06|2026-09-07|2026-09-08|2026-09-09
26655;Fazenda Bacurí;Arenápolis;-14.414278;-56.919750;4.1;5.0;0.2;30.0;0;2026-09-06;openmeteo_ponto;openmeteo_ponto;;;0.3|0.6|4.1|0.0|0.0|0.2;2026-09-04|2026-09-05|2026-09-06|2026-09-07|2026-09-08|2026-09-09
21945;ARENAL;Aripuanã;-10.121219;-59.472542;5.4;23.7;2.3;55.0;0;2026-09-06;openmeteo_ponto;openmeteo_ponto;;;18.1|0.2|5.4|0.0|0.6|1.7;2026-09-04|2026-09-05|2026-09-06|2026-09-07|2026-09-08|2026-09-09
34567;Barragem 1 Fazenda Santa Maria;Barra do Bugres;-15.106306;-57.010944;11.9;14.3;1.7;55.0;1;2026-09-06;openmeteo_ponto;openmeteo_ponto;;;0.0|2.4|11.9|0.0|0.0|1.7;2026-09-04|2026-09-05|2026-09-06|2026-09-07|2026-09-08|2026-09-09
31563;BARRAGEM URUTAU;Barra do Garças;-14.989417;-52.260167;5.2;5.6;7.2;55.0;0;2026-09-06;openmeteo_ponto;openmeteo_ponto;;;0.1|0.3|5.2|0.3|6.4|0.5;2026-09-04|2026-09-05|2026-09-06|2026-09-07|2026-09-08|2026-09-09
22627;Barragem Aldeia Isibaiadzatsi;Bom Jesus do Araguaia;-11.934694;-51.790750;2.7;17.5;8.3;30.0;0;2026-09-06;openmeteo_ponto;openmeteo_ponto;;;14.8|0.0|2.7|0.1|7.9|0.3;2026-09-04|2026-09-05|2026-09-06|2026-09-07|2026-09-08|2026-09-09
31635;Barragem I - Fazenda Batista;Brasnorte;-13.111000;-58.052000;4.0;6.8;0.9;30.0;0;2026-09-06;openmeteo_ponto;openmeteo_ponto;;;1.3|1.5|4.0|0.0|0.3|0.6;2026-09-04|2026-09-05|2026-09-06|2026-09-07|2026-09-08|2026-09-09
24181;CGH Ronuro - 1;Boa Esperança do Norte;-13.634200;-54.677800;12.8;13.3;5.4;55.0;1;2026-09-06;openmeteo_ponto;openmeteo_ponto;;;0.5|0.0|12.8|4.7|0.0|0.7;2026-09-04|2026-09-05|2026-09-06|2026-09-07|2026-09-08|2026-09-09
23987;CGH Desiderio - Barragem 1;Campinápolis;-14.858300;-53.291900;3.2;3.8;10.1;30.0;0;2026-09-06;openmeteo_ponto;openmeteo_ponto;;;0.5|0.1|3.2|7.7|1.4|1.0;2026-09-04|2026-09-05|2026-09-06|2026-09-07|2026-09-08|2026-09-09
30591;Barragem na Fazenda Gera;Campo Novo do Parecis;-13.696806;-57.604472;2.0;4.4;1.0;30.0;0;2026-09-06;openmeteo_ponto;openmeteo_ponto;;;0.1|2.3|2.0|0.0|0.0|1.0;2026-09-04|2026-09-05|2026-09-06|2026-09-07|2026-09-08|2026-09-09
26448;Barragem 1 - PREFEITURA MUNICIPAL DE CAMPO VERDE;Campo Verde;-15.562556;-55.164194;0.1;0.8;12.9;30.0;0;2026-09-06;openmeteo_ponto;openmeteo_ponto;;;0.4|0.3|0.1|0.0|8.4|4.5;2026-09-04|2026-09-05|2026-09-06|2026-09-07|2026-09-08|2026-09-09
23998;CGH Masutti - MASUTTI;Campos de Júlio;-13.617800;-59.050800;6.2;13.2;0.3;55.0;0;2026-09-06;openmeteo_ponto;openmeteo_ponto;;;1.4|5.6|6.2|0.0|0.0|0.3;2026-09-04|2026-09-05|2026-09-06|2026-09-07|2026-09-08|2026-09-09
35253;BARRAGEM PRINCIPAL 1A;Canarana;-13.558667;-51.936472;5.7;6.3;21.0;55.0;0;2026-09-06;openmeteo_ponto;openmeteo_ponto;;;0.6|0.0|5.7|0.4|20.0|0.6;2026-09-04|2026-09-05|2026-09-06|2026-09-07|2026-09-08|2026-09-09
31541;Barramento principal (1A);Carlinda;-10.194556;-55.853083;11.5;34.9;3.0;55.0;2;2026-09-06;openmeteo_ponto;openmeteo_ponto;;;8.2|15.2|11.5|0.7|0.3|2.0;2026-09-04|2026-09-05|2026-09-06|2026-09-07|2026-09-08|2026-09-09
34040;CGH Oeiras - principal;Chapada dos Guimarães;-15.102500;-55.286700;0.0;0.1;14.5;30.0;0;2026-09-06;openmeteo_ponto;openmeteo_ponto;;;0.1|0.0|0.0|0.0|13.3|1.2;2026-09-04|2026-09-05|2026-09-06|2026-09-07|2026-09-08|2026-09-09
30462;BARRAGEM 01;Cláudia;-11.657780;-54.898482;0.7;4.4;4.9;30.0;0;2026-09-06;openmeteo_ponto;openmeteo_ponto;;;3.0|0.7|0.7|2.2|0.7|2.0;2026-09-04|2026-09-05|2026-09-06|2026-09-07|2026-09-08|2026-09-09
36475;Agropecuária Madeirinha ? Barramento;Colniza;-9.851111;-61.409444;4.1;13.8;3.3;30.0;0;2026-09-06;openmeteo_ponto;openmeteo_ponto;;;6.8|2.9|4.1|0.6|0.0|2.7;2026-09-04|2026-09-05|2026-09-06|2026-09-07|2026-09-08|2026-09-09
23992;CGH Margarida 2 Duplicidade  - MARGARIDA;Comodoro;-13.683900;-59.833600;9.3;24.8;3.7;55.0;0;2026-09-06;openmeteo_ponto;openmeteo_ponto;;;0.9|14.6|9.3|0.0|2.3|1.4;2026-09-04|2026-09-05|2026-09-06|2026-09-07|2026-09-08|2026-09-09
36066;Barragem I;Confresa;-10.621139;-51.585250;5.6;12.3;6.6;55.0;0;2026-09-06;openmeteo_ponto;openmeteo_ponto;;;6.7|0.0|5.6|0.2|6.1|0.3;2026-09-04|2026-09-05|2026-09-06|2026-09-07|2026-09-08|2026-09-09
34039;CGH Fazenda Dois Irmãos - Córrego Seixas - Fazenda Dois Irmãos;Conquista D'Oeste;-14.543900;-59.443300;7.0;11.3;0.8;55.0;0;2026-09-06;openmeteo_ponto;openmeteo_ponto;;;0.5|3.8|7.0|0.0|0.2|0.6;2026-09-04|2026-09-05|2026-09-06|2026-09-07|2026-09-08|2026-09-09
36515;BARRAGEM LAGOA TREVISAN;Cuiabá;-15.697194;-56.059417;7.1;7.5;2.5;55.0;0;2026-09-06;openmeteo_ponto;openmeteo_ponto;;;0.0|0.4|7.1|0.0|0.0|2.5;2026-09-04|2026-09-05|2026-09-06|2026-09-07|2026-09-08|2026-09-09
31618;Barragem Fazenda Morada do Sol;Cáceres;-16.378028;-58.151528;3.1;18.0;0.1;30.0;0;2026-09-06;openmeteo_ponto;openmeteo_ponto;;;0.2|14.7|3.1|0.0|0.0|0.1;2026-09-04|2026-09-05|2026-09-06|2026-09-07|2026-09-08|2026-09-09
36555;Barragem I ? Fazenda Machado I;Denise;-14.689194;-57.010250;7.8;7.9;1.0;55.0;0;2026-09-06;openmeteo_ponto;openmeteo_ponto;;;0.1|0.0|7.8|0.0|0.0|1.0;2026-09-04|2026-09-05|2026-09-06|2026-09-07|2026-09-08|2026-09-09
34184;CGH Agromar - BARRAMENTO 1;Diamantino;-13.964400;-56.493900;1.4;1.4;3.1;30.0;0;2026-09-06;openmeteo_ponto;openmeteo_ponto;;;0.0|0.0|1.4|0.0|0.5|2.6;2026-09-04|2026-09-05|2026-09-06|2026-09-07|2026-09-08|2026-09-09
35212;Fazenda Vitória ? Reservatório Pulmão;Dom Aquino;-15.464139;-54.809778;0.0;1.8;13.7;30.0;0;2026-09-06;openmeteo_ponto;openmeteo_ponto;;;1.1|0.7|0.0|0.0|12.7|1.0;2026-09-04|2026-09-05|2026-09-06|2026-09-07|2026-09-08|2026-09-09
34545;Barramento - Fazenda Fiorese I;Feliz Natal;-12.202861;-54.557806;0.2;1.4;2.6;30.0;0;2026-09-06;openmeteo_ponto;openmeteo_ponto;;;0.8|0.4|0.2|0.1|1.3|1.2;2026-09-04|2026-09-05|2026-09-06|2026-09-07|2026-09-08|2026-09-09
35489;Barragem Bom Jesus do Kuluene;Gaúcha do Norte;-13.347528;-53.060944;7.2;8.4;13.2;55.0;0;2026-09-06;openmeteo_ponto;openmeteo_ponto;;;0.6|0.6|7.2|6.8|6.2|0.2;2026-09-04|2026-09-05|2026-09-06|2026-09-07|2026-09-08|2026-09-09
35197;Barramento III - Fazenda Cruzeiro ? Montante II;General Carneiro;-15.586361;-53.733028;0.1;3.1;3.8;30.0;0;2026-09-06;openmeteo_ponto;openmeteo_ponto;;;2.5|0.5|0.1|0.3|1.5|2.0;2026-09-04|2026-09-05|2026-09-06|2026-09-07|2026-09-08|2026-09-09
35155;BARRAMENTO I;Guarantã do Norte;-9.765361;-54.412222;1.2;17.3;5.3;30.0;0;2026-09-06;openmeteo_ponto;openmeteo_ponto;;;16.1|0.0|1.2|3.1|0.0|2.2;2026-09-04|2026-09-05|2026-09-06|2026-09-07|2026-09-08|2026-09-09
30913;Barragem Fazenda Adriana;Guiratinga;-16.785361;-53.791111;0.6;7.2;4.8;30.0;0;2026-09-06;openmeteo_ponto;openmeteo_ponto;;;0.0|6.6|0.6|0.3|2.3|2.2;2026-09-04|2026-09-05|2026-09-06|2026-09-07|2026-09-08|2026-09-09
36574;Barramento Rancho Grande;Indiavaí;-15.211472;-58.615528;7.9;17.8;2.0;55.0;0;2026-09-06;openmeteo_ponto;openmeteo_ponto;;;1.0|8.9|7.9|0.0|0.5|1.5;2026-09-04|2026-09-05|2026-09-06|2026-09-07|2026-09-08|2026-09-09
28709;Barragem 1;Ipiranga do Norte;-11.661889;-55.912722;3.5;7.0;2.2;30.0;0;2026-09-06;openmeteo_ponto;openmeteo_ponto;;;2.7|0.8|3.5|0.0|0.2|2.0;2026-09-04|2026-09-05|2026-09-06|2026-09-07|2026-09-08|2026-09-09
34135;CGH ITAUBÁ - USINA;Itaúba;-11.022200;-55.272200;1.8;4.6;8.0;30.0;0;2026-09-06;openmeteo_ponto;openmeteo_ponto;;;2.6|0.2|1.8|5.8|0.7|1.5;2026-09-04|2026-09-05|2026-09-06|2026-09-07|2026-09-08|2026-09-09
8106;Assentamento Tio Elias;Itiquira;-17.250580;-54.311530;1.8;17.6;5.5;30.0;0;2026-09-06;openmeteo_ponto;openmeteo_ponto;;;0.1|15.7|1.8|0.0|4.5|1.0;2026-09-04|2026-09-05|2026-09-06|2026-09-07|2026-09-08|2026-09-09
